{
    "dataList": [
        {
            "id": "get_10204_1",
            "desc": "Identità Ottenuta",
            "dlg": "Will you join me… in the great task to purify the abominable filth?"
        },
        {
            "id": "lobby_morning_10204_1",
            "desc": "Saluto Mattutino",
            "dlg": "You came just in time for the sermons! Huhu, you deserve some praise."
        },
        {
            "id": "lobby_noon_10204_1",
            "desc": "Saluto Pomeridiano",
            "dlg": "Oh… Is it lunchtime outside? Keehee… Pardon, I couldn’t care less about such things."
        },
        {
            "id": "lobby_night_10204_1",
            "desc": "Saluto Serale",
            "dlg": "It is the time of purification… the hour for us to remove filth from the soil of purity."
        },
        {
            "id": "smalltalk_10204_1",
            "desc": "Chiacchere #1",
            "dlg": "You must accept the pain! You have to transcend it… Only then may you be reborn."
        },
        {
            "id": "smalltalk_10204_2",
            "desc": "Chiacchere #2",
            "dlg": "Come, follow Faust… You will be gripped by my hands… Keehee."
        },
        {
            "id": "smalltalk_10204_3",
            "desc": "Chiacchere #3",
            "dlg": "What constitutes a human is flesh, blood… and bone. All else is filth.\n…I can give that mask of yours a pass. It’s essentially a piece of clothing."
        },
        {
            "id": "smalltalk_10204_4",
            "desc": "Chiacchiere Livello Legame 1",
            "dlg": "Do you… not wash your hands when they are begrimed?\nKeekee… See now, to cleanse filth is a natural thing to do."
        },
        {
            "id": "smalltalk_10204_5",
            "desc": "Chiacchiere Livello Legame 2",
            "dlg": "The company… doesn’t always have the right answer. At times… you need to forge your own path, you know?"
        },
        {
            "id": "neglect_10204_1",
            "desc": "Inattività",
            "dlg": "You’ve been keeping Faust here with nothing to say…? Hah, forgiveness comes to you just this once."
        },
        {
            "id": "gacksung_10204_1",
            "desc": "Aumento Legame Liv. 3",
            "dlg": "Higher… Still higher! Let me advance… toward a purer body… Huhu!"
        },
        {
            "id": "formation_10204_1",
            "desc": "Schieramento in Team",
            "dlg": "With hammer in hand."
        },
        {
            "id": "battleentry_10204_1",
            "desc": "Entrata nella Sezione",
            "dlg": "This had better be worthy of Faust’s participation."
        },
        {
            "id": "battle_select_10204_1",
            "desc": "Selezione in Battaglia",
            "dlg": "Save your confession for later."
        },
        {
            "id": "battle_endcommand_10204_1",
            "desc": "Inizio Attacco",
            "dlg": "Purge!"
        },
        {
            "id": "battle_enemy_break_10204_1",
            "desc": "Nemico Vacillante",
            "dlg": "From dirt…"
        },
        {
            "id": "battle_break_10204_1",
            "desc": "Vacilla",
            "dlg": "…Goodness."
        },
        {
            "id": "battle_kill_10204_1",
            "desc": "Nemico Ucciso",
            "dlg": "…to dirt!"
        },
        {
            "id": "battle_dead_10204_1",
            "desc": "Morte",
            "dlg": "I’ve… yet to be whole…"
        },
        {
            "id": "choice_success_p_10204_2",
            "desc": "Prova Superata",
            "dlg": "Naturally!"
        },
        {
            "id": "choice_fail_n_10204_1",
            "desc": "Prova Non Superata",
            "dlg": "How could…?"
        },
        {
            "id": "battle_clear_10204_1",
            "desc": "Vittoria",
            "dlg": "Is the purification over…? Heeheh."
        },
        {
            "id": "battle_clear_ex_10204_1",
            "desc": "Condizioni Extra Soddisfatte",
            "dlg": "Toward the purest world!"
        },
        {
            "id": "battle_defeat_10204_1",
            "desc": "Sconfitta",
            "dlg": "Defeat…? This is unbelievable. Where are my hammers?"
        }
    ]
}