{
  "dataList": [
    {
      "id": "get_10203_1",
      "desc": "Identità Ottenuta",
      "dlg": "This is Faust, a pleasure to meet you."
    },
    {
      "id": "lobby_morning_10203_1",
      "desc": "Saluto Mattutino",
      "dlg": "I’d gained a habit of carefully observing my surroundings. I’ve got your current destination down, too."
    },
    {
      "id": "lobby_noon_10203_1",
      "desc": "Saluto Pomeridiano",
      "dlg": "It’s beneficial to allocate a time of the day when all of us can relax. Mental health management can be surprisingly difficult."
    },
    {
      "id": "lobby_night_10203_1",
      "desc": "Saluto Serale",
      "dlg": "I’m used to darkness. One time, I stayed alone in a cramped room with no power for 59 days."
    },
    {
      "id": "smalltalk_10203_1",
      "desc": "Chiacchere #1",
      "dlg": "My old workplace was underground. A cold artificial light was all we had."
    },
    {
      "id": "smalltalk_10203_2",
      "desc": "Chiacchere #2",
      "dlg": "While I strive to comprehend most laws and denizens of the world… Some things are simply not meant to be understood."
    },
    {
      "id": "smalltalk_10203_3",
      "desc": "Chiacchere #3",
      "dlg": "…My old job had a manager, too. Though I never had a chance to talk with them directly like I do now. This is new to me… but it isn’t bad."
    },
    {
      "id": "smalltalk_10203_4",
      "desc": "Chiacchiere Livello Legame 1",
      "dlg": "I often had to clean up the bodies of coworkers with whom I had dined the day before. Here… I don’t experience such things, at least. Yes, I’d say it’s not too bad here."
    },
    {
      "id": "smalltalk_10203_5",
      "desc": "Chiacchiere Livello Legame 2",
      "dlg": "Intolerable pain, unknowable monsters, dying colleagues… Those aren’t what I fear. Rather, it’s…"
    },
    {
      "id": "neglect_10203_1",
      "desc": "Inattività",
      "dlg": "A sudden disappearance, often seen."
    },
    {
      "id": "gacksung_10203_1",
      "desc": "Aumento Legame Liv. 3",
      "dlg": "I suppose I’ll put forth some effort one more time."
    },
    {
      "id": "formation_10203_1",
      "desc": "Schieramento in Team",
      "dlg": "I’m ready."
    },
    {
      "id": "battleentry_10203_1",
      "desc": "Entrata nella Sezione",
      "dlg": "Hopefully this goes well."
    },
    {
      "id": "battle_select_10203_1",
      "desc": "Selezione in Battaglia",
      "dlg": "What was done wrong?"
    },
    {
      "id": "battle_endcommand_10203_1",
      "desc": "Inizio Attacco",
      "dlg": "There’s no fear right now."
    },
    {
      "id": "battle_enemy_break_10203_1",
      "desc": "Nemico Vacillante",
      "dlg": "You’re up next."
    },
    {
      "id": "battle_break_10203_1",
      "desc": "Vacilla",
      "dlg": "Ah!"
    },
    {
      "id": "battle_kill_10203_1",
      "desc": "Nemico Ucciso",
      "dlg": "That wasn’t scary."
    },
    {
      "id": "battle_allydead_10203_1",
      "desc": "Morte Alleato",
      "dlg": "It’s good to have had you, at least."
    },
    {
      "id": "choice_success_p_10203_1",
      "desc": "Prova Superata",
      "dlg": "Preparation makes things easy."
    },
    {
      "id": "choice_fail_n_10203_1",
      "desc": "Prova Non Superata",
      "dlg": "I’m all too used to this."
    },
    {
      "id": "battle_clear_10203_1",
      "desc": "Vittoria",
      "dlg": "This is far from the hardest battle I’ve fought."
    },
    {
      "id": "battle_clear_ex_10203_1",
      "desc": "Condizioni Extra Soddisfatte",
      "dlg": "Faust has always been competent."
    },
    {
      "id": "battle_defeat_10203_1",
      "desc": "Sconfitta",
      "dlg": "It’s fortunate that we have another chance."
    }
  ]
}