{
  "dataList": [
    {
      "id": "get_11101_1",
      "desc": "Identità Ottenuta",
      "dlg": "My name is Outis. I hope you’ll remember it well, Executive Manager."
    },
    {
      "id": "lobby_morning_11101_1",
      "desc": "Saluto Mattutino",
      "dlg": "A fine morning, Executive Manager! Have you had your breakfast? You seem concerningly feeble; allow me to remind you that it’s important to have a balanced diet!"
    },
    {
      "id": "lobby_noon_11101_1",
      "desc": "Saluto Pomeridiano",
      "dlg": "An outstanding leader such as yourself should not be subject to the pathetic humiliation of eating all alone! I shall join you at your table!"
    },
    {
      "id": "lobby_night_11101_1",
      "desc": "Saluto Serale",
      "dlg": "I advise you to sleep early in order to take on tomorrow’s tasks in good shape."
    },
    {
      "id": "smalltalk_11101_1",
      "desc": "Chiacchere #1",
      "dlg": "While I am busy, I am fully willing to pause all my ongoing tasks if you summon me."
    },
    {
      "id": "smalltalk_11101_2",
      "desc": "Chiacchere #2",
      "dlg": "How much are you ready to sacrifice for victory, Executive Manager? How much of yourself are you willing to let go if it means you can win…?"
    },
    {
      "id": "smalltalk_11101_3",
      "desc": "Chiacchere #3",
      "dlg": "The absurdity of having to carry out missions with rookies who haven’t even set foot on a real battlefield… Ah, I am most definitely not referring to you, Executive Manager."
    },
    {
      "id": "neglect_11101_1",
      "desc": "Inattività",
      "dlg": "Executive Manager? It’s dangerous to go out alone, especially for someone who is as incapable of combat as you are!"
    },
    {
      "id": "formation_11101_1",
      "desc": "Schieramento in Team",
      "dlg": "I will make a sortie right away."
    },
    {
      "id": "battleentry_11101_1",
      "desc": "Entrata nella Sezione",
      "dlg": "Outis, joining the battle."
    },
    {
      "id": "battle_select_11101_1",
      "desc": "Selezione in Battaglia",
      "dlg": "Do you have any business with me, Executive Manager?"
    },
    {
      "id": "battle_endcommand_11101_1",
      "desc": "Inizio Attacco",
      "dlg": "As you order."
    },
    {
      "id": "battle_enemy_break_11101_1",
      "desc": "Nemico Vacillante",
      "dlg": "The plan is going smoothly."
    },
    {
      "id": "battle_break_11101_1",
      "desc": "Vacilla",
      "dlg": "Ugh!"
    },
    {
      "id": "battle_kill_11101_1",
      "desc": "Nemico Ucciso",
      "dlg": "A sound strategy."
    },
    {
      "id": "battle_allydead_11101_1",
      "desc": "Morte Alleato",
      "dlg": "Rookies."
    },
    {
      "id": "choice_success_p_11101_1",
      "desc": "Prova Superata",
      "dlg": "This victory can only be attributed to your excellent planning."
    },
    {
      "id": "choice_fail_n_11101_1",
      "desc": "Prova Non Superata",
      "dlg": "The fault is mine…"
    },
    {
      "id": "battle_clear_11101_1",
      "desc": "Vittoria",
      "dlg": "Splendid as always, Executive Manager!"
    },
    {
      "id": "battle_clear_ex_11101_1",
      "desc": "Condizioni Extra Soddisfatte",
      "dlg": "This was 99% your brilliant leadership and 1% my competence!"
    },
    {
      "id": "battle_defeat_11101_1",
      "desc": "Sconfitta",
      "dlg": "In any case, it’s neither of our faults, Executive Manager."
    }
  ]
}