{
    "dataList": [
        {
            "id": "get_11206_1",
            "desc": "Identità Ottenuta",
            "dlg": "Ah! Hey, our client buddy, pal... Any chance I could borrow a light?"
        },
        {
            "id": "lobby_morning_11206_1",
            "desc": "Saluto Mattutino",
            "dlg": "Whew, you're an early riser. Don't stray too far, eh? Make it a little easier for your bodyguard to tag along."
        },
        {
            "id": "lobby_noon_11206_1",
            "desc": "Saluto Pomeridiano",
            "dlg": "'Scuse me, client fella? Can we at least get something to eat? I can't fight on an empty stomach..."
        },
        {
            "id": "lobby_night_11206_1",
            "desc": "Saluto Serale",
            "dlg": "It gets dark at night, so let's watch our steps... If anything happens, just stick to my side. Got it?"
        },
        {
            "id": "smalltalk_11206_1",
            "desc": "Chiacchere #1",
            "dlg": "I don't look very vigilant? Come on, you should know that the best bodyguards are the least obvious ones."
        },
        {
            "id": "smalltalk_11206_2",
            "desc": "Chiacchere #2",
            "dlg": "Oh, the glove? Heh, don't want to show all my cards just yet, wouldn't you agree?"
        },
        {
            "id": "smalltalk_11206_3",
            "desc": "Chiacchere #3",
            "dlg": "Let's take a smoke break here before moving on. Damn, aren't I lucky to have a client who smokes? Gives me time for a cig."
        },
        {
            "id": "smalltalk_11206_4",
            "desc": "Chiacchiere Livello Legame 1",
            "dlg": "Heh~ Right, right. Stick close!"
        },
        {
            "id": "smalltalk_11206_5",
            "desc": "Chiacchiere Livello Legame 2",
            "dlg": "What'd I say? Thought they'd send some greenhorn to protect you?\nI'm not in Section 4 for nothing, yeah?"
        },
        {
            "id": "neglect_11206_1",
            "desc": "Inattività",
            "dlg": "Hmm hmm, time for a smoke break... Oh, right. I'm out of lighter fluid..."
        },
        {
            "id": "gacksung_11206_1",
            "desc": "Aumento Legame Liv. 3",
            "dlg": "My time to shine, huh? Let me be your shield!"
        },
        {
            "id": "formation_11206_1",
            "desc": "Schieramento in Team",
            "dlg": "Uh huh. On my way."
        },
        {
            "id": "battleentry_11206_1",
            "desc": "Entrata nella Sezione",
            "dlg": "Puff... Slow down, will ya?"
        },
        {
            "id": "battle_select_11206_1",
            "desc": "Selezione in Battaglia",
            "dlg": "Yeah, what's up?"
        },
        {
            "id": "battle_endcommand_11206_1",
            "desc": "Inizio Attacco",
            "dlg": "Get behind me!"
        },
        {
            "id": "battle_enemy_break_11206_1",
            "desc": "Nemico Vacillante",
            "dlg": "Oof, did it hurt that much?"
        },
        {
            "id": "battle_break_11206_1",
            "desc": "Vacilla",
            "dlg": "Ugh..."
        },
        {
            "id": "battle_kill_11206_1",
            "desc": "Nemico Ucciso",
            "dlg": "Threat neutralized!"
        },
        {
            "id": "battle_dead_11206_1",
            "desc": "Morte",
            "dlg": "Haah... Sorry about that... Client fella..."
        },
        {
            "id": "choice_success_p_11206_2",
            "desc": "Prova Superata",
            "dlg": "How do you like that?"
        },
        {
            "id": "choice_fail_n_11206_1",
            "desc": "Prova Non Superata",
            "dlg": "Darn... Well, things don't always work out, I guess."
        },
        {
            "id": "battle_clear_11206_1",
            "desc": "Vittoria",
            "dlg": "Contract fulfilled. See? It wasn't anything to worry about."
        },
        {
            "id": "battle_clear_ex_11206_1",
            "desc": "Condizioni Extra Soddisfatte",
            "dlg": "The best defense is always offense... Ha, ever heard of offensive shield-use?"
        },
        {
            "id": "battle_defeat_11206_1",
            "desc": "Sconfitta",
            "dlg": "Tsk... Mission failed, damn... Looks like I'll be forced to quit smoking for a while."
        }
    ]
}