{
  "dataList": [
    {
      "id": "get_10303_1",
      "desc": "Identità Ottenuta",
      "dlg": "Hurrah, justice hath arrived! I shall drive all villains into equal demise!"
    },
    {
      "id": "lobby_morning_10303_1",
      "desc": "Saluto Mattutino",
      "dlg": "Shh, quiet, Nobile Manager. I was practicing mine ambush maneuvers. Could you hear my footsteps?"
    },
    {
      "id": "lobby_noon_10303_1",
      "desc": "Saluto Pomeridiano",
      "dlg": "You see, Nobile Manager, I aspire to persevere through the storms cast by the world. It ought to be worth the turmoil, as there are more stars in the sky than bare eyes can see."
    },
    {
      "id": "lobby_night_10303_1",
      "desc": "Saluto Serale",
      "dlg": "I feel the passion from mine youth rekindle when I gaze upon the bright moon."
    },
    {
      "id": "smalltalk_10303_1",
      "desc": "Chiacchere #1",
      "dlg": "Perhaps villains are closer to us than one might have thought. Ah, ‘tis but meaningless rambles. Forget that I spoke."
    },
    {
      "id": "smalltalk_10303_2",
      "desc": "Chiacchere #2",
      "dlg": "It did take me tremendous pains to learn to strike one’s foe with nary a sound."
    },
    {
      "id": "smalltalk_10303_3",
      "desc": "Chiacchere #3",
      "dlg": "Hm? I appear fraught with gloom to the eyes? Surely, you are mistaken. I was merely lost in contemplation."
    },
    {
      "id": "smalltalk_10303_4",
      "desc": "Chiacchiere Livello Legame 1",
      "dlg": "Nobile Manager, I thought that all men fought righteous battles in the name of justice as I do. All this complication of political intricacies and derived factions… They’re beyond my grasp…"
    },
    {
      "id": "smalltalk_10303_5",
      "desc": "Chiacchiere Livello Legame 2",
      "dlg": "The task of middle management… is truly an arduous one, especially for the mind… Have you endured this struggle as well, Nobile Manager?"
    },
    {
      "id": "neglect_10303_1",
      "desc": "Inattività",
      "dlg": "Have you hidden yourself among the shadows?"
    },
    {
      "id": "gacksung_10303_1",
      "desc": "Aumento Legame Liv. 3",
      "dlg": "I… shall exert greater efforts! Watch me, Nobile Manager!"
    },
    {
      "id": "formation_10303_1",
      "desc": "Schieramento in Team",
      "dlg": "I shall pursue yon evildoers!"
    },
    {
      "id": "battleentry_10303_1",
      "desc": "Entrata nella Sezione",
      "dlg": "What vile deeds have those villains done?"
    },
    {
      "id": "battle_select_10303_1",
      "desc": "Selezione in Battaglia",
      "dlg": "I was preparing a surprise attack—you were able to detect me?"
    },
    {
      "id": "battle_endcommand_10303_1",
      "desc": "Inizio Attacco",
      "dlg": "Let us vanquish these evildoers!"
    },
    {
      "id": "battle_enemy_break_10303_1",
      "desc": "Nemico Vacillante",
      "dlg": "You shan’t be let a moment of clarity!"
    },
    {
      "id": "battle_break_10303_1",
      "desc": "Vacilla",
      "dlg": "Ack…"
    },
    {
      "id": "battle_kill_10303_1",
      "desc": "Nemico Ucciso",
      "dlg": "I slew them!"
    },
    {
      "id": "battle_allydead_10303_1",
      "desc": "Morte Alleato",
      "dlg": "I shall avenge thee and vanquish that villain!"
    },
    {
      "id": "choice_success_p_10303_1",
      "desc": "Prova Superata",
      "dlg": "My justice bore fruit!"
    },
    {
      "id": "choice_fail_n_10303_1",
      "desc": "Prova Non Superata",
      "dlg": "Nay, I shan’t submit!"
    },
    {
      "id": "battle_clear_10303_1",
      "desc": "Vittoria",
      "dlg": "Justice shall flourish under the moonlight!"
    },
    {
      "id": "battle_clear_ex_10303_1",
      "desc": "Condizioni Extra Soddisfatte",
      "dlg": "On the darkest night, the brightest star is born! Now is one such moment!"
    },
    {
      "id": "battle_defeat_10303_1",
      "desc": "Sconfitta",
      "dlg": "I am certain no longer. The moon wanes. Is there hope of justice’s fulfillment?"
    }
  ]
}