{
  "dataList": [
    {
      "id": "get_10301_1",
      "desc": "Identità Ottenuta",
      "dlg": "Hath my time come? I am Don Quixote!"
    },
    {
      "id": "lobby_morning_10301_1",
      "desc": "Saluto Mattutino",
      "dlg": "Yaaawn… You must be one diligent laborer, Nobile Manager. How on earth do you manage to rouse yourself at this hour…?"
    },
    {
      "id": "lobby_noon_10301_1",
      "desc": "Saluto Pomeridiano",
      "dlg": "What plans doth you have for a luncheon today? I, for one, eagerly anticipate Señorita Rodya’s choice of “fancy diner”."
    },
    {
      "id": "lobby_night_10301_1",
      "desc": "Saluto Serale",
      "dlg": "The stars shine bright tonight. Doth you see them as well, Nobile Manager?"
    },
    {
      "id": "smalltalk_10301_1",
      "desc": "Chiacchere #1",
      "dlg": "Nobile Manager, would you lend an eye to these? ‘Tis my trove of treasures, hehe… Some are limited editions which I fought valiantly to lay claim upon!"
    },
    {
      "id": "smalltalk_10301_2",
      "desc": "Chiacchere #2",
      "dlg": "My, cast your gaze upon those Fixers, sprinting forth to bring about justice! Dazzling, are they not?"
    },
    {
      "id": "smalltalk_10301_3",
      "desc": "Chiacchere #3",
      "dlg": "Pray tell, what Fixer is your favorite, Nobile Manager? Would you fancy a pin in their celebration to decorate your attire?"
    },
    {
      "id": "neglect_10301_1",
      "desc": "Inattività",
      "dlg": "Nobile Manager!!!!! To where in the world hast thou disappeared!!!!!!!!!!!"
    },
    {
      "id": "formation_10301_1",
      "desc": "Schieramento in Team",
      "dlg": "Onward, Rocinante!"
    },
    {
      "id": "battleentry_10301_1",
      "desc": "Entrata nella Sezione",
      "dlg": "‘Tis my time to shine!"
    },
    {
      "id": "battle_select_10301_1",
      "desc": "Selezione in Battaglia",
      "dlg": "Thine eyes were upon me!"
    },
    {
      "id": "battle_endcommand_10301_1",
      "desc": "Inizio Attacco",
      "dlg": "To arms!"
    },
    {
      "id": "battle_enemy_break_10301_1",
      "desc": "Nemico Vacillante",
      "dlg": "Just as I foresaw!"
    },
    {
      "id": "battle_break_10301_1",
      "desc": "Vacilla",
      "dlg": "Ay!"
    },
    {
      "id": "battle_kill_10301_1",
      "desc": "Nemico Ucciso",
      "dlg": "A triumph!"
    },
    {
      "id": "battle_allydead_10301_1",
      "desc": "Morte Alleato",
      "dlg": "Nobile Manager, I am counting on you to regain our ground!"
    },
    {
      "id": "choice_success_p_10301_1",
      "desc": "Prova Superata",
      "dlg": "I shan’t bask in glory! I know history will remember this deed, after all!"
    },
    {
      "id": "choice_fail_n_10301_1",
      "desc": "Prova Non Superata",
      "dlg": "A true hero must needs be able to overcome hardship. We shall sally forth once more next time!"
    },
    {
      "id": "battle_clear_10301_1",
      "desc": "Vittoria",
      "dlg": "Insooth! Justice always prevails!"
    },
    {
      "id": "battle_clear_ex_10301_1",
      "desc": "Condizioni Extra Soddisfatte",
      "dlg": "I knew a great Fixer slumbered within me!!!! Mwahahahaha!!!!"
    },
    {
      "id": "battle_defeat_10301_1",
      "desc": "Sconfitta",
      "dlg": "Keugh… They shall… pay… for this…"
    }
  ]
}