{
    "dataList": [
        {
            "id": "get_10705_1",
            "desc": "Identità Ottenuta",
            "dlg": "...Go away. Don't bother poking at me."
        },
        {
            "id": "lobby_morning_10705_1",
            "desc": "Saluto Mattutino",
            "dlg": "I can't tell what time it is if the sun doesn't get in... Oi, is it morning now?"
        },
        {
            "id": "lobby_noon_10705_1",
            "desc": "Saluto Pomeridiano",
            "dlg": "When I wake up after falling asleep in these clothes... I find myself in garbage-filled alleyways like here. It's a place that's just like me."
        },
        {
            "id": "lobby_night_10705_1",
            "desc": "Saluto Serale",
            "dlg": "You'd better sleep early. If it gets too late... it sometimes becomes too cold to fall asleep."
        },
        {
            "id": "smalltalk_10705_1",
            "desc": "Chiacchere #1",
            "dlg": "Don't loiter before my eyes like that, you're being a nuisance... I can beat you down with this old umbrella."
        },
        {
            "id": "smalltalk_10705_2",
            "desc": "Chiacchere #2",
            "dlg": "...Name? Didn't give one. It might leave my side whenever.\n...Don't give me that glance."
        },
        {
            "id": "smalltalk_10705_3",
            "desc": "Chiacchere #3",
            "dlg": "Plenty of dark corners in the Backstreets... This one lets me relax the most.\nNo one walks by, and no one gives me attention."
        },
        {
            "id": "smalltalk_10705_4",
            "desc": "Chiacchiere Livello Legame 1",
            "dlg": "Don't act all cocky. I'll destroy every technology in the world with my hands.\n...If you get in my way, I'll stab you then and there."
        },
        {
            "id": "smalltalk_10705_5",
            "desc": "Chiacchiere Livello Legame 2",
            "dlg": "Umbrellas are handy...\nI'm not expecting anything from you. Just… go on and try it. I’ll show you how much it hurts to have ragged broken ribs from a dumped umbrella jammed in you."
        },
        {
            "id": "neglect_10705_1",
            "desc": "Inattività",
            "dlg": "Hmph. Done playing around with me?"
        },
        {
            "id": "gacksung_10705_1",
            "desc": "Aumento Legame Liv. 3",
            "dlg": "Go on and pretend to be nice all you want... I'll stay wary and suspicious of you until all technology is liberated."
        },
        {
            "id": "formation_10705_1",
            "desc": "Schieramento in Team",
            "dlg": "...For a free world."
        },
        {
            "id": "battleentry_10705_1",
            "desc": "Entrata nella Sezione",
            "dlg": "I'll crush 'em alright."
        },
        {
            "id": "battle_select_10705_1",
            "desc": "Selezione in Battaglia",
            "dlg": "...What?"
        },
        {
            "id": "battle_endcommand_10705_1",
            "desc": "Inizio Attacco",
            "dlg": "I'll beat you to a pulp."
        },
        {
            "id": "battle_enemy_break_10705_1",
            "desc": "Nemico Vacillante",
            "dlg": "Haha, look at 'em slip."
        },
        {
            "id": "battle_break_10705_1",
            "desc": "Vacilla",
            "dlg": "Dammit!"
        },
        {
            "id": "battle_kill_10705_1",
            "desc": "Nemico Ucciso",
            "dlg": "All messed up, eh."
        },
        {
            "id": "battle_dead_10705_1",
            "desc": "Morte",
            "dlg": "Not yet... I've still got things to do..."
        },
        {
            "id": "choice_success_p_10705_2",
            "desc": "Prova Superata",
            "dlg": "Well, it was simple, eh?"
        },
        {
            "id": "choice_fail_n_10705_1",
            "desc": "Prova Non Superata",
            "dlg": "I didn't do that on purpose. You know that, right?"
        },
        {
            "id": "battle_clear_10705_1",
            "desc": "Vittoria",
            "dlg": "For the abandoned..."
        },
        {
            "id": "battle_clear_ex_10705_1",
            "desc": "Condizioni Extra Soddisfatte",
            "dlg": "Haah~ I tried a bit harder."
        },
        {
            "id": "battle_defeat_10705_1",
            "desc": "Sconfitta",
            "dlg": "Tch... Failed again. You gonna throw me away?"
        }
    ]
}