{
    "dataList": [
        {
            "id": "get_10605_1",
            "desc": "Identità Ottenuta",
            "dlg": "Hmm... So I need to excise everyone in sight, right?"
        },
        {
            "id": "lobby_morning_10605_1",
            "desc": "Saluto Mattutino",
            "dlg": "It's hard to tell if it's day or night outside. Other than times when excision is needed... I always stay here."
        },
        {
            "id": "lobby_noon_10605_1",
            "desc": "Saluto Pomeridiano",
            "dlg": "I see... So it's daytime right now? That brings back memories. I used to lazily drink this at this time of the day."
        },
        {
            "id": "lobby_night_10605_1",
            "desc": "Saluto Serale",
            "dlg": "Ah, I was aware that it's nighttime. The staff working the night shift paid a visit just now."
        },
        {
            "id": "smalltalk_10605_1",
            "desc": "Chiacchere #1",
            "dlg": "Outside of situations where we're needed... We Class 3 Excision staff members have to make sure our bodies are suitable for the type and concentration of the HP ampule to be administered."
        },
        {
            "id": "smalltalk_10605_2",
            "desc": "Chiacchere #2",
            "dlg": "Regeneration ampules are such a convenient invention... Like this, they can be used to keep us healthy and fix any wound~ And the concentration can be changed to induce decay in our foes."
        },
        {
            "id": "smalltalk_10605_3",
            "desc": "Chiacchere #3",
            "dlg": "Ah... I don't like fighting against machines. The blade on my weapon only reacts to organic tissues, so it doesn't work that well on steel~"
        },
        {
            "id": "smalltalk_10605_4",
            "desc": "Chiacchiere Livello Legame 1",
            "dlg": "Are you wondering how I ended up in this job? Haah~ It feels like ages ago...\nI think my grandmother sent me here, telling me to work here from now on. Well, what other reason could there be?"
        },
        {
            "id": "smalltalk_10605_5",
            "desc": "Chiacchiere Livello Legame 2",
            "dlg": "Here's a secret... Truth is, one of the higher-ups here is acquainted with my family!\nHuhu, is that what they call nepotism, I wonder?"
        },
        {
            "id": "neglect_10605_1",
            "desc": "Inattività",
            "dlg": "You won't talk with me any longer? What a shame~"
        },
        {
            "id": "gacksung_10605_1",
            "desc": "Aumento Legame Liv. 3",
            "dlg": "Is it a... deployment order? You'll be calling me more often in the future? That's wonderful~ I've been terribly bored."
        },
        {
            "id": "formation_10605_1",
            "desc": "Schieramento in Team",
            "dlg": "I'm ready anytime."
        },
        {
            "id": "battleentry_10605_1",
            "desc": "Entrata nella Sezione",
            "dlg": "Going in."
        },
        {
            "id": "battle_select_10605_1",
            "desc": "Selezione in Battaglia",
            "dlg": "I'm busy right now~ But I'll make time to hear what you say."
        },
        {
            "id": "battle_endcommand_10605_1",
            "desc": "Inizio Attacco",
            "dlg": "Excising now."
        },
        {
            "id": "battle_enemy_break_10605_1",
            "desc": "Nemico Vacillante",
            "dlg": "That'll be hard to recover from."
        },
        {
            "id": "battle_break_10605_1",
            "desc": "Vacilla",
            "dlg": "Oh dear."
        },
        {
            "id": "battle_kill_10605_1",
            "desc": "Nemico Ucciso",
            "dlg": "Melted into a puddle, have you?"
        },
        {
            "id": "battle_dead_10605_1",
            "desc": "Morte",
            "dlg": "Oh my... Have I... overdosed... on the ampule...?"
        },
        {
            "id": "choice_success_p_10605_2",
            "desc": "Prova Superata",
            "dlg": "Huhu, it took no time at all."
        },
        {
            "id": "choice_fail_n_10605_1",
            "desc": "Prova Non Superata",
            "dlg": "Mm... It's not like this is what excision staff usually does, yes?"
        },
        {
            "id": "battle_clear_10605_1",
            "desc": "Vittoria",
            "dlg": "Haah~ It was nice to breathe fresh air for the first time in a while."
        },
        {
            "id": "battle_clear_ex_10605_1",
            "desc": "Condizioni Extra Soddisfatte",
            "dlg": "Huhu, that was excellent if I say so myself. Can I have a little free time before we return?"
        },
        {
            "id": "battle_defeat_10605_1",
            "desc": "Sconfitta",
            "dlg": "Oh dear... I suppose we should've called reinforcements."
        }
    ]
}