{
    "dataList": [
        {
            "id": "get_10209_1",
            "desc": "Identità Ottenuta",
            "dlg": "Excuse me. Here is a cup of afternoon tea, courtesy of this house.\nPlease, enjoy your time here."
        },
        {
            "id": "lobby_morning_10209_1",
            "desc": "Saluto Mattutino",
            "dlg": "We have prepared a simple spread of custard and a glass of wine for your breakfast. Please relax and enjoy; a cup of black tea will be provided after this meal."
        },
        {
            "id": "lobby_noon_10209_1",
            "desc": "Saluto Pomeridiano",
            "dlg": "This manor rarely gets any sunlight. Fuel has been added to the wood stove as per Chief Butler Outis' orders. Warm yourself by the flame, if you will."
        },
        {
            "id": "lobby_night_10209_1",
            "desc": "Saluto Serale",
            "dlg": "A warm, thick duck-down bedding has been prepared in anticipation of the cold. Please have a restful night.\nWe must depart to join a meeting regarding a hunt."
        },
        {
            "id": "smalltalk_10209_1",
            "desc": "Chiacchere #1",
            "dlg": "Chief Butler Outis converses day and night with the Mistress in our stead. Some nights, her communication with the mistress lasts until sunrise."
        },
        {
            "id": "smalltalk_10209_2",
            "desc": "Chiacchere #2",
            "dlg": "You may hear some... commotion coming from the basement. The Butlers are training in preparation for the hunt; please do not allow the sounds of clashing metal to worry your mind."
        },
        {
            "id": "smalltalk_10209_3",
            "desc": "Chiacchere #3",
            "dlg": "This tea is prepared using leaves delivered to this location by the Devyat' Association, which are then infused directly without being broken. It would be no hyperbole to say that this tea variety represents the utmost excellence of Wuthering Heights that has been passed down through the generations."
        },
        {
            "id": "smalltalk_10209_4",
            "desc": "Chiacchiere Livello Legame 1",
            "dlg": "Ah, has the noise disturbed you? Our sincere apologies. An uninvited guest had appeared on the premises... and it took the Butlers quite the effort to persuade them to leave the premises.\nPlease, do understand."
        },
        {
            "id": "smalltalk_10209_5",
            "desc": "Chiacchiere Livello Legame 2",
            "dlg": "Naturally, any and all damages or stains incurred in response to the uninvited guests will be taken care of by the excellent cleaning-expert Butlers of this manor.\nThere is no need for the Master to worry; it will all be returned to as it was before."
        },
        {
            "id": "neglect_10209_1",
            "desc": "Inattività",
            "dlg": "... If my presence disturbs your deliberation, then the room will be vacated for your sole use."
        },
        {
            "id": "gacksung_10209_1",
            "desc": "Aumento Legame Liv. 3",
            "dlg": "... Come this way, dear guests. For any and all uninvited guests, though we sincerely apologize for this impudence, we must ask you to immediately vacate the premises."
        },
        {
            "id": "formation_10209_1",
            "desc": "Schieramento in Team",
            "dlg": "Always ready to be summoned."
        },
        {
            "id": "battleentry_10209_1",
            "desc": "Entrata nella Sezione",
            "dlg": "Faust will receive the guests."
        },
        {
            "id": "battle_select_10209_1",
            "desc": "Selezione in Battaglia",
            "dlg": "Is something not to your liking?"
        },
        {
            "id": "battle_endcommand_10209_1",
            "desc": "Inizio Attacco",
            "dlg": "... This way, please."
        },
        {
            "id": "battle_enemy_break_10209_1",
            "desc": "Nemico Vacillante",
            "dlg": "How ill-mannered."
        },
        {
            "id": "battle_break_10209_1",
            "desc": "Vacilla",
            "dlg": "Hup..."
        },
        {
            "id": "battle_kill_10209_1",
            "desc": "Nemico Ucciso",
            "dlg": "Please vacate the premises. Immediately."
        },
        {
            "id": "battle_dead_10209_1",
            "desc": "Morte",
            "dlg": "My deepest apologies, Lady Outis, Mistress. I have failed to complete my... duties..."
        },
        {
            "id": "choice_success_p_10209_2",
            "desc": "Prova Superata",
            "dlg": "Effortless."
        },
        {
            "id": "choice_fail_n_10209_1",
            "desc": "Prova Non Superata",
            "dlg": "These deficiencies were unexpected..."
        },
        {
            "id": "battle_clear_10209_1",
            "desc": "Vittoria",
            "dlg": "The uninvited guests have been properly taken care of. A few possible points of failure for the hunt have been identified. They will be addressed."
        },
        {
            "id": "battle_clear_ex_10209_1",
            "desc": "Condizioni Extra Soddisfatte",
            "dlg": "A perfect response. Let this success inspire us to lead the Chief Butler's hunt to victory."
        },
        {
            "id": "battle_defeat_10209_1",
            "desc": "Sconfitta",
            "dlg": "My most sincere apologies; our response was far from acceptable. ... I shall try my utmost to not disappoint you."
        }
    ]
}
