{
  "dataList": [
    {
      "id": "get_10503_1",
      "desc": "Identità Ottenuta",
      "dlg": "Tell me your destination, and I’ll guide you there."
    },
    {
      "id": "lobby_morning_10503_1",
      "desc": "Saluto Mattutino",
      "dlg": "There are many things I fail to comprehend, and those who are late to work are one of them. I believe timely arrival is a basic requirement for an employee to meet."
    },
    {
      "id": "lobby_noon_10503_1",
      "desc": "Saluto Pomeridiano",
      "dlg": "I often expose myself to sunlight at this hour. It may be attributed to the fact that the nature of my occupation prevented me from seeing it frequently."
    },
    {
      "id": "lobby_night_10503_1",
      "desc": "Saluto Serale",
      "dlg": "Few people enjoy conversing with me. That would make you a strange one, Manager."
    },
    {
      "id": "smalltalk_10503_1",
      "desc": "Chiacchere #1",
      "dlg": "I am familiar with dead bodies. Familiarity does not assure pleasantness, however."
    },
    {
      "id": "smalltalk_10503_2",
      "desc": "Chiacchere #2",
      "dlg": "Don Quixote says she is proud to have joined W Corp. I found that rather curious."
    },
    {
      "id": "smalltalk_10503_3",
      "desc": "Chiacchere #3",
      "dlg": "If you’re ever taking a WARP train, you may let me know, Manager. I will personally pick up your pieces."
    },
    {
      "id": "smalltalk_10503_4",
      "desc": "Chiacchiere Livello Legame 1",
      "dlg": "If it is actually that important to empathize with others… they should have stated as much in the company guidelines."
    },
    {
      "id": "smalltalk_10503_5",
      "desc": "Chiacchiere Livello Legame 2",
      "dlg": "W Corp. saw particularly many resignations. The quitting employees always had copious amounts of tears and saliva about their faces. I did not make an active effort to comprehend their behavior."
    },
    {
      "id": "neglect_10503_1",
      "desc": "Inattività",
      "dlg": "Do make sure to return in time."
    },
    {
      "id": "gacksung_10503_1",
      "desc": "Aumento Legame Liv. 3",
      "dlg": "Promotions… That, I am used to."
    },
    {
      "id": "formation_10503_1",
      "desc": "Schieramento in Team",
      "dlg": "Understood, I’ll get you to your destination."
    },
    {
      "id": "battleentry_10503_1",
      "desc": "Entrata nella Sezione",
      "dlg": "Onto our destination."
    },
    {
      "id": "battle_select_10503_1",
      "desc": "Selezione in Battaglia",
      "dlg": "You are certainly a peculiar individual."
    },
    {
      "id": "battle_endcommand_10503_1",
      "desc": "Inizio Attacco",
      "dlg": "Removing obstacles."
    },
    {
      "id": "battle_enemy_break_10503_1",
      "desc": "Nemico Vacillante",
      "dlg": "I am not particularly amused."
    },
    {
      "id": "battle_break_10503_1",
      "desc": "Vacilla",
      "dlg": "Hmpfh!"
    },
    {
      "id": "battle_kill_10503_1",
      "desc": "Nemico Ucciso",
      "dlg": "I won’t have to collect these remains."
    },
    {
      "id": "battle_allydead_10503_1",
      "desc": "Morte Alleato",
      "dlg": "I’ll collect their remains later."
    },
    {
      "id": "choice_success_p_10503_2",
      "desc": "Prova Superata",
      "dlg": "I merely followed the procedures."
    },
    {
      "id": "choice_fail_n_10503_1",
      "desc": "Prova Non Superata",
      "dlg": "This was not in the procedures."
    },
    {
      "id": "battle_clear_10503_1",
      "desc": "Vittoria",
      "dlg": "The corpses here are more durable than what I work with."
    },
    {
      "id": "battle_clear_ex_10503_1",
      "desc": "Condizioni Extra Soddisfatte",
      "dlg": "All of them have been segmented into adequate pieces."
    },
    {
      "id": "battle_defeat_10503_1",
      "desc": "Sconfitta",
      "dlg": "It’s a necessary step for familiarization."
    }
  ]
}