{
  "dataList": [
    {
      "id": "get_11204_1",
      "desc": "Identità Ottenuta",
      "dlg": "Got some good meat for me…?"
    },
    {
      "id": "lobby_morning_11204_1",
      "desc": "Saluto Mattutino",
      "dlg": "Shop’s not open in the morn. …It’s when I bag ingredients."
    },
    {
      "id": "lobby_noon_11204_1",
      "desc": "Saluto Pomeridiano",
      "dlg": "Ryōshū’s in the back of the shop. …Y’don’t wanna poke your head in there. Might be you that’s minced on the board, you dig?"
    },
    {
      "id": "lobby_night_11204_1",
      "desc": "Saluto Serale",
      "dlg": "…Don’t loiter in the front at this hour. Almost thought you to be a potential ingredient…"
    },
    {
      "id": "smalltalk_11204_1",
      "desc": "Chiacchere #1",
      "dlg": "Fresh ones are hard to find…"
    },
    {
      "id": "smalltalk_11204_2",
      "desc": "Chiacchere #2",
      "dlg": "Really now, you haven’t tried our pies…? Customers can’t get enough of ‘em… Haha."
    },
    {
      "id": "smalltalk_11204_3",
      "desc": "Chiacchere #3",
      "dlg": "I should keep the cigs outta my mouth when I’m cooking…? There’s no spice like it to add a zing, so what’re you on about…?"
    },
    {
      "id": "smalltalk_11204_4",
      "desc": "Chiacchiere Livello Legame 1",
      "dlg": "Pasty hand pies… I sure miss ‘em. Just doesn’t taste the same if it’s not made from our usual suppliers’ produce…"
    },
    {
      "id": "smalltalk_11204_5",
      "desc": "Chiacchiere Livello Legame 2",
      "dlg": "Gotta know when to compromise, too… Girl’s too stubborn about her “art of delicacy”, always blaming the ingredients."
    },
    {
      "id": "neglect_11204_1",
      "desc": "Inattività",
      "dlg": "Mmgh… Mechanical arm’s sore again… What happened to my old arm, you ask? Well, whaddya think? Just where could a fresh and juicy limb go around these parts?"
    },
    {
      "id": "gacksung_11204_1",
      "desc": "Aumento Legame Liv. 3",
      "dlg": "Me…? Ha, guess you do know who the real chef is here, huh…?"
    },
    {
      "id": "formation_11204_1",
      "desc": "Schieramento in Team",
      "dlg": "Off to search for a new provider, are we?"
    },
    {
      "id": "battleentry_11204_1",
      "desc": "Entrata nella Sezione",
      "dlg": "Hope there’s fresh finds."
    },
    {
      "id": "battle_select_11204_1",
      "desc": "Selezione in Battaglia",
      "dlg": "Yeesh, ya startled me! I almost swung at you."
    },
    {
      "id": "battle_endcommand_11204_1",
      "desc": "Inizio Attacco",
      "dlg": "Time to slice ‘n dice!"
    },
    {
      "id": "battle_enemy_break_11204_1",
      "desc": "Nemico Vacillante",
      "dlg": "A cut goes here~ A chop goes there~"
    },
    {
      "id": "battle_break_11204_1",
      "desc": "Vacilla",
      "dlg": "Uh…"
    },
    {
      "id": "battle_kill_11204_1",
      "desc": "Nemico Ucciso",
      "dlg": "Whew! All diced up~"
    },
    {
      "id": "battle_dead_11204_1",
      "desc": "Morte",
      "dlg": "Ah… Shoot…"
    },
    {
      "id": "choice_success_p_11204_1",
      "desc": "Prova Superata",
      "dlg": "This one, right?"
    },
    {
      "id": "choice_fail_n_11204_1",
      "desc": "Prova Non Superata",
      "dlg": "Mmh… Was that part spoiled?"
    },
    {
      "id": "battle_clear_11204_1",
      "desc": "Vittoria",
      "dlg": "Not a bad haul by any means."
    },
    {
      "id": "battle_clear_ex_11204_1",
      "desc": "Condizioni Extra Soddisfatte",
      "dlg": "Phew… Was that a bit too much? This’ll take a while to lug back…"
    },
    {
      "id": "battle_defeat_11204_1",
      "desc": "Sconfitta",
      "dlg": "Ugh… Bet it was bad meat anyway."
    }
  ]
}