{
  "dataList": [
    {
      "id": "get_10902_1",
      "desc": "Identità Ottenuta",
      "dlg": "I’m here to split things apart. Be it people, flowing water, drifting clouds, or a beating heart."
    },
    {
      "id": "lobby_morning_10902_1",
      "desc": "Saluto Mattutino",
      "dlg": "My day starts at night~ In other words… Don’t wake me up at this hour."
    },
    {
      "id": "lobby_noon_10902_1",
      "desc": "Saluto Pomeridiano",
      "dlg": "‘Sup, Dante! What’d you have for lunch? Better not’ve had a better meal than mine."
    },
    {
      "id": "lobby_night_10902_1",
      "desc": "Saluto Serale",
      "dlg": "Earned a hefty sum of protection fees today~ Now where will I spend this? Heehee."
    },
    {
      "id": "smalltalk_10902_1",
      "desc": "Chiacchere #1",
      "dlg": "My sword is terribly sharp. Pretty darn rash, too. I’m saying it miiiight just fail to hear your orders once in a blue moon. Not me, my sword. Fuhu."
    },
    {
      "id": "smalltalk_10902_2",
      "desc": "Chiacchere #2",
      "dlg": "Heyo~ That kid just won’t stop pestering me, y’know? Says I’m being too vicious with the way I fight or whatevs… It’s not my fault my foes are too soft for my sharp sword. Whew, what a nuisance."
    },
    {
      "id": "smalltalk_10902_3",
      "desc": "Chiacchere #3",
      "dlg": "Just letting you know~ I’ll be leaving this place whenever I get bored. Don’t you even think about stopping me~"
    },
    {
      "id": "smalltalk_10902_4",
      "desc": "Chiacchiere Livello Legame 1",
      "dlg": "I like the Backstreets~ It’s the right level of grimy—a perfectly humble backdrop for letting my swank swordry shine."
    },
    {
      "id": "smalltalk_10902_5",
      "desc": "Chiacchiere Livello Legame 2",
      "dlg": "Way too many stingy folks in the world. Keeping all that money in a vault is going against the whole point of currency. …So let’s help that stockpiled cash find its true purpose."
    },
    {
      "id": "neglect_10902_1",
      "desc": "Inattività",
      "dlg": "Mmm~ Keepin’ me waiting is gonna be a tad bit pricey. Think you can pay out?"
    },
    {
      "id": "gacksung_10902_1",
      "desc": "Aumento Legame Liv. 3",
      "dlg": "Ain’t gonna make a wick of difference doing a street dweller like me extra favors. It’s not like I’m here to stay… But still, I guess it’s nice to get something."
    },
    {
      "id": "formation_10902_1",
      "desc": "Schieramento in Team",
      "dlg": "Time to pay up~"
    },
    {
      "id": "battleentry_10902_1",
      "desc": "Entrata nella Sezione",
      "dlg": "So, Dante, who do I cut down this time?"
    },
    {
      "id": "battle_select_10902_1",
      "desc": "Selezione in Battaglia",
      "dlg": "My, I don’t like to be bothered when I’m working~"
    },
    {
      "id": "battle_endcommand_10902_1",
      "desc": "Inizio Attacco",
      "dlg": "I like some substance in my victims~"
    },
    {
      "id": "battle_enemy_break_10902_1",
      "desc": "Nemico Vacillante",
      "dlg": "You’re not too soft, huh?"
    },
    {
      "id": "battle_break_10902_1",
      "desc": "Vacilla",
      "dlg": "Hngh…"
    },
    {
      "id": "battle_kill_10902_1",
      "desc": "Nemico Ucciso",
      "dlg": "Turned out mushy."
    },
    {
      "id": "battle_allydead_10902_1",
      "desc": "Morte Alleato",
      "dlg": "Yeesh. Don’t try to convince anyone that you’re a tough one~"
    },
    {
      "id": "choice_success_p_10902_1",
      "desc": "Prova Superata",
      "dlg": "Never failed this kind of job!"
    },
    {
      "id": "choice_fail_n_10902_1",
      "desc": "Prova Non Superata",
      "dlg": "Nyeh~ This one’s a flub."
    },
    {
      "id": "battle_clear_10902_1",
      "desc": "Vittoria",
      "dlg": "That was a pretty crude job. Don’t you have something more fun?"
    },
    {
      "id": "battle_clear_ex_10902_1",
      "desc": "Condizioni Extra Soddisfatte",
      "dlg": "See, there’s nothing I can’t cut."
    },
    {
      "id": "battle_defeat_10902_1",
      "desc": "Sconfitta",
      "dlg": "Things just don’t work out sometimes~ It’s not my sword’s fault."
    }
  ]
}