{
  "dataList": [
    {
      "id": "get_10701_1",
      "desc": "Identità Ottenuta",
      "dlg": "Name’s Heathcliff. Clobbering people is my specialty. ‘Course, only when I fancy it."
    },
    {
      "id": "lobby_morning_10701_1",
      "desc": "Saluto Mattutino",
      "dlg": "Keep that clock away from my face… It’s irritating."
    },
    {
      "id": "lobby_noon_10701_1",
      "desc": "Saluto Pomeridiano",
      "dlg": "What? Expecting me to ask what scran you had for lunch or some mince?"
    },
    {
      "id": "lobby_night_10701_1",
      "desc": "Saluto Serale",
      "dlg": "Now stop your gob. If you’re thinking of ordering more training or missions, you’d best think twice."
    },
    {
      "id": "smalltalk_10701_1",
      "desc": "Chiacchere #1",
      "dlg": "Just ‘cause you’re the manager doesn’t mean you get to lecture me or shove me into shoddy plans. I don’t follow anyone’s orders."
    },
    {
      "id": "smalltalk_10701_2",
      "desc": "Chiacchere #2",
      "dlg": "Don’t you ever get curious about what’s on the other side of that clock on your shoulders, mate? Hahah, I was just taking the piss. What’s got you shaking like timber?"
    },
    {
      "id": "smalltalk_10701_3",
      "desc": "Chiacchere #3",
      "dlg": "No need for long gabs between us. Not about to turn down an exchange of punches, though."
    },
    {
      "id": "neglect_10701_1",
      "desc": "Inattività",
      "dlg": "Right, so you wanna get smacked, ey? Stay right there."
    },
    {
      "id": "formation_10701_1",
      "desc": "Schieramento in Team",
      "dlg": "I was craving a workout. Time to smash stuff right up!"
    },
    {
      "id": "battleentry_10701_1",
      "desc": "Entrata nella Sezione",
      "dlg": "Don’t make it long, I’m going in!"
    },
    {
      "id": "battle_select_10701_1",
      "desc": "Selezione in Battaglia",
      "dlg": "What? Why?"
    },
    {
      "id": "battle_endcommand_10701_1",
      "desc": "Inizio Attacco",
      "dlg": "Already there!"
    },
    {
      "id": "battle_enemy_break_10701_1",
      "desc": "Nemico Vacillante",
      "dlg": "Haha, how do ya like that?"
    },
    {
      "id": "battle_break_10701_1",
      "desc": "Vacilla",
      "dlg": "Grh…!"
    },
    {
      "id": "battle_kill_10701_1",
      "desc": "Nemico Ucciso",
      "dlg": "Piss easy."
    },
    {
      "id": "battle_allydead_10701_1",
      "desc": "Morte Alleato",
      "dlg": "What? When’d you get smashed to bits?"
    },
    {
      "id": "choice_success_p_10701_1",
      "desc": "Prova Superata",
      "dlg": "What’s that proud look? I’m the one who dealt with it."
    },
    {
      "id": "choice_fail_n_10701_1",
      "desc": "Prova Non Superata",
      "dlg": "…This is really narking me. Didn’t I tell you to get someone else?"
    },
    {
      "id": "battle_clear_10701_1",
      "desc": "Vittoria",
      "dlg": "Well, don’t wanna giggle over small victories."
    },
    {
      "id": "battle_clear_ex_10701_1",
      "desc": "Condizioni Extra Soddisfatte",
      "dlg": "Heh, see that? I did a real bang up job!"
    },
    {
      "id": "battle_defeat_10701_1",
      "desc": "Sconfitta",
      "dlg": "Bugger all, this’s got me pure raging! You ain’t gonna let this go, right, mate?"
    }
  ]
}