{
  "dataList": [
    {
      "id": "get_10201_1",
      "desc": "Identità Ottenuta",
      "dlg": "It’s Faust. A genius with whom you’re lucky to cross paths even once in your life."
    },
    {
      "id": "lobby_morning_10201_1",
      "desc": "Saluto Mattutino",
      "dlg": "I would always get up after three hours of sleep. I thought it was a natural phenomenon, but I later learned it wasn’t the case for every individual."
    },
    {
      "id": "lobby_noon_10201_1",
      "desc": "Saluto Pomeridiano",
      "dlg": "Faust considers short periods of exposure to sunlight to be a useful activity."
    },
    {
      "id": "lobby_night_10201_1",
      "desc": "Saluto Serale",
      "dlg": "Though I don’t bother myself much with hobbies, I once enjoyed stargazing."
    },
    {
      "id": "smalltalk_10201_1",
      "desc": "Chiacchere #1",
      "dlg": "…If you’re the type of person who likes to summon others before considering what to say, I would suggest using documents to communicate."
    },
    {
      "id": "smalltalk_10201_2",
      "desc": "Chiacchere #2",
      "dlg": "I’m considering adjusting my level of speech for different Sinners. Repeating myself twice or more can be rather inefficient."
    },
    {
      "id": "smalltalk_10201_3",
      "desc": "Chiacchere #3",
      "dlg": "Dante, I want you to understand that omniscience does not necessarily mean a willingness to answer your every question."
    },
    {
      "id": "neglect_10201_1",
      "desc": "Inattività",
      "dlg": "Brief deviations are within permitted ranges."
    },
    {
      "id": "formation_10201_1",
      "desc": "Schieramento in Team",
      "dlg": "I’ll tag along."
    },
    {
      "id": "battleentry_10201_1",
      "desc": "Entrata nella Sezione",
      "dlg": "I’m ready to accompany you."
    },
    {
      "id": "battle_select_10201_1",
      "desc": "Selezione in Battaglia",
      "dlg": "What is it, Manager?"
    },
    {
      "id": "battle_endcommand_10201_1",
      "desc": "Inizio Attacco",
      "dlg": "Commencing action."
    },
    {
      "id": "battle_enemy_break_10201_1",
      "desc": "Nemico Vacillante",
      "dlg": "An opportunity has arrived."
    },
    {
      "id": "battle_break_10201_1",
      "desc": "Vacilla",
      "dlg": "Ugh!"
    },
    {
      "id": "battle_kill_10201_1",
      "desc": "Nemico Ucciso",
      "dlg": "An obvious outcome."
    },
    {
      "id": "battle_allydead_10201_1",
      "desc": "Morte Alleato",
      "dlg": "That wasn’t the most efficient."
    },
    {
      "id": "choice_success_p_10201_1",
      "desc": "Prova Superata",
      "dlg": "Try not to cling to this success."
    },
    {
      "id": "choice_fail_n_10201_1",
      "desc": "Prova Non Superata",
      "dlg": "Try not to dwell on this failure."
    },
    {
      "id": "battle_clear_10201_1",
      "desc": "Vittoria",
      "dlg": "Is there a reason to be excited over this?"
    },
    {
      "id": "battle_clear_ex_10201_1",
      "desc": "Condizioni Extra Soddisfatte",
      "dlg": "You’ve become more competent than once expected."
    },
    {
      "id": "battle_defeat_10201_1",
      "desc": "Sconfitta",
      "dlg": "Much wasn’t expected out of you."
    }
  ]
}