{
    "dataList": [
        {
            "id": "get_10807_1",
            "desc": "Identità Ottenuta",
            "dlg": "Haah, keep your distance. I still have loads of crabs to hunt. Plus... you do NOT want crab guts on you."
        },
        {
            "id": "lobby_morning_10807_1",
            "desc": "Saluto Mattutino",
            "dlg": "Early bird gets the worm, you know. And the dinner. And the time for drinking."
        },
        {
            "id": "lobby_noon_10807_1",
            "desc": "Saluto Pomeridiano",
            "dlg": "Phew... It's sweltering. Seriously. Wanna know what's more? Come midday, this place gets awful humid and begins to reek of fish. It's infuriating."
        },
        {
            "id": "lobby_night_10807_1",
            "desc": "Saluto Serale",
            "dlg": "Well, the sun's gone down, and it's about time I went home for the day. And guess what? Today I pop the cork off my secret wine! Hehe."
        },
        {
            "id": "smalltalk_10807_1",
            "desc": "Chiacchere #1",
            "dlg": "If only the weather was a bit cooler. Ugh..."
        },
        {
            "id": "smalltalk_10807_2",
            "desc": "Chiacchere #2",
            "dlg": "Hey... Be careful with that crab driver. It's got a makeshift mod with scraps, so it could break your bones if you're not careful."
        },
        {
            "id": "smalltalk_10807_3",
            "desc": "Chiacchere #3",
            "dlg": "Oh, what am I doing? Uh, we have to pull the scraps off the trash crabs first before processing them... That's how we make new stuff with the scrap, run the workshop, and cook us up dinner."
        },
        {
            "id": "smalltalk_10807_4",
            "desc": "Chiacchiere Livello Legame 1",
            "dlg": "Now that I think about it... the big one once crawled all the way up to our workshop. It killed everyone that helped us get started and... just left.\nI don't harbor any hatred against it, though. The big guy, me, we're both just fighting to survive. ...I don't even know if it's the same one, either."
        },
        {
            "id": "smalltalk_10807_5",
            "desc": "Chiacchiere Livello Legame 2",
            "dlg": "Hmph~ Quit being a teetotaler and join us sometimes, huh?"
        },
        {
            "id": "gacksung_10807_1",
            "desc": "Aumento Legame Liv. 3",
            "dlg": "Hup... I made a few modifications to the crab driver. I might try using this one to get the big guy."
        },
        {
            "id": "neglect_10807_1",
            "desc": "Inattività",
            "dlg": "Whew... it's so hot out here..."
        },
        {
            "id": "formation_10807_1",
            "desc": "Schieramento in Team",
            "dlg": "Grab your tools, everyone."
        },
        {
            "id": "battleentry_10807_1",
            "desc": "Entrata nella Sezione",
            "dlg": "Ready to dive."
        },
        {
            "id": "battle_select_10807_1",
            "desc": "Selezione in Battaglia",
            "dlg": "What's up?"
        },
        {
            "id": "battle_endcommand_10807_1",
            "desc": "Inizio Attacco",
            "dlg": "I'll harpoon and crack you open."
        },
        {
            "id": "battle_enemy_break_10807_1",
            "desc": "Nemico Vacillante",
            "dlg": "How's that? Painful, I'm sure."
        },
        {
            "id": "battle_break_10807_1",
            "desc": "Vacilla",
            "dlg": "Oww..."
        },
        {
            "id": "battle_kill_10807_1",
            "desc": "Nemico Ucciso",
            "dlg": "Crushed it."
        },
        {
            "id": "battle_dead_10807_1",
            "desc": "Morte",
            "dlg": "Ah... Haa... Is this... the end?"
        },
        {
            "id": "choice_success_p_10807_2",
            "desc": "Prova Superata",
            "dlg": "Nice, I did it!"
        },
        {
            "id": "choice_fail_n_10807_1",
            "desc": "Prova Non Superata",
            "dlg": "Man, I'm not sure about this..."
        },
        {
            "id": "battle_clear_10807_1",
            "desc": "Vittoria",
            "dlg": "Come on, let's go home 'n clean and rest up."
        },
        {
            "id": "battle_clear_ex_10807_1",
            "desc": "Condizioni Extra Soddisfatte",
            "dlg": "Hmm... This'll be pretty lucrative. How about we barbecue some land animal for once?"
        },
        {
            "id": "battle_defeat_10807_1",
            "desc": "Sconfitta",
            "dlg": "Sigh... Now I gotta pay the penalty fees, don't I?"
        }
    ]
}