{
    "dataList": [
        {
            "id": "get_10606_1",
            "desc": "Identità Ottenuta",
            "dlg": "Those WARP trains tend to be rather cramped, don't you think?"
        },
        {
            "id": "lobby_morning_10606_1",
            "desc": "Saluto Mattutino",
            "dlg": "I don't have much trouble getting up in the morning... But doing the same work day after day got old pretty fast."
        },
        {
            "id": "lobby_noon_10606_1",
            "desc": "Saluto Pomeridiano",
            "dlg": "Mmm~ It's nice out today! The shop I visited serves great drinks, too. ... I'm gonna have to go back inside and prepare to clean up more trains, though."
        },
        {
            "id": "lobby_night_10606_1",
            "desc": "Saluto Serale",
            "dlg": "You know, sometimes I lose track of time working late into the night for those night trains. Train platforms always so brightly lit and all."
        },
        {
            "id": "smalltalk_10606_1",
            "desc": "Chiacchere #1",
            "dlg": "Grandma told me to work here, but it does get a little boring doing the same things over and over~"
        },
        {
            "id": "smalltalk_10606_2",
            "desc": "Chiacchere #2",
            "dlg": "I wonder if we'll ever get company sponsored trips? We're train cleaner agents, so it would be pretty appropriate. Oh, not that I want to take the WARP trains, of course~"
        },
        {
            "id": "smalltalk_10606_3",
            "desc": "Chiacchere #3",
            "dlg": "Aw~ Everyone's been getting increasingly quiet. Their faces look gloomy, too... I wonder if there's a flu going around?"
        },
        {
            "id": "smalltalk_10606_4",
            "desc": "Chiacchiere Livello Legame 1",
            "dlg": "Whew... Everyone's in pieces again. Apparently there was this one time when the passengers were praying in their seats, all nice and gentle. What an easy job that must've been!"
        },
        {
            "id": "smalltalk_10606_5",
            "desc": "Chiacchiere Livello Legame 2",
            "dlg": "Is the train cleaning job difficult? Well... it can be, when it comes to cleaning up the weirder passengers.\nOh, you meant like psychologically? Hm... Nah, it's just a job, right? I don't really think about it."
        },
        {
            "id": "neglect_10606_1",
            "desc": "Inattività",
            "dlg": "Mm, I'll be checking the letters from my family, if you won't mind~"
        },
        {
            "id": "gacksung_10606_1",
            "desc": "Aumento Legame Liv. 3",
            "dlg": "Oh, is this a new lesson? I hope it's about something new for once~"
        },
        {
            "id": "formation_10606_1",
            "desc": "Schieramento in Team",
            "dlg": "I'm all ready to clean~"
        },
        {
            "id": "battleentry_10606_1",
            "desc": "Entrata nella Sezione",
            "dlg": "Time to start cleaning."
        },
        {
            "id": "battle_select_10606_1",
            "desc": "Selezione in Battaglia",
            "dlg": "Oh dear~ You're not supposed to come in while we're cleaning up."
        },
        {
            "id": "battle_endcommand_10606_1",
            "desc": "Inizio Attacco",
            "dlg": "Taking care of problem passengers."
        },
        {
            "id": "battle_enemy_break_10606_1",
            "desc": "Nemico Vacillante",
            "dlg": "Stay calm and stay down, now~"
        },
        {
            "id": "battle_break_10606_1",
            "desc": "Vacilla",
            "dlg": "Ouch!"
        },
        {
            "id": "battle_kill_10606_1",
            "desc": "Nemico Ucciso",
            "dlg": "Okay, let's get their limbs and torsos over here~"
        },
        {
            "id": "battle_dead_10606_1",
            "desc": "Morte",
            "dlg": "Ah... It was... supposed to be a simple cleanup...?"
        },
        {
            "id": "choice_success_p_10606_2",
            "desc": "Prova Superata",
            "dlg": "Hmhmm. That was simple."
        },
        {
            "id": "choice_fail_n_10606_1",
            "desc": "Prova Non Superata",
            "dlg": "Strange... The manuals taught me to do it this way."
        },
        {
            "id": "battle_clear_10606_1",
            "desc": "Vittoria",
            "dlg": "Alright, now that that's over with, I should visit a café for a short break."
        },
        {
            "id": "battle_clear_ex_10606_1",
            "desc": "Condizioni Extra Soddisfatte",
            "dlg": "Ohh~ We've finished today's job much faster than usual, haven't we? Maybe you have the makings of a cleanup agent~"
        },
        {
            "id": "battle_defeat_10606_1",
            "desc": "Sconfitta",
            "dlg": "The passengers were a little too rowdy this time..."
        }
    ]
}