{
  "dataList": [
    {
      "id": "get_11203_1",
      "desc": "Identità Ottenuta",
      "dlg": "Employee Gregor, reporting for duty! It’s an honor to join your mission, Manager!"
    },
    {
      "id": "lobby_morning_11203_1",
      "desc": "Saluto Mattutino",
      "dlg": "Good morning, Manager! Morning roll call was all clear!"
    },
    {
      "id": "lobby_noon_11203_1",
      "desc": "Saluto Pomeridiano",
      "dlg": "It’s lunch hours, Manager! I’ll perform the remaining tasks with due diligence!"
    },
    {
      "id": "lobby_night_11203_1",
      "desc": "Saluto Serale",
      "dlg": "Nothing to report, Manager Dante!"
    },
    {
      "id": "smalltalk_11203_1",
      "desc": "Chiacchere #1",
      "dlg": "Manager! I’m still adjusting to life here… but thanks to everyone’s assistance, I am without trouble. Ms. Rodya often has unsavory comments, but… Haha, it’s alright."
    },
    {
      "id": "smalltalk_11203_2",
      "desc": "Chiacchere #2",
      "dlg": "I’ll fight my enemies without hesitation. I’d made up my mind the day I was honored with an opportunity to get the modification procedure."
    },
    {
      "id": "smalltalk_11203_3",
      "desc": "Chiacchere #3",
      "dlg": "Oh, this arm? I’m proud of it. It’s a tremendous boon to be able to enter the fray of battle… rather than helplessly watch from afar."
    },
    {
      "id": "smalltalk_11203_4",
      "desc": "Chiacchiere Livello Legame 1",
      "dlg": "The augmentation… I don’t regret it. One downside, though… is that I won’t ever be able to return to civilian life."
    },
    {
      "id": "smalltalk_11203_5",
      "desc": "Chiacchiere Livello Legame 2",
      "dlg": "Nowadays… I try not to think much about what I do. It’s getting too taxing to keep up with this otherwise."
    },
    {
      "id": "neglect_11203_1",
      "desc": "Inattività",
      "dlg": "Manager? I see you’ve taken a temporary leave. I’ll be on standby."
    },
    {
      "id": "gacksung_11203_1",
      "desc": "Aumento Legame Liv. 3",
      "dlg": "Salutations! I’ll continue to aid you to the best of my ability, Manager!"
    },
    {
      "id": "formation_11203_1",
      "desc": "Schieramento in Team",
      "dlg": "It’s an honor, Manager!"
    },
    {
      "id": "battleentry_11203_1",
      "desc": "Entrata nella Sezione",
      "dlg": "I will do my utmost!"
    },
    {
      "id": "battle_select_11203_1",
      "desc": "Selezione in Battaglia",
      "dlg": "Manager Corporal Gregor reporting!"
    },
    {
      "id": "battle_endcommand_11203_1",
      "desc": "Inizio Attacco",
      "dlg": "Roger that!"
    },
    {
      "id": "battle_enemy_break_11203_1",
      "desc": "Nemico Vacillante",
      "dlg": "I got a clean hit!"
    },
    {
      "id": "battle_break_11203_1",
      "desc": "Vacilla",
      "dlg": "Ngh…"
    },
    {
      "id": "battle_kill_11203_1",
      "desc": "Nemico Ucciso",
      "dlg": "I took one down!"
    },
    {
      "id": "battle_allydead_11203_1",
      "desc": "Morte Alleato",
      "dlg": "I’ll work harder to make up for it…"
    },
    {
      "id": "choice_success_p_11203_1",
      "desc": "Prova Superata",
      "dlg": "Splendid strategy, Manager!"
    },
    {
      "id": "choice_fail_n_11203_1",
      "desc": "Prova Non Superata",
      "dlg": "You trusted me with it… and yet I failed."
    },
    {
      "id": "battle_clear_11203_1",
      "desc": "Vittoria",
      "dlg": "It’s all thanks to you, Manager. Your tactical prowess shined."
    },
    {
      "id": "battle_clear_ex_11203_1",
      "desc": "Condizioni Extra Soddisfatte",
      "dlg": "This victory was all thanks to you, Executive Manager."
    },
    {
      "id": "battle_defeat_11203_1",
      "desc": "Sconfitta",
      "dlg": "This… is what a war is. I was wholly unqualified."
    }
  ]
}