{
    "dataList": [
        {
            "id": "get_10905_1",
            "desc": "Identità Ottenuta",
            "dlg": "Hello, privyet~ Presenting the rep of Rosespanner Workshop, I’m Rodya~"
        },
        {
            "id": "lobby_morning_10905_1",
            "desc": "Saluto Mattutino",
            "dlg": "Yaaawn… Take it easy, baby~ Get some coffee if you wanna. No need to wear yourself out so early in the morn~"
        },
        {
            "id": "lobby_noon_10905_1",
            "desc": "Saluto Pomeridiano",
            "dlg": "You’re here? Check this out! I did it~ Won big again~ I earn more from playing card games during lunch than I do with a week’s work of running this joint~\n…Sniffle."
        },
        {
            "id": "lobby_night_10905_1",
            "desc": "Saluto Serale",
            "dlg": "I’ll be going first~ What the, you’re staying for overtime? Oh boy… Got some work cut out, huh. You’ll get paid handsomely, I promise!"
        },
        {
            "id": "smalltalk_10905_1",
            "desc": "Chiacchere #1",
            "dlg": "We make all the weapons we use~ Oh, what’s wrong with this stupid thing…\nHaha, w—we also fix ‘em all by ourselves."
        },
        {
            "id": "smalltalk_10905_2",
            "desc": "Chiacchere #2",
            "dlg": "Ooh~ Whuzzat, whuzzat? Got a job for me?"
        },
        {
            "id": "smalltalk_10905_3",
            "desc": "Chiacchere #3",
            "dlg": "Am I not doing any work? Well, you see~ I’m a fieldwork kinda person. Fuhu. It’s gonna be fine, others’ve got the desk work covered, I’m sure~"
        },
        {
            "id": "smalltalk_10905_4",
            "desc": "Chiacchiere Livello Legame 1",
            "dlg": "Whaaat~?! Slot machines? Ugh, you dummy. You really think you can win money from that?\nYou gotta use your skills!"
        },
        {
            "id": "smalltalk_10905_5",
            "desc": "Chiacchiere Livello Legame 2",
            "dlg": "Alright, take a seat here… Hold the mouse! That’s right. And when you click this~ You get into a game with that bucko!\nWha… Four of a kind?!"
        },
        {
            "id": "neglect_10905_1",
            "desc": "Inattività",
            "dlg": "Whoocha~ Guess I’ll lie down for a wee bit~"
        },
        {
            "id": "gacksung_10905_1",
            "desc": "Aumento Legame Liv. 3",
            "dlg": "Hm~? I’m already the rep, I don’t see how I can get to a higher position~ Just get us more work instead!"
        },
        {
            "id": "formation_10905_1",
            "desc": "Schieramento in Team",
            "dlg": "Aight, let’s go for a round!"
        },
        {
            "id": "battleentry_10905_1",
            "desc": "Entrata nella Sezione",
            "dlg": "Let’s get this bread~!"
        },
        {
            "id": "battle_select_10905_1",
            "desc": "Selezione in Battaglia",
            "dlg": "Mm? Bit busy right now, make it quick!"
        },
        {
            "id": "battle_endcommand_10905_1",
            "desc": "Inizio Attacco",
            "dlg": "Let’s go!"
        },
        {
            "id": "battle_enemy_break_10905_1",
            "desc": "Nemico Vacillante",
            "dlg": "Hmheh, pinched ‘em right!"
        },
        {
            "id": "battle_break_10905_1",
            "desc": "Vacilla",
            "dlg": "Kuh…"
        },
        {
            "id": "battle_kill_10905_1",
            "desc": "Nemico Ucciso",
            "dlg": "Yeah, that’s one done!"
        },
        {
            "id": "battle_dead_10905_1",
            "desc": "Morte",
            "dlg": "If I knew this would happen… I woulda gone for a bigger spree… the other day."
        },
        {
            "id": "choice_success_p_10905_1",
            "desc": "Prova Superata",
            "dlg": "Hmph, what a piece of rice cake!"
        },
        {
            "id": "choice_fail_n_10905_1",
            "desc": "Prova Non Superata",
            "dlg": "Psh… None of my tools fit."
        },
        {
            "id": "battle_clear_10905_1",
            "desc": "Vittoria",
            "dlg": "Got it! That should keep us afloat~ And if I wanna pay my bosom buddies a handsome salary, I’ve gotta make more fortune out of it~ Huhu."
        },
        {
            "id": "battle_clear_ex_10905_1",
            "desc": "Condizioni Extra Soddisfatte",
            "dlg": "Heehey, this is a huge success, ain’t it? Am I gonna get a bonus?"
        },
        {
            "id": "battle_defeat_10905_1",
            "desc": "Sconfitta",
            "dlg": "Ha… This might can the contract…"
        }
    ]
}