{
    "dataList": [
        {
            "id": "get_10604_1",
            "desc": "Identità Ottenuta",
            "dlg": "What do you say we have a drink together? It’ll warm you right up~"
        },
        {
            "id": "lobby_morning_10604_1",
            "desc": "Saluto Mattutino",
            "dlg": "You’re an early riser, I see~ A little laziness wouldn’t hurt, you know?"
        },
        {
            "id": "lobby_noon_10604_1",
            "desc": "Saluto Pomeridiano",
            "dlg": "A cup of tea is a must-have after a greasy meal~ So, would you care for some?"
        },
        {
            "id": "lobby_night_10604_1",
            "desc": "Saluto Serale",
            "dlg": "Will you retire for the night? Oh my… That outfit sure doesn’t look to be comfortable sleepwear… I’ll have to lend you one of my silk garments~"
        },
        {
            "id": "smalltalk_10604_1",
            "desc": "Chiacchere #1",
            "dlg": "What I do at my job is mostly the same as my usual training… Yet I can’t help but feel fatigued when it is work."
        },
        {
            "id": "smalltalk_10604_2",
            "desc": "Chiacchere #2",
            "dlg": "I don’t particularly care for physical work. I only feel like it from time to time… Brewing tea is much more fun.\nBack home, many occasions needed me to get moving whether I wanted it or not… Haha!"
        },
        {
            "id": "smalltalk_10604_3",
            "desc": "Chiacchere #3",
            "dlg": "How to make a fire...? The key is not to question how.\nThere was no use wondering about things like that, I'm telling you~"
        },
        {
            "id": "smalltalk_10604_4",
            "desc": "Chiacchiere Livello Legame 1",
            "dlg": "You’re taking an interest in my tea leaves? Why sure, I can teach you~\nAh… I should mention that the tea sets and brews I have can be quite expensive… Um, are you alright?"
        },
        {
            "id": "smalltalk_10604_5",
            "desc": "Chiacchiere Livello Legame 2",
            "dlg": "If you’re interested in practicing our martial arts, I could help~\nIn fact, I’ve instructed a couple of my coworkers from Section 6, too~ I’m sure I’ll be a good teacher!"
        },
        {
            "id": "neglect_10604_1",
            "desc": "Inattività",
            "dlg": "Hmm… What a lovely scent the sun’s rays exude~"
        },
        {
            "id": "gacksung_10604_1",
            "desc": "Aumento Legame Liv. 3",
            "dlg": "I see~ I was starting to wonder when you’d bring this up~"
        },
        {
            "id": "formation_10604_1",
            "desc": "Schieramento in Team",
            "dlg": "With warmth—sometimes heat."
        },
        {
            "id": "battleentry_10604_1",
            "desc": "Entrata nella Sezione",
            "dlg": "It’s time to flare up, isn’t it?"
        },
        {
            "id": "battle_select_10604_1",
            "desc": "Selezione in Battaglia",
            "dlg": "Is there anything you want to say?"
        },
        {
            "id": "battle_endcommand_10604_1",
            "desc": "Inizio Attacco",
            "dlg": "With grace!"
        },
        {
            "id": "battle_enemy_break_10604_1",
            "desc": "Nemico Vacillante",
            "dlg": "Their balance is broken!"
        },
        {
            "id": "battle_break_10604_1",
            "desc": "Vacilla",
            "dlg": "Oh dear…"
        },
        {
            "id": "battle_kill_10604_1",
            "desc": "Nemico Ucciso",
            "dlg": "It burns bright!"
        },
        {
            "id": "battle_dead_10604_1",
            "desc": "Morte",
            "dlg": "Well, I… really could use… a warm cup… of tea."
        },
        {
            "id": "choice_success_p_10604_2",
            "desc": "Prova Superata",
            "dlg": "I followed a nice scent."
        },
        {
            "id": "choice_fail_n_10604_1",
            "desc": "Prova Non Superata",
            "dlg": "No wonder the flavor was unpleasant…"
        },
        {
            "id": "battle_clear_10604_1",
            "desc": "Vittoria",
            "dlg": "Hm~ That gave me good exercise."
        },
        {
            "id": "battle_clear_ex_10604_1",
            "desc": "Condizioni Extra Soddisfatte",
            "dlg": "Oh my~ I guess I got a little more excited than I expected. Ahahah…"
        },
        {
            "id": "battle_defeat_10604_1",
            "desc": "Sconfitta",
            "dlg": "Come now, let’s move somewhere else for tea. These things just happen sometimes, no?"
        }
    ]
}