{
  "dataList": [
    {
      "id": "get_10602_1",
      "desc": "Identità Ottenuta",
      "dlg": "I can follow your commands no problem~ Obedience might be a tall order, though~"
    },
    {
      "id": "lobby_morning_10602_1",
      "desc": "Saluto Mattutino",
      "dlg": "When you’re too tired to get up, it might just be best to stay in and relax~"
    },
    {
      "id": "lobby_noon_10602_1",
      "desc": "Saluto Pomeridiano",
      "dlg": "On wonderful days… I sometimes bathe in the sunlight. I like the warmth it wraps me up in."
    },
    {
      "id": "lobby_night_10602_1",
      "desc": "Saluto Serale",
      "dlg": "When dusk falls, and even the moonlight is shrouded by the clouds… Look, it really does blend with the shadows, doesn’t it?"
    },
    {
      "id": "smalltalk_10602_1",
      "desc": "Chiacchere #1",
      "dlg": "It’s always fun to slash things. Doing it out of obligation, though… rather dampens the mood."
    },
    {
      "id": "smalltalk_10602_2",
      "desc": "Chiacchere #2",
      "dlg": "It’s a mystery how people are so obsessed with what they own. If only they could nurture a spirit of generosity."
    },
    {
      "id": "smalltalk_10602_3",
      "desc": "Chiacchere #3",
      "dlg": "I prefer to have autonomy in choosing my opponent. Doing as you’re told all the time… It’d end up being a pointless life."
    },
    {
      "id": "smalltalk_10602_4",
      "desc": "Chiacchiere Livello Legame 1",
      "dlg": "You’re the only one I treat with genuine respect, Lord Dante. I wouldn’t be calling you my lord if I didn’t truly feel that you deserve the title."
    },
    {
      "id": "smalltalk_10602_5",
      "desc": "Chiacchiere Livello Legame 2",
      "dlg": "Lord Dante, what I like about you… is that you don’t demand I bow to you. Receiving orders from your boss with your back courteously bent… That’s only really fun in movies, no?"
    },
    {
      "id": "neglect_10602_1",
      "desc": "Inattività",
      "dlg": "Where’d you go, Lord Dante? Have you hidden among the clouds?"
    },
    {
      "id": "gacksung_10602_1",
      "desc": "Aumento Legame Liv. 3",
      "dlg": "Thank you. Is there anything else you’d like me to fell?"
    },
    {
      "id": "formation_10602_1",
      "desc": "Schieramento in Team",
      "dlg": "If that’s your orders~"
    },
    {
      "id": "battleentry_10602_1",
      "desc": "Entrata nella Sezione",
      "dlg": "Can I slit them however I see fit?"
    },
    {
      "id": "battle_select_10602_1",
      "desc": "Selezione in Battaglia",
      "dlg": "Ah, you’re here, Lord Dante~"
    },
    {
      "id": "battle_endcommand_10602_1",
      "desc": "Inizio Attacco",
      "dlg": "It won’t be as fun, but I’ll do it~"
    },
    {
      "id": "battle_enemy_break_10602_1",
      "desc": "Nemico Vacillante",
      "dlg": "I think I could do a better job next time?"
    },
    {
      "id": "battle_break_10602_1",
      "desc": "Vacilla",
      "dlg": "Mmpf!"
    },
    {
      "id": "battle_kill_10602_1",
      "desc": "Nemico Ucciso",
      "dlg": "What a joy it is to slash~"
    },
    {
      "id": "battle_allydead_10602_1",
      "desc": "Morte Alleato",
      "dlg": "I don’t envy your outlook there, Lord Dante~"
    },
    {
      "id": "choice_success_p_10602_1",
      "desc": "Prova Superata",
      "dlg": "I told you, I’ll follow your commands no problem~"
    },
    {
      "id": "choice_fail_n_10602_1",
      "desc": "Prova Non Superata",
      "dlg": "Mmm… It’s fine~ I followed your orders after all, right?"
    },
    {
      "id": "battle_clear_10602_1",
      "desc": "Vittoria",
      "dlg": "Wasn’t my swordsmanship snazzy to behold? Huhu…"
    },
    {
      "id": "battle_clear_ex_10602_1",
      "desc": "Condizioni Extra Soddisfatte",
      "dlg": "I just sent them to where they belonged—by simply cutting down what I saw~"
    },
    {
      "id": "battle_defeat_10602_1",
      "desc": "Sconfitta",
      "dlg": "The blade must’ve gotten a bit dull~"
    }
  ]
}