{
  "dataList": [
    {
      "id": "get_10703_1",
      "desc": "Identità Ottenuta",
      "dlg": "Hippity-hop… Out on a bop… The rabbit hops in. To smash it to bits!"
    },
    {
      "id": "lobby_morning_10703_1",
      "desc": "Saluto Mattutino",
      "dlg": "What? Never seen a hare up early to wash his face before?"
    },
    {
      "id": "lobby_noon_10703_1",
      "desc": "Saluto Pomeridiano",
      "dlg": "Got any good missions for me? The kind that gets the blood pumping and eyes fierce… One of those exciting ones."
    },
    {
      "id": "lobby_night_10703_1",
      "desc": "Saluto Serale",
      "dlg": "I may not look it, but I’m a nocturnal creature—means the dark spurs me further."
    },
    {
      "id": "smalltalk_10703_1",
      "desc": "Chiacchere #1",
      "dlg": "Oi there! If you’ve got time for silly chinwags, send me on a mission instead."
    },
    {
      "id": "smalltalk_10703_2",
      "desc": "Chiacchere #2",
      "dlg": "I’m a rabbit. I go anywhere with grass to graze."
    },
    {
      "id": "smalltalk_10703_3",
      "desc": "Chiacchere #3",
      "dlg": "Who says rabbits’re weak? Ever seen what happens when you try to fight a horde of starving coneys?"
    },
    {
      "id": "smalltalk_10703_4",
      "desc": "Chiacchiere Livello Legame 1",
      "dlg": "Don’t get too bitter if I wallop you while I’m fightin’, mate. It’s in the rabbit’s nature."
    },
    {
      "id": "smalltalk_10703_5",
      "desc": "Chiacchiere Livello Legame 2",
      "dlg": "That clock of yours seems pretty useful, so why don’tcha join the Rabbit Team and hop with me?"
    },
    {
      "id": "neglect_10703_1",
      "desc": "Inattività",
      "dlg": "Did you know? A rabbit’s got good ears, too."
    },
    {
      "id": "gacksung_10703_1",
      "desc": "Aumento Legame Liv. 3",
      "dlg": "Alright, now that’s what I like to see!"
    },
    {
      "id": "formation_10703_1",
      "desc": "Schieramento in Team",
      "dlg": "Right, time to graze some grass."
    },
    {
      "id": "battleentry_10703_1",
      "desc": "Entrata nella Sezione",
      "dlg": "I spy with my eyes a fresh patch of grass!"
    },
    {
      "id": "battle_select_10703_1",
      "desc": "Selezione in Battaglia",
      "dlg": "Got some sort of bombastic plan?"
    },
    {
      "id": "battle_endcommand_10703_1",
      "desc": "Inizio Attacco",
      "dlg": "Hop on!"
    },
    {
      "id": "battle_enemy_break_10703_1",
      "desc": "Nemico Vacillante",
      "dlg": "Go on and get wild for me!"
    },
    {
      "id": "battle_break_10703_1",
      "desc": "Vacilla",
      "dlg": "Hah…!"
    },
    {
      "id": "battle_kill_10703_1",
      "desc": "Nemico Ucciso",
      "dlg": "Huff, that feels good to chew."
    },
    {
      "id": "battle_allydead_10703_1",
      "desc": "Morte Alleato",
      "dlg": "Kicked it already? Were you getting lonely or what."
    },
    {
      "id": "choice_success_p_10703_1",
      "desc": "Prova Superata",
      "dlg": "Easy as salad."
    },
    {
      "id": "choice_fail_n_10703_1",
      "desc": "Prova Non Superata",
      "dlg": "I was following the orders. You can say your complaints to the high heid yins."
    },
    {
      "id": "battle_clear_10703_1",
      "desc": "Vittoria",
      "dlg": "How’s that? Remarkably strong and unbelievably fast, eh?"
    },
    {
      "id": "battle_clear_ex_10703_1",
      "desc": "Condizioni Extra Soddisfatte",
      "dlg": "My muscles are quivering with excitement. Got anyone else to scuffle? I’m just getting started!"
    },
    {
      "id": "battle_defeat_10703_1",
      "desc": "Sconfitta",
      "dlg": "No time for rest. We’re going right back in!"
    }
  ]
}