{
  "dataList": [
    {
      "id": "get_11201_1",
      "desc": "Identità Ottenuta",
      "dlg": "Mm… It’s Gregor. Well, feel free to talk to me unless I’m asleep."
    },
    {
      "id": "lobby_morning_11201_1",
      "desc": "Saluto Mattutino",
      "dlg": "Not a bad morning, is it?"
    },
    {
      "id": "lobby_noon_11201_1",
      "desc": "Saluto Pomeridiano",
      "dlg": "C’mon, I know you’re busy, but you gotta eat sometime."
    },
    {
      "id": "lobby_night_11201_1",
      "desc": "Saluto Serale",
      "dlg": "Another busy day, wasn’t it. Good work out there."
    },
    {
      "id": "smalltalk_11201_1",
      "desc": "Chiacchere #1",
      "dlg": "So, what do you usually do in your free time, Manager Bud? I’d lend you a cig… but I guess it won’t be useful for you."
    },
    {
      "id": "smalltalk_11201_2",
      "desc": "Chiacchere #2",
      "dlg": "My least favorite things? Those dark-shelled critters with a long pair of antennae. I especially hate the tenacity of those bugs, refusing to die even in water."
    },
    {
      "id": "smalltalk_11201_3",
      "desc": "Chiacchere #3",
      "dlg": "Hey, Manager Bud, you got some lens cleaner…? Nevermind, forget I asked. Just be glad if you don’t have to wear glasses."
    },
    {
      "id": "smalltalk_11201_4",
      "desc": "Chiacchere #4",
      "dlg": "I know it’s not the most flattering thing to say to a pal suffering from amnesia…\nBut, I sometimes think there are a few memories I could do without. You get what I’m saying? It’s like waiting for the end of a war that’ll never come."
    },
    {
      "id": "smalltalk_11201_5",
      "desc": "Chiacchere #5",
      "dlg": "This thing would keep on regrowing every time I tried to cut it off. My arm, I mean. Or should I call it a leg…\nIt’s basically like family now. Well, that’s to say I had to accept that I’m stuck with it, like it or hate it."
    },
    {
      "id": "neglect_11201_1",
      "desc": "Inattività",
      "dlg": "Hm? Manager Bud? Where’d you scuttle off to?"
    },
    {
      "id": "formation_11201_1",
      "desc": "Schieramento in Team",
      "dlg": "Aight, I’ll do what I can."
    },
    {
      "id": "battleentry_11201_1",
      "desc": "Entrata nella Sezione",
      "dlg": "Go? You want me to…? Gah… Well, I guess I’ll give it my all."
    },
    {
      "id": "battle_select_11201_1",
      "desc": "Selezione in Battaglia",
      "dlg": "What’s up? You got something to say?"
    },
    {
      "id": "battle_endcommand_11201_1",
      "desc": "Inizio Attacco",
      "dlg": "Alright, here I go!"
    },
    {
      "id": "battle_enemy_break_11201_1",
      "desc": "Nemico Vacillante",
      "dlg": "Whoa, that was a pretty clean hit."
    },
    {
      "id": "battle_break_11201_1",
      "desc": "Vacilla",
      "dlg": "Ah, shoot…"
    },
    {
      "id": "battle_allydead_11201_1",
      "desc": "Morte Alleato",
      "dlg": "Oh boy… Guess you’ve got work to do, eh, Manager Bud?"
    },
    {
      "id": "choice_success_p_11201_1",
      "desc": "Prova Superata",
      "dlg": "Check this out, Manager Bud! Did a pretty neat job, right?"
    },
    {
      "id": "choice_fail_n_11201_1",
      "desc": "Prova Non Superata",
      "dlg": "I’m pretty sure I did tell you… This was the best I could do."
    },
    {
      "id": "battle_clear_11201_1",
      "desc": "Vittoria",
      "dlg": "Phew~ We beat ‘em somehow. Nice work, Manager Bud."
    },
    {
      "id": "battle_clear_ex_11201_1",
      "desc": "Condizioni Extra Soddisfatte",
      "dlg": "Won’t take any medals. Cigarettes, on the other hand, are completely welcome."
    },
    {
      "id": "battle_defeat_11201_1",
      "desc": "Sconfitta",
      "dlg": "Sorry ‘bout that. Couldn’t really keep my head in the game. Just one of those days, I guess."
    }
  ]
}