{
    "dataList": [
        {
            "id": "get_10607_1",
            "desc": "Identità Ottenuta",
            "dlg": "Wow~ We can just kill people left and right and get praised in this Office?"
        },
        {
            "id": "lobby_morning_10607_1",
            "desc": "Saluto Mattutino",
            "dlg": "It's been a while since I had breakfast without trembling in the cold~ I'm used to eating in the streets."
        },
        {
            "id": "lobby_noon_10607_1",
            "desc": "Saluto Pomeridiano",
            "dlg": "My my~ I think I gave myself muscle cramps pulling so many people apart yesterday~ I should really stop getting swept up in other people's excitements."
        },
        {
            "id": "lobby_night_10607_1",
            "desc": "Saluto Serale",
            "dlg": "I love these dark hours of the day. Not only is it good for my line of work, but it's also fun creeping people out in the shadows~ It's the most entertaining time of day, except during the Night in the Backstreets."
        },
        {
            "id": "smalltalk_10607_1",
            "desc": "Chiacchere #1",
            "dlg": "What a nice guy our representative is, picking up people from killer Syndicates like ours. I never imagined that people like us would be working as Fixers!"
        },
        {
            "id": "smalltalk_10607_2",
            "desc": "Chiacchere #2",
            "dlg": "The Hook Office... Hm. I don't know how long I'll be working here. It's still got a long way to go... But you know how Offices can be. As easy as they are to start, it's just as easy for them to shut down without a warning."
        },
        {
            "id": "smalltalk_10607_3",
            "desc": "Chiacchere #3",
            "dlg": "I don't think our Office name is very memorable. Even when I introduce myself, it rarely seems to ring a bell in people...?"
        },
        {
            "id": "smalltalk_10607_4",
            "desc": "Chiacchiere Livello Legame 1",
            "dlg": "Hm, hm. Don't talk softly like that. It's a little... irritating. Let's not make your death even more painful, hm?"
        },
        {
            "id": "smalltalk_10607_5",
            "desc": "Chiacchiere Livello Legame 2",
            "dlg": "This bionic gear from that Workshop is really handy. Apparently it's easier to equip than others, too. And they move just like my very own limbs. Ripping, tearing, decorating... It's got a lot of uses~"
        },
        {
            "id": "neglect_10607_1",
            "desc": "Inattività",
            "dlg": "Mm~ Downtime again. Do they really have that little work to give us?"
        },
        {
            "id": "gacksung_10607_1",
            "desc": "Aumento Legame Liv. 3",
            "dlg": "I agree, I did good work~ Just bring me some more, and I'll show you what I'm really made of. You will, right?"
        },
        {
            "id": "formation_10607_1",
            "desc": "Schieramento in Team",
            "dlg": "Do we have a contract?"
        },
        {
            "id": "battleentry_10607_1",
            "desc": "Entrata nella Sezione",
            "dlg": "How much shall I rip and tear today?"
        },
        {
            "id": "battle_select_10607_1",
            "desc": "Selezione in Battaglia",
            "dlg": "Ah, I wasn't supposed to hang them up like that?"
        },
        {
            "id": "battle_endcommand_10607_1",
            "desc": "Inizio Attacco",
            "dlg": "Get over... here!"
        },
        {
            "id": "battle_enemy_break_10607_1",
            "desc": "Nemico Vacillante",
            "dlg": "Hmm~ No point dragging on."
        },
        {
            "id": "battle_break_10607_1",
            "desc": "Vacilla",
            "dlg": "Uh oh..."
        },
        {
            "id": "battle_kill_10607_1",
            "desc": "Nemico Ucciso",
            "dlg": "Let's get this over with, okay?"
        },
        {
            "id": "battle_dead_10607_1",
            "desc": "Morte",
            "dlg": "Oh... they were... predicting my moves..."
        },
        {
            "id": "choice_success_p_10607_2",
            "desc": "Prova Superata",
            "dlg": "Hm, that was easy. I'm leavin' first!"
        },
        {
            "id": "choice_fail_n_10607_1",
            "desc": "Prova Non Superata",
            "dlg": "Give me something I'm good at. Not something like this."
        },
        {
            "id": "battle_clear_10607_1",
            "desc": "Vittoria",
            "dlg": "I didn't enjoy that. They couldn't hold out long enough for me."
        },
        {
            "id": "battle_clear_ex_10607_1",
            "desc": "Condizioni Extra Soddisfatte",
            "dlg": "Haah~ I think I'm finally starting to straighten out my life! I should keep saving up money and buy me some better gear."
        },
        {
            "id": "battle_defeat_10607_1",
            "desc": "Sconfitta",
            "dlg": "What...? Fixers aren't allowed to just kill people...? So they lied to me..."
        }
    ]
}