{
    "dataList": [
        {
            "id": "get_10307_1",
            "desc": "Identità Ottenuta",
            "dlg": "Have thee ever beheld a Lantern so grossly incandescent? Remain at my side, and darkness shall never consume us!"
        },
        {
            "id": "lobby_morning_10307_1",
            "desc": "Saluto Mattutino",
            "dlg": "Today is another day! Thus I shall toil to gather more energy. Dost thou not find thyself growing delighted at the notion of numerous happenings in this hallway today?"
        },
        {
            "id": "lobby_noon_10307_1",
            "desc": "Saluto Pomeridiano",
            "dlg": "'Tis time for a midday meal. I am far from famished... alas, these little teeth fellows are chattering expectantly. Heh heh."
        },
        {
            "id": "lobby_night_10307_1",
            "desc": "Saluto Serale",
            "dlg": "Verily, is this not the time for the Lantern to shine?"
        },
        {
            "id": "smalltalk_10307_1",
            "desc": "Chiacchere #1",
            "dlg": "Come hither and behold, Nobile Manager! Is it not so fascinating to see such a beaut of a flower in the middle of a hallway? Lo! If I poke it so, it fidgets and twitches..."
        },
        {
            "id": "smalltalk_10307_2",
            "desc": "Chiacchere #2",
            "dlg": "FIE!!! Didst thou not hear the siren indicating that an Abnormality is on the loose? Make haste, make haste! Make way! 'Tis my chance to shine!"
        },
        {
            "id": "smalltalk_10307_3",
            "desc": "Chiacchere #3",
            "dlg": "Quite warm it is, this furry garb! Ah, take care not to pet it too much. It may nibble thy finger off. Or fingers...!"
        },
        {
            "id": "smalltalk_10307_4",
            "desc": "Chiacchiere Livello Legame 1",
            "dlg": "Lady Outis <color=#325339>(It's Captain Outis!)</color> has, ahem, shared aught with me... That I may be quite adept at playing the role of a 'bait'! Quickly hide behind me at the first sign of danger, thou must!"
        },
        {
            "id": "smalltalk_10307_5",
            "desc": "Chiacchiere Livello Legame 2",
            "dlg": "Behold this Lantern for a while. Dost thou not feel the warm heart and good fortune rumbling within thyself?\nEven at a place such as this where good fortune seems so ill-available..."
        },
        {
            "id": "neglect_10307_1",
            "desc": "Inattività",
            "dlg": "To where hast thou gone, Nobile Manager?! Thou mustn't let the Lantern ambush and nibble thee!"
        },
        {
            "id": "gacksung_10307_1",
            "desc": "Aumento Legame Liv. 3",
            "dlg": "I cannot contain my joy Nobile Manager!!! Prithee, bring forth more villains for me to thrash!"
        },
        {
            "id": "formation_10307_1",
            "desc": "Schieramento in Team",
            "dlg": "I! Can be quite the excellent bait, if I do say so myself!"
        },
        {
            "id": "battleentry_10307_1",
            "desc": "Entrata nella Sezione",
            "dlg": "Ah, my time to flash has come once again!"
        },
        {
            "id": "battle_select_10307_1",
            "desc": "Selezione in Battaglia",
            "dlg": "Is there aught else to suppress?!"
        },
        {
            "id": "battle_endcommand_10307_1",
            "desc": "Inizio Attacco",
            "dlg": "I shall chew thee to shreds!"
        },
        {
            "id": "battle_enemy_break_10307_1",
            "desc": "Nemico Vacillante",
            "dlg": "Just thee wait! Thou shall be devoured whole posthaste!"
        },
        {
            "id": "battle_break_10307_1",
            "desc": "Vacilla",
            "dlg": "... 'Twas but a moment of hesitation."
        },
        {
            "id": "battle_kill_10307_1",
            "desc": "Nemico Ucciso",
            "dlg": "Om nom."
        },
        {
            "id": "battle_dead_10307_1",
            "desc": "Morte",
            "dlg": "So I have always... shone so brightly..."
        },
        {
            "id": "choice_success_p_10307_2",
            "desc": "Prova Superata",
            "dlg": "Ah... to follow the Lantern is to walk the path of answers!"
        },
        {
            "id": "choice_fail_n_10307_1",
            "desc": "Prova Non Superata",
            "dlg": "The answer... yet remains out of sight."
        },
        {
            "id": "battle_clear_10307_1",
            "desc": "Vittoria",
            "dlg": "Have I not flashed so radiantly today?!"
        },
        {
            "id": "battle_clear_ex_10307_1",
            "desc": "Condizioni Extra Soddisfatte",
            "dlg": "Thus I have gobbled them up without a trace! I hope Miss Hod finds it within herself to compliment mine achievements!"
        },
        {
            "id": "battle_defeat_10307_1",
            "desc": "Sconfitta",
            "dlg": "Fie, I was the one to be gobbled up by these very fangs..."
        }
    ]
}
