{
  "dataList": [
    {
      "id": "get_11202_1",
      "desc": "Identità Ottenuta",
      "dlg": "Say, Manager Bud, you like fireworks?"
    },
    {
      "id": "lobby_morning_11202_1",
      "desc": "Saluto Mattutino",
      "dlg": "Sun’s bright today. Oughta be more than enough light."
    },
    {
      "id": "lobby_noon_11202_1",
      "desc": "Saluto Pomeridiano",
      "dlg": "No wonder everyone was in a rush, it’s lunchtime."
    },
    {
      "id": "lobby_night_11202_1",
      "desc": "Saluto Serale",
      "dlg": "Good grief, why do they have to keep everyone so late? Don’t I deserve some downtime to smoke, at least?"
    },
    {
      "id": "smalltalk_11202_1",
      "desc": "Chiacchere #1",
      "dlg": "What’s up? If you’re bored, feel free to hang with me for a bit."
    },
    {
      "id": "smalltalk_11202_2",
      "desc": "Chiacchere #2",
      "dlg": "Check this out, Manager Bud. Thanks to this here, I don’t need to carry a lighter around. Tried giving Ryōshū a light the other day, but she got all snappy, calling it “inartistic” or whatever."
    },
    {
      "id": "smalltalk_11202_3",
      "desc": "Chiacchere #3",
      "dlg": "‘Bout Meursault? He’s, eh… kinda like a brick wall, but others say we make a good team."
    },
    {
      "id": "smalltalk_11202_4",
      "desc": "Chiacchiere Livello Legame 1",
      "dlg": "“Isn’t this prosthetic arm uncomfortable?” Nah, not at all. You have no idea how much the lack of feeling helps me in fights. As long as it knows no pain, my arm’s invincible. That’s all I care."
    },
    {
      "id": "smalltalk_11202_5",
      "desc": "Chiacchiere Livello Legame 2",
      "dlg": "I hate the frontline. If I can, I wanna stay at the back and chill, just flinging some flames every so often."
    },
    {
      "id": "neglect_11202_1",
      "desc": "Inattività",
      "dlg": "Where’d you go, Manager Bud? Welp, guess I’ll take a smoke break…"
    },
    {
      "id": "gacksung_11202_1",
      "desc": "Aumento Legame Liv. 3",
      "dlg": "C’mon, I don’t need all this. You’re pressuring me into working harder."
    },
    {
      "id": "formation_11202_1",
      "desc": "Schieramento in Team",
      "dlg": "Sure, let’s burn some stuff."
    },
    {
      "id": "battleentry_11202_1",
      "desc": "Entrata nella Sezione",
      "dlg": "Not sure my body will work with me… but orders are orders."
    },
    {
      "id": "battle_select_11202_1",
      "desc": "Selezione in Battaglia",
      "dlg": "What is it, Manager Bud?"
    },
    {
      "id": "battle_endcommand_11202_1",
      "desc": "Inizio Attacco",
      "dlg": "Let’s get right into it."
    },
    {
      "id": "battle_break_11202_1",
      "desc": "Vacilla",
      "dlg": "Ugh!"
    },
    {
      "id": "battle_enemy_break_11202_1",
      "desc": "Nemico Vacillante",
      "dlg": "Pretty flammable, aren’t ya?"
    },
    {
      "id": "battle_kill_11202_1",
      "desc": "Nemico Ucciso",
      "dlg": "Next."
    },
    {
      "id": "battle_allydead_11202_1",
      "desc": "Morte Alleato",
      "dlg": "Told you to watch it…"
    },
    {
      "id": "choice_success_p_11202_1",
      "desc": "Prova Superata",
      "dlg": "A better choice than I expected."
    },
    {
      "id": "choice_fail_n_11202_1",
      "desc": "Prova Non Superata",
      "dlg": "Fire can leave dire consequences if you aren’t careful with it…"
    },
    {
      "id": "battle_clear_11202_1",
      "desc": "Vittoria",
      "dlg": "Well… That punch I threw at the end was pretty cool, wasn’t it?"
    },
    {
      "id": "battle_clear_ex_11202_1",
      "desc": "Condizioni Extra Soddisfatte",
      "dlg": "Man, I strained myself. That’s a week’s worth of excuses I could use."
    },
    {
      "id": "battle_defeat_11202_1",
      "desc": "Sconfitta",
      "dlg": "Ignition’s not working well today…"
    }
  ]
}