{
  "dataList": [
    {
      "id": "get_11103_1",
      "desc": "Identità Ottenuta",
      "dlg": "As of this moment, anyone who frowns at me will be dishonorably discharged."
    },
    {
      "id": "lobby_morning_11103_1",
      "desc": "Saluto Mattutino",
      "dlg": "Oversleeping is not tolerated on my watch. Such tardiness in wartime is flat out asking to be killed."
    },
    {
      "id": "lobby_noon_11103_1",
      "desc": "Saluto Pomeridiano",
      "dlg": "Look at those slackers, getting ready to roam about looking for a place to eat… I suggest we stock rations on the bus."
    },
    {
      "id": "lobby_night_11103_1",
      "desc": "Saluto Serale",
      "dlg": "I haven’t had the luxury of proper sleep for a long time. I saw firsthand the devastation that awaited me after a moment of rest."
    },
    {
      "id": "smalltalk_11103_1",
      "desc": "Chiacchere #1",
      "dlg": "I never quite expected to meet the man here—our wartime hero who had vanished as soon as the war was over…"
    },
    {
      "id": "smalltalk_11103_2",
      "desc": "Chiacchere #2",
      "dlg": "A swarm of insects never knows retreat. They rush out without a hint of reservation, and their jaws gnaw even the dead."
    },
    {
      "id": "smalltalk_11103_3",
      "desc": "Chiacchere #3",
      "dlg": "My old subordinates… They would charge ahead at a single gesture of my hand, advancing until nothing but empty husks remained in their wake. A stark contrast to what I have here."
    },
    {
      "id": "smalltalk_11103_4",
      "desc": "Chiacchiere Livello Legame 1",
      "dlg": "I am still unaccustomed to the blue sky, as well as the fact that I can freely breathe this air… and the absence of shouts and cries that would break the dawn."
    },
    {
      "id": "smalltalk_11103_5",
      "desc": "Chiacchiere Livello Legame 2",
      "dlg": "Receiving commands from someone with zero experience in combat was unfathomable to me. However… I’m learning here that every rule has its exceptions."
    },
    {
      "id": "neglect_11103_1",
      "desc": "Inattività",
      "dlg": "Perhaps a squad-wide roll call will knock some sense into them…"
    },
    {
      "id": "gacksung_11103_1",
      "desc": "Aumento Legame Liv. 3",
      "dlg": "Salutations. I shall do my utmost to serve."
    },
    {
      "id": "formation_11103_1",
      "desc": "Schieramento in Team",
      "dlg": "Ready to sortie!"
    },
    {
      "id": "battleentry_11103_1",
      "desc": "Entrata nella Sezione",
      "dlg": "I’m counting on your command."
    },
    {
      "id": "battle_select_11103_1",
      "desc": "Selezione in Battaglia",
      "dlg": "Do you need my advice?"
    },
    {
      "id": "battle_endcommand_11103_1",
      "desc": "Inizio Attacco",
      "dlg": "Charging in."
    },
    {
      "id": "battle_enemy_break_11103_1",
      "desc": "Nemico Vacillante",
      "dlg": "I spotted a vulnerability."
    },
    {
      "id": "battle_break_11103_1",
      "desc": "Vacilla",
      "dlg": "Tch!"
    },
    {
      "id": "battle_kill_11103_1",
      "desc": "Nemico Ucciso",
      "dlg": "Where do I go next?"
    },
    {
      "id": "battle_allydead_11103_1",
      "desc": "Morte Alleato",
      "dlg": "There will be full-on roll call tonight."
    },
    {
      "id": "choice_success_p_11103_2",
      "desc": "Prova Superata",
      "dlg": "Excellent command."
    },
    {
      "id": "choice_fail_n_11103_1",
      "desc": "Prova Non Superata",
      "dlg": "I can’t expect every order to be flawless."
    },
    {
      "id": "battle_clear_11103_1",
      "desc": "Vittoria",
      "dlg": "You’re worse than pests."
    },
    {
      "id": "battle_clear_ex_11103_1",
      "desc": "Condizioni Extra Soddisfatte",
      "dlg": "I must acknowledge that your leadership rivals mine."
    },
    {
      "id": "battle_defeat_11103_1",
      "desc": "Sconfitta",
      "dlg": "If only I had assumed total command…"
    }
  ]
}