{
  "dataList": [
          {
            "id": 0,
            "content": "Fly, broken wings "
          },
          {
            "id": 1,
            "content": "I know you are still with me "
          },
          {
            "id": 2,
            "content": "All I need is a nudge to get me started"
          },
          {
            "id": 3,
            "content": "Fly, broken wings "
          },
          {
            "id": 4,
            "content": "To somewhere we can free"
          },
          {
            "id": 5,
            "content": "Closer to our "
          },
          {
            "id": 6,
            "content": "Teary eyed"
          },
          {
            "id": 7,
            "content": "Once-gentle soul"
          },
          {
            "id": 8,
            "content": "I watched as you rotted away"
          },
          {
            "id": 9,
            "content": "The mirror says"
          },
          {
            "id": 10,
            "content": "That I still remember hope"
          },
          {
            "id": 11,
            "content": "Mmm"
          },
          {
            "id": 12,
            "content": "You're doing what you love"
          },
          {
            "id": 13,
            "content": "Isn't that enough? Isn't that enough?"
          },
          {
            "id": 14,
            "content": "A genius, perfect job"
          },
          {
            "id": 15,
            "content": "Isn't that enough? Isn't that enough? "
          },
          {
            "id": 16,
            "content": "Again and again"
          },
          {
            "id": 17,
            "content": "You locked me down, I locked me down"
          },
          {
            "id": 18,
            "content": "We staked me to the ground"
          },
          {
            "id": 19,
            "content": "The soil gave me warmth"
          },
          {
            "id": 20,
            "content": "Please die, little dreams"
          },
          {
            "id": 21,
            "content": "Kill the camellias in me"
          },
          {
            "id": 22,
            "content": "Wouldn't it be easier to give in?"
          },
          {
            "id": 23,
            "content": "Why are these hands chasing dreams out of my reach?"
          },
          {
            "id": 24,
            "content": "Is my thirst for normalcy "
          },
          {
            "id": 25,
            "content": "Fly, perfect wings"
          },
          {
            "id": 26,
            "content": "(Goodbye, goodbye, goodbye"
          },
          {
            "id": 27,
            "content": "Where have you been hiding?"
          },
          {
            "id": 28,
            "content": "(Goodbye, goodbye, goodbye) "
          },
          {
            "id": 29,
            "content": "Bring me to the mind that got us started"
          },
          {
            "id": 30,
            "content": "Fly, perfect wings"
          },
          {
            "id": 31,
            "content": "(Goodbye, goodbye, goodbye) "
          },
          {
            "id": 32,
            "content": "Show them who I can be"
          },
          {
            "id": 33,
            "content": "(Goodbye, goodbye, goodbye) "
          },
          {
            "id": 34,
            "content": "For the one last time, if you will"
          },
          {
            "id": 35,
            "content": "THAT'S ALL"
          }
   ]
}