{
  "dataList": [
    {
      "id": 0,
      "content": "<style=\"den_CP6_1\">Io... una cosa inferiore a una bestia feroce... dovrei ancora fingere di essere umano?"
    },
    {
      "id": 1,
      "content": "<style=\"den_CP6_1\">We killed Catherine... we don't deserve to live."
    },
    {
      "id": 2,
      "content": "<style=\"den_CP6_1\">I keep... hearing a voice in my head..."
    },
    {
      "id": 3,
      "content": "<style=\"den_CP6_1\">My vulgar, low birth can't change."
    },
    {
      "id": 4,
      "content": "<style=\"den_CP6_1\">I couldn't change. Just a ragged sack full of waste, that's what I am."
    },
    {
      "id": 5,
      "content": "<style=\"den_CP6_1\">I don't need to speak as humans do. I only howl."
    },
    {
      "id": 6,
      "content": "<style=\"den_CP6_1\">Cathy, I'm back... Please..."
    },
    {
      "id": 7,
      "content": "<style=\"den_CP6_1\">You and I... shoved into a sack... we must shatter into a thousand pieces."
    },
    {
      "id": 8,
      "content": "<style=\"den_CP6_1\">I will drag it all down... to the ends of the inferno."
    }
  ]
}