{
  "dataList": [
    {
      "id": 0,
      "content": "Bon Voyage"
    },
    {
      "id": 1,
      "content": "La tua sirena salpa"
    },
    {
      "id": 2,
      "content": "Finalmente"
    },
    {
      "id": 3,
      "content": "Velocemente verso il tuo cuore"
    },
    {
      "id": 4,
      "content": "Velocemente verso il tuo cuore"
    },
    {
      "id": 5,
      "content": "Ne ho abbastanza"
    },
    {
      "id": 6,
      "content": "Mi rivendico"
    },
    {
      "id": 7,
      "content": "La poppa"
    },
    {
      "id": 8,
      "content": "Si allontana dal dolore"
    },
    {
      "id": 9,
      "content": "Si allontana dal dolore"
    },
    {
      "id": 10,
      "content": "Quando si spezzò"
    },
    {
      "id": 11,
      "content": "La mia bussola fu inghiottita dal mare"
    },
    {
      "id": 12,
      "content": "La mia bussola fu inghiottita dal mare"
    },
    {
      "id": 13,
      "content": "Maledissi questo rapporto tra noi"
    },
    {
      "id": 14,
      "content": "<style=\"den\">Volevo sangue"
    },
    {
      "id": 15,
      "content": "<style=\"den\">Volevo bianco e nero"
    },
    {
      "id": 16,
      "content": "<style=\"den\">Sicuro"
    },
    {
      "id": 17,
      "content": "<style=\"den\">I tuoi mali predefiniti"
    },
    {
      "id": 18,
      "content": "<style=\"den\">I tuoi mali predefiniti"
    },
    {
      "id": 19,
      "content": "Tieniti forte"
    },
    {
      "id": 20,
      "content": "La mia bussola è curiosità"
    },
    {
      "id": 21,
      "content": "La mia bussola è curiosità"
    },
    {
      "id": 22,
      "content": "Trapasserò la corda che ci strangolava"
    },
    {
      "id": 23,
      "content": "Lasciaci Libere"
    },
    {
      "id": 24,
      "content": "Alta Marea,"
    },
    {
      "id": 25,
      "content": "Bassa Marea."
    },
    {
      "id": 26,
      "content": "Alta Marea,"
    },
    {
      "id": 27,
      "content": "Bassa Marea."
    },
    {
      "id": 28,
      "content": "Alta Marea,"
    },
    {
      "id": 29,
      "content": "Bassa Marea."
    },
    {
      "id": 30,
      "content": "Alta Marea,"
    },
    {
      "id": 31,
      "content": "Bassa Marea."
    }
  ]
}