{
  "dataList": [
    {
      "id": "0",
      "content": "<style=\"den\">Forse quello è stato quando</style>"
    },
    {
      "id": "1",
      "content": "<style=\"den\">Decisi di rimanere caduto</style>"
    },
    {
      "id": "2",
      "content": "<style=\"den\"><size=20>Luci</size></style>"
    },
    {
      "id": "3",
      "content": "<style=\"den\">Una <size=20>stella</size></style>"
    },
    {
      "id": "4",
      "content": "<style=\"den\">Una <size=20>voce</size></style>"
    },
    {
      "id": "5",
      "content": "<style=\"den\">Un pensiero <size=20>perverso</size></style>"
    },
    {
      "id": "6",
      "content": "<style=\"den\">Un <size=20>tocco</size></style>"
    },
    {
      "id": "7",
      "content": "<style=\"den\">Un <size=20>bacio</size></style>"
    },
    {
      "id": "8",
      "content": "<style=\"den\">Un sogno <size=20>distorto</size></style>"
    },
    {
      "id": "9",
      "content": "<style=\"den\"><size=20>Onde</size></style>"
    },
    {
      "id": "10",
      "content": "<style=\"den\">Un <size=20>pozzo</size></style>"
    },
    {
      "id": "11",
      "content": "<style=\"den\">Una <size=20>pietra</size></style>"
    },
    {
      "id": "12",
      "content": "<style=\"den\">Un desiderio <size=20>moltiplicato</size></style>"
    },
    {
      "id": "13",
      "content": "<style=\"den\">Un frutto</style>"
    },
    {
      "id": "14",
      "content": "<style=\"den\">Un <size=20>peccato</size></style>"
    },
    {
      "id": "15",
      "content": "<style=\"den\">Una sacra madre</style>"
    },
    {
      "id": "16",
      "content": "<style=\"den\">Sono infettato, <size=20>Sono infettato</size></style>"
    },
    {
      "id": "17",
      "content": "<style=\"den\">Mi hai infettato e <size=20>ricreato</size></style>"
    },
    {
      "id": "18",
      "content": "<style=\"den\">Scavalcato il mio<size=20>corpo</size></style>"
    },
    {
      "id": "19",
      "content": "<style=\"den\">Trovato un <size=20>posto</size> soleggiato</style>"
    },
    {
      "id": "20",
      "content": "<style=\"den\">Accoccolato in una <size=20>palla</size></style>"
    },
    {
      "id": "21",
      "content": "<style=\"den\">Tessendo la <size=20>seta</size></style>"
    },
    {
      "id": "22",
      "content": "<style=\"den\">Dalla <size=20>testa</size> ai <size=20>piedi</size></style>"
    },
    {
      "id": "23",
      "content": "<style=\"den\">Dentro il caldo <size=20>bozzolo</size>, sognai <size=20>di essere</size> come <size=20>te</size></style>"
    },
    {
      "id": "24",
      "content": "<style=\"den\">Anche se so non si ritorna</style>"
    },
    {
      "id": "25",
      "content": "<style=\"den\">Cosa ho ancora da perdere?</style>"
    },
    {
      "id": "26",
      "content": "<style=\"den\"><size=20>Diviso</size></style>"
    },
    {
      "id": "27",
      "content": "<style=\"den\">Un <size=20>cielo</size></style>"
    },
    {
      "id": "28",
      "content": "<style=\"den\">Una <size=20>terra</size></style>"
    },
    {
      "id": "29",
      "content": "<style=\"den\">Caddi dentro una <size=20>frattura</size></style>"
    },
    {
      "id": "30",
      "content": "<style=\"den\">Una <size=20>nascita</size></style>"
    },
    {
      "id": "31",
      "content": "<style=\"den\">Un <size=20>uovo</size></style>"
    },
    {
      "id": "32",
      "content": "<style=\"den\">Una membrana appena <size=20>aperta</size></style>"
    },
    {
      "id": "33",
      "content": "<style=\"den\">Una <size=20>cellula</size></style>"
    },
    {
      "id": "34",
      "content": "<style=\"den\">Un <size=20>marcio</size></style>"
    },
    {
      "id": "35",
      "content": "<style=\"den\">Un volto ritornato in <size=20>cenere</size></style>"
    },
    {
      "id": "36",
      "content": "<style=\"den\">Una <size=20>ferita</size></style>"
    },
    {
      "id": "37",
      "content": "<style=\"den\">Un’ <size=20>arte</size></style>"
    },
    {
      "id": "38",
      "content": "<style=\"den\">Una tela <size=20>senziente</size></style>"
    },
    {
      "id": "39",
      "content": "<style=\"den\">Rompo rompo rompo il guscio</style>"
    },
    {
      "id": "40",
      "content": "<style=\"den\">Rompo via, oh rompi ora</style>"
    },
    {
      "id": "41",
      "content": "<style=\"den\">Mostra come, mostra come</style>"
    },
    {
      "id": "42",
      "content": "<style=\"den\">Ascoltami, bambino spezzato</style>"
    },
    {
      "id": "43",
      "content": "<style=\"den\">Lamentiamo</style>"
    },
    {
      "id": "44",
      "content": "<style=\"den\">Lamentiamo</style>"
    },
    {
      "id": "45",
      "content": "<style=\"den\">La <size=20>vita</size>, la <size=20>morte</size>, il <size=20>bello</size>, il <size=20>brutto</size></style>"
    },
    {
      "id": "46",
      "content": "<style=\"den\">L’infinita <size=20>maledizione</size> che lanciamo</style>"
    },
    {
      "id": "47",
      "content": "<style=\"den\"><size=20>Controlla</size>, Controlla, <size=20>Control</size>, Rilascia</style>"
    },
    {
      "id": "48",
      "content": "<style=\"den\">Controlla, <size=20>Betray</size>, Controlla, <size=20>Molla</size></style>"
    },
    {
      "id": "49",
      "content": "<style=\"den\"><size=20>Nascondi, Rivela, Irreale, Surreale</size></style>"
    },
    {
      "id": "50",
      "content": "<style=\"den\"><size=20>Invoca, Evoca, Decodifica, Ricarica</size></style>"
    },
    {
      "id": "51",
      "content": "<style=\"den\">Lamentiamo</style>"
    },
    {
      "id": "52",
      "content": "<style=\"den\"><size=20>Lamentiamo</size></style>"
    },
    {
      "id": "53",
      "content": "<style=\"den\">Il <size=20>passato</size> che è vissuto solo nella terra santa <size=20>incompleta</size></style>"
    },
    {
      "id": "54",
      "content": "<style=\"den\">Celestiale</style>"
    },
    {
      "id": "55",
      "content": "<style=\"den\">Ayiah</style>"
    },
    {
      "id": "56",
      "content": "<style=\"den\">Siamo astrali</style>"
    },
    {
      "id": "57",
      "content": "<style=\"den\">Ayiou</style>"
    },
    {
      "id": "58",
      "content": "<style=\"den\">Rinasco</style>"
    },
    {
      "id": "59",
      "content": "<style=\"den\">Le rheaiah</style>"
    },
    {
      "id": "60",
      "content": "<style=\"den\">Liberazione completa</style>"
    },
    {
      "id": "61",
      "content": "<style=\"den\">Katre o lamenta</style>"
    },
    {
      "id": "62",
      "content": "<style=\"den\">La mia pelle tenera</style>"
    },
    {
      "id": "63",
      "content": "<style=\"den\">Una canzone vagita</style>"
    },
    {
      "id": "64",
      "content": "<style=\"den\">Essenziale</style>"
    },
    {
      "id": "65",
      "content": "<style=\"den\">Respirai</style>"
    },
    {
      "id": "66",
      "content": "<style=\"den\">Eventuale</style>"
    },
    {
      "id": "67",
      "content": "<style=\"den\">E urlai</style>"
    },
    {
      "id": "68",
      "content": "<style=\"den\">Eterna</style>"
    },
    {
      "id": "69",
      "content": "<style=\"den\">Dai miei nuovi polmoni</style>"
    },
    {
      "id": "70",
      "content": "<style=\"den\">Inevitabile liberazione dell’anima</style>"
    }
  ]
}