{
  "dataList": [
    {
      "id": "0",
      "content": "I vecchi giorni ad inseguire le ombre"
    },
    {
      "id": "1",
      "content": "Restano solo ricordi vani"
    },
    {
      "id": "2",
      "content": "Come se un fuoco mi fosse passato sopra"
    },
    {
      "id": "3",
      "content": "Mi resta in mano solo cenere"
    },
    {
      "id": "4",
      "content": "Ho corso sempre senza sosta"
    },
    {
      "id": "5",
      "content": "Quei tempi passati che mi facevano singhiozzare"
    },
    {
      "id": "6",
      "content": "Finiranno per mancarmi anche loro?"
    },
    {
      "id": "7",
      "content": "Tra molto, molto tempo"
    },
    {
      "id": "8",
      "content": "Quando ripenso a quei ricordi"
    },
    {
      "id": "9",
      "content": "Spero proprio sorriderò"
    },
    {
      "id": "10",
      "content": "Con quanto tempo mi resta"
    },
    {
      "id": "11",
      "content": "Devo fare passi in avanti"
    },
    {
      "id": "12",
      "content": "Bruciando fino a consumarmi"
    },
    {
      "id": "13",
      "content": "Devo sembrare proprio una candela"
    },
    {
      "id": "14",
      "content": "Senza un attimo per respirare"
    },
    {
      "id": "15",
      "content": "Si sono presentati giorni turbolenti"
    },
    {
      "id": "16",
      "content": "Spero di prendere la mia strada"
    },
    {
      "id": "17",
      "content": "Tra molto, molto tempo"
    },
    {
      "id": "18",
      "content": "Quando ripenso a quei ricordi"
    },
    {
      "id": "19",
      "content": "Spero proprio di poter sorridere"
    },
    {
      "id": "20",
      "content": "Lasciami, lasciami volare così lontano"
    },
    {
      "id": "21",
      "content": "Per poter raggiungere le stelle come un'uccello nella notte"
    },
    {
      "id": "22",
      "content": "Questa notte, questa notte tornerà, di certo, ma…"
    },
    {
      "id": "23",
      "content": "Va tutto bene, perchè vivrò"
    },
    {
      "id": "24",
      "content": "Tutto bene"
    }
  ]
}