{
  "dataList": [
    {
      "id": "0",
      "content": "Ooh"
    },
    {
      "id": "1",
      "content": "È quel periodo dell’anno"
    },
    {
      "id": "2",
      "content": "Una notte molto lieta a cui teniamo"
    },
    {
      "id": "3",
      "content": "Così tanti, così tanti rimpianti mi fanno piangere"
    },
    {
      "id": "4",
      "content": "Non molti, non molti si accorgono o interessano"
    },
    {
      "id": "5",
      "content": "Ooh"
    },
    {
      "id": "6",
      "content": "Mia Salvatrice"
    },
    {
      "id": "7",
      "content": "Ooh"
    },
    {
      "id": "8",
      "content": "Perché un semplice fuoco è così potente?"
    },
    {
      "id": "9",
      "content": "Se solo potessimo rimanere per sempre ingenui e puri"
    },
    {
      "id": "10",
      "content": "Se solo potessimo avere futuri senza dolore"
    },
    {
      "id": "11",
      "content": "Se solo esistesse un mondo che perdona"
    }
  ]
}