{
  "dataList": [
    {
      "id": 0,
      "content": "We're swaying on horseback"
    },
    {
      "id": 1,
      "content": "The hills are green"
    },
    {
      "id": 2,
      "content": "And the birdies sing"
    },
    {
      "id": 3,
      "content": "And roses are pink"
    },
    {
      "id": 4,
      "content": "Experience I never had"
    },
    {
      "id": 5,
      "content": "I'm so happy"
    },
    {
      "id": 6,
      "content": "Happy to just be part of your story"
    },
    {
      "id": 7,
      "content": "After you I follow"
    },
    {
      "id": 8,
      "content": "After you I follow"
    },
    {
      "id": 9,
      "content": "The world you show me broaden my horizon"
    },
    {
      "id": 10,
      "content": "Forever my hero"
    },
    {
      "id": 11,
      "content": "Forever my hero"
    },
    {
      "id": 12,
      "content": "I am your biggest fan"
    },
    {
      "id": 13,
      "content": "I am your biggest fan"
    },
    {
      "id": 14,
      "content": "Merry-go-round"
    },
    {
      "id": 15,
      "content": "In a circle I run"
    },
    {
      "id": 16,
      "content": "It's so much fun leaving reality behind"
    },
    {
      "id": 17,
      "content": "<style=\"den\">I fall down the horseback"
    },
    {
      "id": 18,
      "content": "<style=\"den\">With my crippled legs"
    },
    {
      "id": 19,
      "content": "<style=\"den\">And then it starts to rain"
    },
    {
      "id": 20,
      "content": "<style=\"den\">Showing me it's all fake"
    },
    {
      "id": 21,
      "content": "<style=\"den\">Raindrops wash down the facade"
    },
    {
      "id": 22,
      "content": "<style=\"den\">Hills are painted"
    },
    {
      "id": 23,
      "content": "<style=\"den\">Birdies are robotic"
    },
    {
      "id": 24,
      "content": "<style=\"den\">Roses are made of clay"
    },
    {
      "id": 25,
      "content": "<style=\"den\">Excitement that I feel"
    },
    {
      "id": 26,
      "content": "<style=\"den\">Excitement that I feel"
    },
    {
      "id": 27,
      "content": "<style=\"den\">Return them to the shelf"
    },
    {
      "id": 28,
      "content": "<style=\"den\">Cause now I understand"
    },
    {
      "id": 29,
      "content": "<style=\"den\">Heroes cannot be real"
    },
    {
      "id": 30,
      "content": "<style=\"den\">Heroes cannot be real"
    },
    {
      "id": 31,
      "content": "<style=\"den\">I wasn't who I am"
    },
    {
      "id": 32,
      "content": "<style=\"den\">I don't know who I am"
    },
    {
      "id": 33,
      "content": "<style=\"den\">¿Who am I?"
    },
    {
      "id": 34,
      "content": "<style=\"den\">¿Who am I?"
    },
    {
      "id": 35,
      "content": "<style=\"den\">¿Who am I?"
    },
    {
      "id": 36,
      "content": "Here we go, another lap"
    },
    {
      "id": 37,
      "content": "Prizes to claim"
    },
    {
      "id": 38,
      "content": "Here's a dream for you"
    },
    {
      "id": 39,
      "content": "Here's a dream for me"
    },
    {
      "id": 40,
      "content": "Golden tickets in my bag stay unexchanged"
    },
    {
      "id": 41,
      "content": "Don't you love the thrill of the chase?"
    },
    {
      "id": 42,
      "content": "Just let me be your fan"
    },
    {
      "id": 43,
      "content": "I wanna be your fan"
    },
    {
      "id": 44,
      "content": "I'm still your biggest fan"
    },
    {
      "id": 45,
      "content": "<style=\"den\">Why is it that some were given the role of villian"
    },
    {
      "id": 46,
      "content": "<style=\"den\">The moment they were released into this system?"
    },
    {
      "id": 47,
      "content": "Stand up"
    },
    {
      "id": 48,
      "content": "Gallop on"
    },
    {
      "id": 49,
      "content": "Nothing can be done by feeling so sorry for myself"
    },
    {
      "id": 50,
      "content": "Hero"
    },
    {
      "id": 51,
      "content": "On a plastic horse"
    },
    {
      "id": 52,
      "content": "Fighting like it's real"
    },
    {
      "id": 53,
      "content": "With a cardboard sword"
    },
    {
      "id": 54,
      "content": "I know"
    },
    {
      "id": 55,
      "content": "Successful or not, I am who I am"
    },
    {
      "id": 56,
      "content": "I am my biggest fan"
    },
    {
      "id": 57,
      "content": "I am my biggest fan"
    },
    {
      "id": 58,
      "content": "I am my enemy and my friend"
    },
    {
      "id": 59,
      "content": "Hero"
    },
    {
      "id": 60,
      "content": "Gonna prove my version of justice"
    },
    {
      "id": 61,
      "content": "Is more just than yours"
    },
    {
      "id": 62,
      "content": "Uno"
    },
    {
      "id": 63,
      "content": "Remaining on this stage, I am the only one"
    },
    {
      "id": 64,
      "content": "I am my biggest fan"
    },
    {
      "id": 65,
      "content": "I am my biggest fan"
    },
    {
      "id": 66,
      "content": "I am my enemy and my friend"
    }
  ]
}