{
  "dataList": [
    {
      "id": "announcer_ggomi_90002_1",
      "dlg": "Hmm... Ti serviranno più Peccatori, Dante.",
      "imgStr": "charon_announcer",
      "isHide": true
    },
    {
      "id": "announcer_ggomi_90002_2",
      "dlg": "Altri due? Hm. Buona fortuna, Dante.",
      "imgStr": "charon_announcer",
      "isHide": true
    },
    {
      "id": "announcer_ggomi_90002_3",
      "dlg": "Ti conviene coinvolgere tutti, Dante. Anche se non hai ancora comandato delle forze così grandi... haah.",
      "imgStr": "charon_announcer",
      "isHide": true
    },
    {
      "id": "announcer_ggomi_90002_4",
      "dlg": "Non è un sollievo che Charon non voglia inseguire i Peccatori in ritirata?",
      "imgStr": "charon_announcer",
      "isHide": true
    },
    {
      "id": "announcer_ggomi_90002_5",
      "dlg": "Huh. Beh, che fortuna che non ti abbia immediatamente ridotto ad un mucchietto di carne spappolata.",
      "imgStr": "charon_announcer",
      "isHide": true
    },
    {
      "id": "announcer_ggomi_90002_6",
      "dlg": "Oh. Hm... dovreste tenervi forte.",
      "imgStr": "charon_announcer",
      "isHide": true
    },
    {
      "id": "announcer_ggomi_90002_7",
      "dlg": "Che disastro... Allora, come ci si sente ad essere sconfitti da... Kkomi?",
      "imgStr": "charon_announcer",
      "isHide": true
    }
  ]
}