{
  "dataList": [
    {
      "id": "announcer_911401_90001_1",
      "dlg": "",
      "imgStr": "hohenheim_announcer",
      "isHide": true
    },
    {
      "id": "announcer_911404_90001_1",
      "dlg": "The purpose of this evaluation is to measure your combat capacity in case the manager has been separated from the group. I request that you engage with the tests earnestly.",
      "imgStr": "hohenheim_announcer",
      "isHide": true
    },
    {
      "id": "announcer_911404_90001_2",
      "dlg": "It does not seem that the Sinners would be capable of defeating the Peccatula Invidiae without a proper command. ... Manager?",
      "imgStr": "hohenheim_announcer",
      "isHide": true
    },
    {
      "id": "announcer_911406_90001_1",
      "dlg": "This time, your condition is to ensure that no Sinners suffer heavy wounds.",
      "imgStr": "hohenheim_announcer",
      "isHide": true
    },
    {
      "id": "announcer_911406_90001_2",
      "dlg": "Hm. So this one seems to have been quite manageable... Let's move on to the next test.",
      "imgStr": "hohenheim_announcer",
      "isHide": true
    },
    {
      "id": "announcer_911406_90001_3",
      "dlg": "You've allowed the Sinners to get hit, manager. Aren't you getting too comfortable letting them die?",
      "imgStr": "hohenheim_announcer",
      "isHide": true
    },
    {
      "id": "announcer_911406_90001_4",
      "dlg": "That did not meet the criteria for the test. Well... keep trying, then.",
      "imgStr": "hohenheim_announcer",
      "isHide": true
    },
    {
      "id": "announcer_911407_90001_1",
      "dlg": "This time, you must suppress the entities as fast as you can.",
      "imgStr": "hohenheim_announcer",
      "isHide": true
    },
    {
      "id": "announcer_911407_90001_2",
      "dlg": "All things went as expected in this suppression. Well, I don't suppose there's any need for me to make any adjustments to this variable.",
      "imgStr": "hohenheim_announcer",
      "isHide": true
    },
    {
      "id": "announcer_911407_90001_3",
      "dlg": "This is taking longer than expected. Hopefully you'll be able to end the fight with this command phase.",
      "imgStr": "hohenheim_announcer",
      "isHide": true
    },
    {
      "id": "announcer_911407_90001_4",
      "dlg": "Don't get too excited, now. There was nothing exceptional about these results. Let us proceed to the next test.",
      "imgStr": "hohenheim_announcer",
      "isHide": true
    },
    {
      "id": "announcer_911407_90001_5",
      "dlg": "Close, but... a pass is a pass.",
      "imgStr": "hohenheim_announcer",
      "isHide": true
    },
    {
      "id": "announcer_911407_90001_6",
      "dlg": "That did not meet the criteria for the test. Well... keep trying, then.",
      "imgStr": "hohenheim_announcer",
      "isHide": true
    },
    {
      "id": "announcer_911408_90001_1",
      "dlg": "This one may be quite complicated for you to handle. Dispose of the entities before they do it themselves.",
      "imgStr": "hohenheim_announcer",
      "isHide": true
    },
    {
      "id": "announcer_911408_90001_2",
      "dlg": "Quite the skilled response. Perhaps you have faced these forms of Peccatula often in the past?",
      "imgStr": "hohenheim_announcer",
      "isHide": true
    },
    {
      "id": "announcer_911408_90001_3",
      "dlg": "Hm. Not bad, considering the demanding conditions. Very good. Let us proceed to the next test.",
      "imgStr": "hohenheim_announcer",
      "isHide": true
    },
    {
      "id": "announcer_911408_90001_4",
      "dlg": "It seems that you should first focus on not getting your Sinners killed before trying to defeat the Peccatula in time... Well, don't give up now.",
      "imgStr": "hohenheim_announcer",
      "isHide": true
    },
    {
      "id": "announcer_911408_90001_5",
      "dlg": "That did not meet the criteria for the test. Well... keep trying, then.",
      "imgStr": "hohenheim_announcer",
      "isHide": true
    },
    {
      "id": "announcer_911409_90001_1",
      "dlg": "This time, we will observe your evasion abilities. Try to defeat them without getting hit once, save for attacks that are entirely unavoidable.",
      "imgStr": "hohenheim_announcer",
      "isHide": true
    },
    {
      "id": "announcer_911409_90001_2",
      "dlg": "So the manager's concern for the Sinners weren't just empty words, I see... Very well, this matches the preliminary reports we had on hand.",
      "imgStr": "hohenheim_announcer",
      "isHide": true
    },
    {
      "id": "announcer_911409_90001_3",
      "dlg": "Hm, was this a mistake on the Sinner's part? Let us hope that this was not a failure of the command system.",
      "imgStr": "hohenheim_announcer",
      "isHide": true
    },
    {
      "id": "announcer_911409_90001_4",
      "dlg": "Ten consecutive mistakes seems to imply that there <i>was</i> a failure of the commander's part, but... hm, please do continue.",
      "imgStr": "hohenheim_announcer",
      "isHide": true
    },
    {
      "id": "announcer_911410_90001_1",
      "dlg": "Given that this is our final test of the day, let's make this a tad more challenging. Try to ensure that each Sinner defeats their own Peccatulum Invidiae.",
      "imgStr": "hohenheim_announcer",
      "isHide": true
    },
    {
      "id": "announcer_911410_90001_2",
      "dlg": "I have heard many tales of your genius even before you became the company's asset. It seems they were all true. Congratulations.",
      "imgStr": "hohenheim_announcer",
      "isHide": true
    },
    {
      "id": "announcer_911410_90001_3",
      "dlg": "… Hm. It seems that the binding force of the artifact has been copied to the Peccatulum as well. This is actually quite interesting.",
      "imgStr": "hohenheim_announcer",
      "isHide": true
    },
    {
      "id": "announcer_911410_90001_4",
      "dlg": "When I present you with conditions to be followed, you follow the condi— mm, don't worry about it. Please complete the remaining tests as dictated, at least.",
      "imgStr": "hohenheim_announcer",
      "isHide": true
    },
    {
      "id": "announcer_911410_90001_5",
      "dlg": "Well... I can understand how this has happened, given the difficulty of the test. But a failure is a failure nonetheless.",
      "imgStr": "hohenheim_announcer",
      "isHide": true
    }
  ]
}