{
  "dataList": [
    {
      "id": 1,
      "personalityid": 10601,
      "voiceFile": 0,
      "teller": "Hong Lu",
      "dialog": "This is as easy as eating the rice cakes my servants brought to my mouth.",
      "usage": "(800101, VERY_HIGH), (800102, VERY_HIGH), (800104, VERY_HIGH), (800105, VERY_HIGH)"
    },
    {
      "id": 2,
      "personalityid": 10601,
      "voiceFile": 0,
      "teller": "Hong Lu",
      "dialog": "I think I shall handle this one!",
      "usage": "(800101, HIGH), (800102, HIGH), (800104, HIGH), (800105, HIGH) "
    },
    {
      "id": 3,
      "personalityid": 10601,
      "voiceFile": 0,
      "teller": "Hong Lu",
      "dialog": "Hmm, well. Alright. I’ll do it.",
      "usage": "(800101, NORMAL), (800102, NORMAL), (800104, NORMAL), (800105, NORMAL)"
    },
    {
      "id": 4,
      "personalityid": 10601,
      "voiceFile": 0,
      "teller": "Hong Lu",
      "dialog": "I think… this is someone else’s job, wouldn’t you agree?",
      "usage": "(800101, LOW), (800102, LOW), (800104, LOW), (800105, LOW)"
    },
    {
      "id": 5,
      "personalityid": 10601,
      "voiceFile": 0,
      "teller": "Hong Lu",
      "dialog": "Ah, I’ve just remembered that I had urgent business to take care of…",
      "usage": "(800101, VERY_LOW), (800102, VERY_LOW), (800104, VERY_LOW), (800105, VERY_LOW) "
    },
    {
      "id": 6,
      "personalityid": 10601,
      "voiceFile": 0,
      "teller": "Hong Lu",
      "dialog": "Ahaha, there’s no need to shower me with praise.",
      "usage": "(800101, SUCCESS), (800102, SUCCESS), (800104, SUCCESS), (800105, SUCCESS)"
    },
    {
      "id": 7,
      "personalityid": 10601,
      "voiceFile": 0,
      "teller": "Hong Lu",
      "dialog": "Oh dear~ Don’t blame yourself too much. It just wasn’t your day.",
      "usage": "(800101, FAILURE), (800102, FAILURE), (800104, FAILURE), (800105, FAILURE)"
    },
    {
      "id": 8,
      "personalityid": 10602,
      "voiceFile": 0,
      "teller": "Kurokumo Hong Lu",
      "dialog": "",
      "usage": "(800101, VERY_HIGH), (800102, VERY_HIGH), (800104, VERY_HIGH), (800105, VERY_HIGH)"
    },
    {
      "id": 9,
      "personalityid": 10602,
      "voiceFile": 0,
      "teller": "Kurokumo Hong Lu",
      "dialog": "",
      "usage": "(800101, HIGH), (800102, HIGH), (800104, HIGH), (800105, HIGH) "
    },
    {
      "id": 10,
      "personalityid": 10602,
      "voiceFile": 0,
      "teller": "Kurokumo Hong Lu",
      "dialog": "",
      "usage": "(800101, NORMAL), (800102, NORMAL), (800104, NORMAL), (800105, NORMAL)"
    },
    {
      "id": 11,
      "personalityid": 10602,
      "voiceFile": 0,
      "teller": "Kurokumo Hong Lu",
      "dialog": "",
      "usage": "(800101, LOW), (800102, LOW), (800104, LOW), (800105, LOW)"
    },
    {
      "id": 12,
      "personalityid": 10602,
      "voiceFile": 0,
      "teller": "Kurokumo Hong Lu",
      "dialog": "",
      "usage": "(800101, VERY_LOW), (800102, VERY_LOW), (800104, VERY_LOW), (800105, VERY_LOW) "
    },
    {
      "id": 13,
      "personalityid": 10602,
      "voiceFile": 0,
      "teller": "Kurokumo Hong Lu",
      "dialog": "",
      "usage": "(800101, SUCCESS), (800102, SUCCESS), (800104, SUCCESS), (800105, SUCCESS)"
    },
    {
      "id": 14,
      "personalityid": 10602,
      "voiceFile": 0,
      "teller": "Kurokumo Hong Lu",
      "dialog": "",
      "usage": "(800101, FAILURE), (800102, FAILURE), (800104, FAILURE), (800105, FAILURE)"
    }
  ]
}