{
  "dataList": [
    {
      "id": 1,
      "personalityid": 11201,
      "voiceFile": 0,
      "teller": "Gregor",
      "dialog": "Oh, this shouldn’t be a big deal at all, huh?",
      "usage": "(800101, VERY_HIGH), (800102, VERY_HIGH), (800104, VERY_HIGH), (800105, VERY_HIGH)"
    },
    {
      "id": 2,
      "personalityid": 11201,
      "voiceFile": 0,
      "teller": "Gregor",
      "dialog": "Looks like a bit of a bother, but, eh… probably doable.",
      "usage": "(800101, HIGH), (800102, HIGH), (800104, HIGH), (800105, HIGH) "
    },
    {
      "id": 3,
      "personalityid": 11201,
      "voiceFile": 0,
      "teller": "Gregor",
      "dialog": "Welp… Not really feeling it, but if you say so.",
      "usage": "(800101, NORMAL), (800102, NORMAL), (800104, NORMAL), (800105, NORMAL)"
    },
    {
      "id": 4,
      "personalityid": 11201,
      "voiceFile": 0,
      "teller": "Gregor",
      "dialog": "Is that an order? If you’re just asking, then I suggest someone else.",
      "usage": "(800101, LOW), (800102, LOW), (800104, LOW), (800105, LOW)"
    },
    {
      "id": 5,
      "personalityid": 11201,
      "voiceFile": 0,
      "teller": "Gregor",
      "dialog": "…So you were the kind of boss to get fragged by their own men.",
      "usage": "(800101, VERY_LOW), (800102, VERY_LOW), (800104, VERY_LOW), (800105, VERY_LOW) "
    },
    {
      "id": 6,
      "personalityid": 11201,
      "voiceFile": 0,
      "teller": "Gregor",
      "dialog": "Hm, got lucky.",
      "usage": "(800101, SUCCESS), (800102, SUCCESS), (800104, SUCCESS), (800105, SUCCESS)"
    },
    {
      "id": 7,
      "personalityid": 11201,
      "voiceFile": 0,
      "teller": "Gregor",
      "dialog": "Dumm gelaufen. Want a cig?",
      "usage": "(800101, FAILURE), (800102, FAILURE), (800104, FAILURE), (800105, FAILURE)"
    },
    {
      "id": 8,
      "personalityid": 11202,
      "voiceFile": 0,
      "teller": "Liu Gregor",
      "dialog": "",
      "usage": "(800101, VERY_HIGH), (800102, VERY_HIGH), (800104, VERY_HIGH), (800105, VERY_HIGH)"
    },
    {
      "id": 9,
      "personalityid": 11202,
      "voiceFile": 0,
      "teller": "Liu Gregor",
      "dialog": "",
      "usage": "(800101, HIGH), (800102, HIGH), (800104, HIGH), (800105, HIGH) "
    },
    {
      "id": 10,
      "personalityid": 11202,
      "voiceFile": 0,
      "teller": "Liu Gregor",
      "dialog": "",
      "usage": "(800101, NORMAL), (800102, NORMAL), (800104, NORMAL), (800105, NORMAL)"
    },
    {
      "id": 11,
      "personalityid": 11202,
      "voiceFile": 0,
      "teller": "Liu Gregor",
      "dialog": "",
      "usage": "(800101, LOW), (800102, LOW), (800104, LOW), (800105, LOW)"
    },
    {
      "id": 12,
      "personalityid": 11202,
      "voiceFile": 0,
      "teller": "Liu Gregor",
      "dialog": "",
      "usage": "(800101, VERY_LOW), (800102, VERY_LOW), (800104, VERY_LOW), (800105, VERY_LOW) "
    },
    {
      "id": 13,
      "personalityid": 11202,
      "voiceFile": 0,
      "teller": "Liu Gregor",
      "dialog": "",
      "usage": "(800101, SUCCESS), (800102, SUCCESS), (800104, SUCCESS), (800105, SUCCESS)"
    },
    {
      "id": 14,
      "personalityid": 11202,
      "voiceFile": 0,
      "teller": "Liu Gregor",
      "dialog": "",
      "usage": "(800101, FAILURE), (800102, FAILURE), (800104, FAILURE), (800105, FAILURE)"
    }
  ]
}