{
  "dataList": [
    {
      "id": 1,
      "personalityid": 10401,
      "voiceFile": 0,
      "teller": "Ryōshū",
      "dialog": "So easy, I don’t even wanna bother.",
      "usage": "(800101, VERY_HIGH), (800102, VERY_HIGH), (800104, VERY_HIGH), (800105, VERY_HIGH)"
    },
    {
      "id": 2,
      "personalityid": 10401,
      "voiceFile": 0,
      "teller": "Ryōshū",
      "dialog": "Does it really have to be me when the others are right there?",
      "usage": "(800101, HIGH), (800102, HIGH), (800104, HIGH), (800105, HIGH) "
    },
    {
      "id": 3,
      "personalityid": 10401,
      "voiceFile": 0,
      "teller": "Ryōshū",
      "dialog": "Seems manageable.",
      "usage": "(800101, NORMAL), (800102, NORMAL), (800104, NORMAL), (800105, NORMAL)"
    },
    {
      "id": 4,
      "personalityid": 10401,
      "voiceFile": 0,
      "teller": "Ryōshū",
      "dialog": "Nothing I’d recommend, but I won’t say no to it.",
      "usage": "(800101, LOW), (800102, LOW), (800104, LOW), (800105, LOW)"
    },
    {
      "id": 5,
      "personalityid": 10401,
      "voiceFile": 0,
      "teller": "Ryōshū",
      "dialog": "Overcoming the impossible is where true beauty lies.",
      "usage": "(800101, VERY_LOW), (800102, VERY_LOW), (800104, VERY_LOW), (800105, VERY_LOW) "
    },
    {
      "id": 6,
      "personalityid": 10401,
      "voiceFile": 0,
      "teller": "Ryōshū",
      "dialog": "Got a fine piece of work out of it.",
      "usage": "(800101, SUCCESS), (800102, SUCCESS), (800104, SUCCESS), (800105, SUCCESS)"
    },
    {
      "id": 7,
      "personalityid": 10401,
      "voiceFile": 0,
      "teller": "Ryōshū",
      "dialog": "Hm, I tried, but it didn't work out.",
      "usage": "(800101, FAILURE), (800102, FAILURE), (800104, FAILURE), (800105, FAILURE)"
    },
    {
      "id": 8,
      "personalityid": 10402,
      "voiceFile": 0,
      "teller": "Seven Ryōshū",
      "dialog": "",
      "usage": "(800101, VERY_HIGH), (800102, VERY_HIGH), (800104, VERY_HIGH), (800105, VERY_HIGH)"
    },
    {
      "id": 9,
      "personalityid": 10402,
      "voiceFile": 0,
      "teller": "Seven Ryōshū",
      "dialog": "",
      "usage": "(800101, HIGH), (800102, HIGH), (800104, HIGH), (800105, HIGH) "
    },
    {
      "id": 10,
      "personalityid": 10402,
      "voiceFile": 0,
      "teller": "Seven Ryōshū",
      "dialog": "",
      "usage": "(800101, NORMAL), (800102, NORMAL), (800104, NORMAL), (800105, NORMAL)"
    },
    {
      "id": 11,
      "personalityid": 10402,
      "voiceFile": 0,
      "teller": "Seven Ryōshū",
      "dialog": "",
      "usage": "(800101, LOW), (800102, LOW), (800104, LOW), (800105, LOW)"
    },
    {
      "id": 12,
      "personalityid": 10402,
      "voiceFile": 0,
      "teller": "Seven Ryōshū",
      "dialog": "",
      "usage": "(800101, VERY_LOW), (800102, VERY_LOW), (800104, VERY_LOW), (800105, VERY_LOW) "
    },
    {
      "id": 13,
      "personalityid": 10402,
      "voiceFile": 0,
      "teller": "Seven Ryōshū",
      "dialog": "",
      "usage": "(800101, SUCCESS), (800102, SUCCESS), (800104, SUCCESS), (800105, SUCCESS)"
    },
    {
      "id": 14,
      "personalityid": 10402,
      "voiceFile": 0,
      "teller": "Seven Ryōshū",
      "dialog": "",
      "usage": "(800101, FAILURE), (800102, FAILURE), (800104, FAILURE), (800105, FAILURE)"
    }
  ]
}