{
  "dataList": [
    {
      "id": "860801_log_1_1",
      "content": "<color=#ebcaa2>{0}</color> <color=#ebcaa2>gains</color> %{2} {1}/% "
    },
    {
      "id": "860801_log_1_2",
      "content": "<color=#ebcaa2>{0}</color> <color=#e30000>takes {2}</color> {1} damage"
    },
    {
      "id": "860501_success_1",
      "content": "<color=#ebcaa2>{0}</color> <color=#ebcaa2>gains</color> %{2} {1}/% "
    },
    {
      "id": "860501_success_2",
      "content": "<color=#ebcaa2>{0}</color> <color=#fe4b48>loses {1} SP</color>"
    },
    {
      "id": "860501_failure_1",
      "content": "<color=#ebcaa2>{0}</color> <color=#fe4b48>loses {1} SP</color>"
    },
    {
      "id": "862901_1_1",
      "content": "<color=#ebcaa2>All allies</color> <color=#80c9ff>heal {0} SP.</color>"
    },
    {
      "id": "862901_1_2",
      "content": "Minus Coin Identities <color=#fe4b48>lose {0} SP</color> instead"
    },
    {
      "id": "862901_1_3",
      "content": "Starting next turn, all allies gain +{0} Max Speed for this Encounter"
    },
    {
      "id": "862901_1_4",
      "content": "All allies gain {0} for the rest of the Encounter."
    },
    {
      "id": "862901_2_1",
      "content": "All allies <color=#80c9ff>heal {0} SP</color>"
    },
    {
      "id": "862901_2_2",
      "content": "Minus Coin Identities <color=#fe4b48>lose {0} SP</color> instead"
    },
    {
      "id": "862901_2_3",
      "content": "All allies gain %{1} {0}/% for this Encounter"
    },
    {
      "id": "862901_2_4",
      "content": "All allies gain {0} for the rest of the Encounter"
    },
    {
      "id": "862901_3_1",
      "content": "All allies <color=#80c9ff>heal {0} SP</color>"
    },
    {
      "id": "862901_3_2",
      "content": "Minus Coin Identities <color=#fe4b48>lose {0} SP</color> instead"
    },
    {
      "id": "862901_3_3",
      "content": "All allies gain %{1} {0}/% for this Encounter"
    },
    {
      "id": "862901_3_4",
      "content": "All allies gain {0} for the rest of the Encounter"
    },
    {
      "id": "862902_1_1",
      "content": "<color=#ebcaa2>All allies</color> <color=#80c9ff>heal {0} SP.</color>"
    },
    {
      "id": "862902_1_2",
      "content": "Minus Coin Identities <color=#80c9ff>heal {0} SP</color> instead"
    },
    {
      "id": "862902_2_1",
      "content": "Gain {0} E.G.O resources for all affinities"
    },
    {
      "id": "862902_3_1",
      "content": "All allies gain %{1} {0}/% for this Encounter"
    },
    {
      "id": "862903_success_1",
      "content": "Halve all allies' {0} Potency and Count"
    },
    {
      "id": "862903_failure_1",
      "content": "Nothing happened."
    }
  ]
}