{
  "dataList": [
    {
      "id": "816601_success_1",
      "content": "<color=#ebcaa2>[{0}]</color> gains %{2} [{1}]/%"
    },
    {
      "id": "816601_success_2",
      "content": "<color=#ebcaa2>[{0}]</color> gains %{2} [{1}]/% next turn"
    },
    {
      "id": "816601_failure_1",
      "content": "<color=#ebcaa2>[{0}]</color> gains %{2} [{1}]/% next turn"
    },
    {
      "id": "816601_failure_2",
      "content": "<color=#ebcaa2>[{0}]</color> takes {1} SP damage"
    },
    {
      "id": "816602_success_1",
      "content": "<color=#ebcaa2>[{0}]</color> gains %{2} [{1}]/%"
    },
    {
      "id": "816602_success_2",
      "content": "<color=#ebcaa2>[{0}]</color> heals {1} HP and {2} SP"
    },
    {
      "id": "816602_failure_1",
      "content": "<color=#ebcaa2>[{0}]</color> heals {1} HP to Core and Part"
    },
    {
      "id": "816602_failure_2",
      "content": "<color=#ebcaa2>[{0}]</color> takes {1} SP damage"
    },
    {
      "id": "817101_log_1_1",
      "content": "<color=#ebcaa2>[{0}]</color> gains %{2} [{1}]/%"
    },
    {
      "id": "817101_log_1_2",
      "content": "<color=#ebcaa2>[{0}]</color> gains %{2} [{1}]/% next turn"
    },
    {
      "id": "817302_success_1",
      "content": "<color=#ebcaa2>All Sinners</color> heal {0} SP"
    },
    {
      "id": "817302_success_2",
      "content": "<color=#ebcaa2>[{0}]</color> gains %{2} {1}/% for the rest of the Encounter"
    },
    {
      "id": "817302_success_3",
      "content": "<color=#ebcaa2>All Sinners gain</color> %{1} {0}/% for the rest of the Encounter"
    },
    {
      "id": "817302_failure_1",
      "content": "<color=#ebcaa2>[{0}]</color> gains %{2} {1}/% for the rest of the Encounter"
    },
    {
      "id": "817302_failure_2",
      "content": "<color=#ebcaa2>All Sinners gain</color> {1} {0} for the rest of the Encounter"
    },
    {
      "id": "817304_success_1",
      "content": "<color=#ebcaa2>[{0}]</color> heals {1} SP"
    },
    {
      "id": "817304_success_2",
      "content": "[{0}] gains %{3} {2}/% for {1} turn(s)"
    },
    {
      "id": "817304_success_3",
      "content": "Every Catherine's both hands gain %{2} {1}/% for {0} turn(s)"
    },
    {
      "id": "817304_success_4",
      "content": "Every Catherine's both hands gain %{2} {1}/% for {0} turn(s)"
    },
    {
      "id": "817304_failure_2",
      "content": "Every Catherine's both hands gain %{2} {1}/% for {0} turn(s)"
    },
    {
      "id": "817304_failure_1",
      "content": "[{0}] gains %{3} {2}/% for {1} turn(s)"
    },
    {
      "id": "817305_1",
      "content": "[{0}] <color=#80c9ff>fully heals SP</color>"
    },
    {
      "id": "817305_2",
      "content": "<color=#ebcaa2>All Sinners</color> <color=#80c9ff>heal {0} SP.</color>"
    },
    {
      "id": "817305_3",
      "content": "[{0}]'s {1} changes to {2}"
    }
  ]
}