{
  "dataList": [
    {
      "id": "800101_whitesnow_success_1_1",
      "content": "<color=#ebcaa2>Gli effetti di [{0}]</color> <color=#e30000>sono terminati.</color>"
    },
    {
      "id": "800101_whitesnow_failure_1_1",
      "content": "<color=#ebcaa2>Non è successo niente.</color>"
    },
    {
      "id": "800105_whitesnow_success_1_1",
      "content": "La <color=#ebcaa2>[{0}]</color> <color=#f8c200>si è rotta!</color>"
    },
    {
      "id": "800105_whitesnow_success_1_2",
      "content": "<color=#ebcaa2>[{0}] Vacilla!</color>"
    },
    {
      "id": "800105_whitesnow_failure_1_1",
      "content": "<color=#ebcaa2>Non è successo niente.</color>"
    },
    {
      "id": "800801_muckwormedapple_success_1_1",
      "content": "<color=#ebcaa2>La Mela Indorata crea un nuovo corpo!</color>"
    },
    {
      "id": "800801_muckwormedapple_failure_1_1",
      "content": "<color=#ebcaa2>[{0}]</color> <color=#e30000>perde [{1}] PV.</color>"
    },
    {
      "id": "800801_muckwormedapple_failure_1_2",
      "content": "Tutte le parti della [{0}] ricevono %{3} {2} per {1} turno/i/%."
    },
    {
      "id": "800801_muckwormedapple_failure_1_3",
      "content": "<color=#ebcaa2>La Mela Indorata crea un nuovo corpo!</color>"
    },
    {
      "id": "800201_aztec_circle_1_1",
      "content": "<color=#ebcaa2>Tutte le parti del [{0}]</color> <color=#ebcaa2>ricevono</color> %{2} [{1}]/%."
    },
    {
      "id": "800202_aztec_circle_success_1_1",
      "content": "<color=#ebcaa2>[{0}]</color> <color=#e30000>perde {1} PV.</color>"
    },
    {
      "id": "800202_aztec_circle_success_1_2",
      "content": "<color=#ebcaa2>Tutte le parti del [{0}]</color> <color=#ebcaa2>ricevono</color> %{2} [{1}]/%."
    },
    {
      "id": "800202_aztec_circle_failure_1_1",
      "content": "<color=#ebcaa2>[{0}]</color> <color=#e30000>perde {1} PV.</color>"
    },
    {
      "id": "800202_aztec_circle_failure_1_2",
      "content": "<color=#ebcaa2>[{0}]</color> <color=#fe4b48>perde {1} PS.</color>"
    },
    {
      "id": "800202_aztec_circle_failure_1_3",
      "content": "<color=#ebcaa2>Tutte le parti del [{0}]</color> <color=#ebcaa2>ricevono</color> %{2} [{1}] e {4} [{3}]/%."
    },
    {
      "id": "800203_aztec_circle_1_1",
      "content": "<color=#ebcaa2>[{0}]</color> <color=#e30000>perde {1} PV.</color>"
    },
    {
      "id": "800203_aztec_circle_1_2",
      "content": "<color=#ebcaa2>[{1}] del [{0}]</color> <color=#e30000>è scaduto.</color>"
    },
    {
      "id": "800204_aztec_circle_success_1_1",
      "content": "<color=#ebcaa2>[{0}]</color> <color=#e30000>perde {1} PV.</color>"
    },
    {
      "id": "800204_aztec_circle_success_1_2",
      "content": "<color=#ebcaa2>[{0}]</color> <color=#e30000>perde {1} PV.</color>"
    },
    {
      "id": "800204_aztec_circle_success_1_3",
      "content": "<color=#ebcaa2>[{1}] del [{0}]</color> <color=#e30000>è scaduto.</color>"
    },
    {
      "id": "800204_aztec_circle_failure_1_1",
      "content": "<color=#ebcaa2>[{0}]</color> <color=#e30000>perde {1} PV.</color>"
    },
    {
      "id": "800204_aztec_circle_failure_1_2",
      "content": "<color=#ebcaa2>[{0}]</color> <color=#fe4b48>perde {1} PS.</color>"
    },
    {
      "id": "800204_aztec_circle_failure_1_3",
      "content": "<color=#ebcaa2>[{0}]</color> <color=#e30000>perde {1} PV.</color>"
    },
    {
      "id": "800204_aztec_circle_failure_1_4",
      "content": "%{1} [{0}]/% <color=#ebcaa2>applicato</color> a <color=#ebcaa2>tutti i Peccatori.</color>"
    },
    {
      "id": "800206_aztec_circle_success_1_1",
      "content": "<color=#ebcaa2>[{0}]</color> <color=#e30000>perde {1} PV.</color>"
    },
    {
      "id": "800206_aztec_circle_success_1_2",
      "content": "<color=#ebcaa2>Tutti i Peccatori</color> <color=#fe4b48>perdono {0} PS.</color>"
    },
    {
      "id": "800206_aztec_circle_success_1_3",
      "content": "<color=#ebcaa2>Anormalità Soppressa!</color>"
    },
    {
      "id": "800206_aztec_circle_failure_1_1",
      "content": "<color=#ebcaa2>[{0}]</color> <color=#e30000>perde {1} PV.</color>"
    },
    {
      "id": "800206_aztec_circle_failure_1_2",
      "content": "<color=#ebcaa2>Tutti i Peccatori</color> <color=#fe4b48>perdono {0} PS.</color>"
    },
    {
      "id": "800206_aztec_circle_failure_1_3",
      "content": "<color=#ebcaa2>Tutte le parti di [{0}]</color> <color=#ebcaa2>ricevono</color> %{2} [{1}] e {4} [{3}]/%."
    },
    {
      "id": "801201_reinforcedHuman_1_1",
      "content": "<color=#ebcaa2>Indagine sulla fabbrica…</color>"
    },
    {
      "id": "801201_reinforcedHuman_1_2",
      "content": "<color=#ebcaa2>Decidemmo contro indagare sulla fabbrica.</color>"
    },
    {
      "id": "801202_reinforcedHuman_1_1",
      "content": "<color=#ebcaa2>Premuto “Si”.</color>"
    },
    {
      "id": "801202_reinforcedHuman_2_1",
      "content": "<color=#ebcaa2>Premuto “No”.</color>"
    },
    {
      "id": "801202_reinforcedHuman_1_2_1",
      "content": "<color=#ebcaa2>Tutte le Indentità</color> <color=#e30000>perdono {0} PV.</color>"
    },
    {
      "id": "801202_reinforcedHuman_1_2_2",
      "content": "<color=#ebcaa2>Tutti i Cyborg</color> <color=#e30000>perdono</color> <color=#ebcaa2>la Passiva [Fabbrica di Miglioramenti al Lavoro]!</color>"
    },
    {
      "id": "801202_reinforcedHuman_2_2",
      "content": "<color=#ebcaa2>Tutti i nemici</color> <color=#e30000>perdono</color> <color=#ebcaa2>la Passiva [Fabbrica di Miglioramenti al Lavoro]!</color>"
    },
    {
      "id": "801502_pinkshoe_success_1_1",
      "content": "<color=#ebcaa2>Per i turni rimanenti, tutti i nemici</color> <color=#ebcaa2>ricevono</color> %{1} [{0}] e {3} [{2}]/%."
    },
    {
      "id": "801502_pinkshoe_success_1_2",
      "content": "<color=#ebcaa2>Tutti i nemici non diventano più affetti da [{0}].</color>"
    },
    {
      "id": "801502_pinkshoe_failure_1_1",
      "content": "<color=#ebcaa2>Tutti gli alleati</color> <color=#e30000>perdono {0} PV.</color>"
    },
    {
      "id": "801502_pinkshoe_failure_1_2",
      "content": "<color=#ebcaa2>Tutti gli alleati</color> <color=#ebcaa2>diventano affetti da</color> %{1} [{0}]/%."
    },
    {
      "id": "801502_pinkshoe_failure_1_3",
      "content": "<color=#ebcaa2>Tutti i nemici diventano affetti da %[{0}]/%.</color>"
    },
    {
      "id": "102001_action_4_1",
      "content": "<color=#ebcaa2>Tutti gli alleati</color> <color=#e30000>perdono {0} PV.</color>"
    },
    {
      "id": "102001_action_4_2",
      "content": "<color=#ebcaa2>Tutti gli alleati</color> <color=#fe4b48>perdono {0} PS.</color>"
    },
    {
      "id": "102002_action_1_1",
      "content": "<color=#ebcaa2>[Rodion]</color> <color=#80c9ff>sale di {0} PS.</color>"
    },
    {
      "id": "102002_action_1_2",
      "content": "<color=#ebcaa2>[Rodion]</color> <color=#fe4b48>perde {0} PS.</color>"
    },
    {
      "id": "102002_action_2_2",
      "content": "<color=#ff8000>Combattimento!</color>"
    },
    {
      "id": "1020201_success_1_1",
      "content": "<color=#ebcaa2>[{0}]</color> <color=#80c9ff>sale di {1} PS.</color>"
    },
    {
      "id": "1020201_failure_1_1",
      "content": "<color=#ebcaa2>[{0}]</color> <color=#e30000>perde {1} PV.</color>"
    },
    {
      "id": "1020203_success_1_1",
      "content": "<color=#ebcaa2>Tutti gli alleati</color> <color=#80c9ff>salgono di {0} PS.</color>"
    },
    {
      "id": "1020203_success_1_2",
      "content": "<color=#ebcaa2>[Rodion]</color> <color=#80c9ff>sale di {0} PS.</color>"
    },
    {
      "id": "1020203_failure_1_1",
      "content": "<color=#ebcaa2>[{0}]</color> <color=#e30000>perde {1} PV.</color>"
    },
    {
      "id": "acquire_ego_gift",
      "content": "<color=#ebcaa2>Prendi un Dono E.G.O.!</color>"
    },
    {
      "id": "disappear_ego_gift",
      "content": "<color=#ebcaa2>Il Dono E.G.O. ‘{0}’</color> <color=#e30000>è scaduto.</color>"
    },
    {
      "id": "acquire_ego_gift_if_win",
      "content": "<color=#ebcaa2>Vinci il combattimento per ottenere un Dono E.G.O.!</color>"
    },
    {
      "id": "chracter_mp_decrease",
      "content": "<color=#ebcaa2>[{0}]</color> <color=#fe4b48>perde {1} PS.</color>"
    },
    {
      "id": "chracter_mp_increase",
      "content": "<color=#ebcaa2>[{0}]</color> <color=#80c9ff>sale di {1} PS.</color>"
    },
    {
      "id": "chracter_hp_increase",
      "content": "<color=#ebcaa2>[{0}]</color> <color=#00ff9c>cura {1} PV.</color>"
    },
    {
      "id": "chracter_hp_decrease",
      "content": "<color=#ebcaa2>[{0}]</color> <color=#e30000>perde {1} PV.</color>"
    },
    {
      "id": "chracter_hp_mp_decrease",
      "content": "<color=#ebcaa2>[{0}]</color> <color=#e30000>perde {1} PV<color=#ebcaa2> e <color=#fe4b48>SP.</color>"
    },
    {
      "id": "all_ally_hp_decrease",
      "content": "<color=#ebcaa2>Tutti gli alleati</color> <color=#e30000>perdono {0} PV.</color>"
    },
    {
      "id": "all_ally_hp_increase",
      "content": "<color=#ebcaa2>Tutti gli alleati</color> <color=#e30000>recuperano {0} PV.</color>"
    },
    {
      "id": "all_ally_mp_decrease",
      "content": "<color=#ebcaa2>Tutti gli alleati</color> <color=#fe4b48>perdono {0} PS.</color>"
    },
    {
      "id": "all_ally_hp_mp_decrease",
      "content": "<color=#ebcaa2>Tutti gli alleati</color> <color=#e30000>perdono {0} PV<color=#ebcaa2> e <color=#fe4b48>SP.</color>"
    },
    {
      "id": "all_ally_add_buff",
      "content": "<color=#ebcaa2>Tutti gli alleati</color> <color=#ebcaa2>ricevono</color> %{1} {0}/%!"
    },
    {
      "id": "all_ally_add_buff_during_next_n_battle",
      "content": "<color=#ebcaa2>Tutti gli alleati</color> <color=#ebcaa2>ricevono</color> %{2} {1}/% per i/l prossimo/i {0} combattimento/i."
    },
    {
      "id": "all_enemy_apply_buff",
      "content": "%{1} {0}/% <color=#ebcaa2>applica</color> <color=#ebcaa2>a tutti i nemici!</color>"
    },
    {
      "id": "character_apply_buff_during_next_n_battle",
      "content": "<color=#ebcaa2>[{0}] riceve</color> %{3} {2}/% <color=#ebcaa2>per i/l prossimo/i {1} combattimento/i.</color>"
    },
    {
      "id": "battle_occurrence",
      "content": "<color=#ebcaa2>Combattimento!</color>"
    },
    {
      "id": "nothing_happend",
      "content": "<color=#ebcaa2>Non è successo niente.</color>"
    },
    {
      "id": "unlock_hidden_node",
      "content": "<color=#ebcaa2>Cè una nuova strada sulla mappa!</color>"
    },
    {
      "id": "enemy_wave_decrease",
      "content": "<color=#ebcaa2>Ondate di nemici ridotte di {0}!</color>"
    },
    {
      "id": "803001_cromer_success_1_1",
      "content": "<color=#ebcaa2>[{0}] Vacilla!</color>"
    },
    {
      "id": "803001_cromer_failure_1_1",
      "content": "<color=#ebcaa2>[{0}]</color> <color=#fe4b48>perde {1} PS.</color>"
    },
    {
      "id": "all_ally_mp_increase",
      "content": "<color=#ebcaa2>Tutti gli alleati</color> <color=#80c9ff>salgono di {0} PS.</color>"
    },
    {
      "id": "ally_own_skill_attribute_hp_increase",
      "content": "<color=#ebcaa2>Le Identità con</color> %{0} Abilità di Attacco di Affinità/% <color=#ebcaa2>recuperano</color> <color=#00ff9c>{1} PV.</color>"
    },
    {
      "id": "ally_not_own_skill_attribute_hp_increase",
      "content": "<color=#ebcaa2>Le Identità senza</color> %{0} Abilità di Attacco di Affinità/% <color=#ebcaa2>recuperano</color> <color=#00ff9c>{1} PV.</color>"
    },
    {
      "id": "ally_own_skill_attribute_hp_decrease",
      "content": "<color=#ebcaa2>Le Identità con</color> %{0} Abilità di Attacco di Affinità/% <color=#ebcaa2>prendono</color> <color=#e30000>{1} danni ai PV.</color>"
    },
    {
      "id": "ally_not_own_skill_attribute_hp_decrease",
      "content": "<color=#ebcaa2>Le Identità senza</color> %{0} Abilità di Attacco di Affinità/% <color=#ebcaa2>prendono</color> <color=#e30000>{1} danni ai PV.</color>"
    },
    {
      "id": "ally_own_skill_attribute_mp_increase",
      "content": "<color=#ebcaa2>Le Identità con</color> %{0} Abilità di Attacco di Affinità/% <color=#ebcaa2>salgono di</color> <color=#80c9ff>{1} PS.</color>"
    },
    {
      "id": "ally_not_own_skill_attribute_mp_increase",
      "content": "<color=#ebcaa2>Le Identità senza</color> %{0} Abilità di Attacco di Affinità/% <color=#ebcaa2>recuperano</color> <color=#80c9ff>{1} PS.</color>"
    },
    {
      "id": "ally_own_skill_attribute_mp_decrease",
      "content": "<color=#ebcaa2>Le Identità con</color> %{0} Abilità di Attacco di Affinità/% <color=#ebcaa2>prendono</color> <color=#fe4b48>{1} danni ai PS.</color>"
    },
    {
      "id": "ally_not_own_skill_attribute_mp_decrease",
      "content": "<color=#ebcaa2>Le Identità senza</color> %{0} Abilità di Attacco di Affinità/% <color=#ebcaa2>prendono</color> <color=#fe4b48>{1} danni ai PS.</color>"
    },
    {
      "id": "852701_statue_success_1_1",
      "content": "<color=#ebcaa2>[{0}] Vacilla!</color>"
    },
    {
      "id": "852701_statue_failure_1_1",
      "content": "<color=#ebcaa2>Il Karma di [{0}] è risolto.</color>"
    },
    {
      "id": "852701_statue_failure_1_2",
      "content": "Il Karma colpisce ogni Peccatore a caso!"
    },
    {
      "id": "852701_statue_failure_1_3",
      "content": "<color=#ebcaa2>[{0}] Vacilla!</color>"
    },
    {
      "id": "851901_kqe_success_1_1",
      "content": "<color=#ebcaa2>[{0}]</color> <color=#ebcaa2>Perde tutta la</color> Carica"
    },
    {
      "id": "851901_kqe_success_1_2",
      "content": "<color=#ebcaa2>[{0}] Vacilla!</color>"
    },
    {
      "id": "851901_kqe_success_1_3",
      "content": "<color=#ebcaa2>[{0}]</color> <color=#ebcaa2>riceve</color> %{2} [{1}]/%."
    },
    {
      "id": "851901_kqe_failure_1_1",
      "content": "<color=#ebcaa2>[{0}]</color> <color=#ebcaa2>riceve</color> %{2} [{1}] e {4} [{3}]/%."
    },
    {
      "id": "851901_kqe_failure_1_2",
      "content": "<color=#ebcaa2>[{0}]</color> <color=#ebcaa2>riceve</color> %{2} [{1}]/%."
    },
    {
      "id": "851001_cryingtoad_success_1_1",
      "content": "<color=#ebcaa2>[{0}] Vacilla!</color>"
    },
    {
      "id": "851001_cryingtoad_success_1_2",
      "content": "<color=#ebcaa2>[{0}]</color> <color=#80c9ff>sale di {1} PS.</color>"
    },
    {
      "id": "851001_cryingtoad_failure_1_1",
      "content": "<color=#ebcaa2>[{0}]</color> <color=#fe4b48>perde {1} PS.</color>"
    },
    {
      "id": "803101_waterFish_success_1_1",
      "content": "<color=#ebcaa2>Il corpo di[{0}]</color> <color=#e30000>perde {1} PV.</color>"
    },
    {
      "id": "803101_waterFish_failure_1_1",
      "content": "<color=#ebcaa2>[{0}] usa l'abilità</color> <color=#e30000>[{1}]</color>!"
    },
    {
      "id": "803201_lightningBeast_success_1_1",
      "content": "<color=#ebcaa2>[{0}] riceve</color> {2} <color=#e30000>[{1}]</color>."
    },
    {
      "id": "803201_lightningBeast_failure_1_1",
      "content": "<color=#ebcaa2>[{0}] usa</color> l'abilità <color=#e30000>[{1}]</color>!"
    },
    {
      "id": "804501_electriccentipede_success_1_1",
      "content": "<color=#ebcaa2>[{0}] perde %{2} [{1}]/%</color>"
    },
    {
      "id": "804501_electriccentipede_success_1_2",
      "content": "<color=#ebcaa2>Tutte le parti di [{0}]</color> <color=#ebcaa2>ricevono</color> %{2} [{1}]/%"
    },
    {
      "id": "804501_electriccentipede_failure_1_1",
      "content": "<color=#ebcaa2>[{0}] riceve %{2} [{1}]/%</color>"
    },
    {
      "id": "804501_electriccentipede_failure_1_2",
      "content": "<color=#ebcaa2>[{0}]</color> <color=#ebcaa2>riceve</color> %{2} [{1}]/%"
    },
    {
      "id": "804801_gentlefairy_success_1_1",
      "content": "<color=#ebcaa2>[{0}]</color> <color=#00ff9c>recupera {1} PV</color>"
    },
    {
      "id": "804801_gentlefairy_success_1_2",
      "content": "<color=#ebcaa2>[{0}]</color> <color=#ebcaa2>riceve</color> %{2} [{1}], {4} [{3}], e {6} [{5}]/%"
    },
    {
      "id": "804801_gentlefairy_failure_1_1",
      "content": "<color=#ebcaa2>[{0}]</color> <color=#00ff9c>recupera {1} PV</color>"
    },
    {
      "id": "804801_gentlefairy_failure_1_2",
      "content": "<color=#ebcaa2>[{0}]</color> <color=#ebcaa2>riceve</color> %{2} [{1}], {4} [{3}], e {6} [{5}]/%"
    },
    {
      "id": "804601_umbrellafox_success_1_1",
      "content": "<color=#ebcaa2>Tutti i [{0}]</color> <color=#00ff9c>subiscoon danni per {1} dei PV Max</color>"
    },
    {
      "id": "804601_umbrellafox_success_1_2",
      "content": "<color=#ebcaa2>[{0}]</color> <color=#00ff9c>perde {1} PS</color>"
    },
    {
      "id": "804601_umbrellafox_failure_1_1",
      "content": "<color=#ebcaa2>[{0}]</color> <color=#00ff9c>perde {1} PS</color>"
    },
    {
      "id": "804701_nobodygonnacry_success_1_1",
      "content": "<color=#ebcaa2>Così Che Nessun'Altro Pianga ha applicati</color> 5 Talismani per Maledizioni Riattaccati"
    },
    {
      "id": "804701_nobodygonnacry_success_1_2",
      "content": "[{0}] riceve <color=#00ff9c>{2} {1}</color> il prossimo turno"
    },
    {
      "id": "804701_nobodygonnacry_failure_1_1",
      "content": "<color=#ebcaa2>Tutto/i {1} rimosso/i</color> da <color=#ebcaa2>[{0}]</color>"
    },
    {
      "id": "805002_egoawakendongrang_success_1_1",
      "content": "<color=#ebcaa2>[{0}] riceve</color> {2} <color=#e30000>[{1}]</color>."
    },
    {
      "id": "805002_egoawakendongrang_success_1_2",
      "content": "<color=#ebcaa2>[{0}] riceve</color> {2} <color=#e30000>[{1}]</color>."
    },
    {
      "id": "805002_egoawakendongrang_failure_1_1",
      "content": "<color=#ebcaa2>[{0}] perde</color> <color=#e30000>{1} PV</color> e <color=#fe4b48>{2} PS</color>"
    },
    {
      "id": "805002_egoawakendongrang_failure_1_2",
      "content": "<color=#ebcaa2>All allies gain</color> {1} <color=#e30000>[{0}]</color>"
    },
    {
      "id": "805004_egoawakendongrang_success_2_1",
      "content": "<color=#ebcaa2>[{0}] riceve</color> {2} <color=#e30000>[{1}]</color>."
    },
    {
      "id": "805004_egoawakendongrang_success_2_2",
      "content": "<color=#ebcaa2>Tutti gli alleati ricevono</color> {1} <color=#e30000>[{0}]</color>"
    },
    {
      "id": "805004_egoawakendongrang_success_2_3",
      "content": "<color=#ebcaa2>[{0}] riceve</color> {2} <color=#e30000>[{1}]</color>."
    },
    {
      "id": "805004_egoawakendongrang_failure_2_1",
      "content": "<color=#ebcaa2>[{0}] perde</color> <color=#e30000>{1} PV</color> e <color=#fe4b48>{2} PS</color>"
    },
    {
      "id": "805004_egoawakendongrang_failure_2_2",
      "content": "<color=#ebcaa2>[{0}] riceve</color> {2} <color=#e30000>[{1}]</color>."
    },
    {
      "id": "805006_egoawakendongrang_success_3_1",
      "content": "Dongrangè stato confrontato"
    },
    {
      "id": "805006_egoawakendongrang_failure_3_1",
      "content": "Dongrangè stato confrontato"
    },
    {
      "id": "805801_success_1_1",
      "content": "<color=#ebcaa2>[{0}]</color> <color=#e30000>perde {1} PV.</color>"
    },
    {
      "id": "805801_failure_1_1",
      "content": "<color=#ebcaa2>[{0}] riceve</color> {2} <color=#e30000>[{1}]</color>."
    },
    {
      "id": "805801_failure_1_2",
      "content": "<color=#ebcaa2>[{0}] riceve</color> {2} <color=#e30000>[{1}]</color>."
    },
    {
      "id": "805901_success_1_1",
      "content": "<color=#ebcaa2>[{0}]</color> <color=#e30000>perde {1} PV.</color>"
    },
    {
      "id": "805901_success_1_2",
      "content": "<color=#ebcaa2>[{0}] riceve</color> {2} <color=#e30000>[{1}]</color>."
    },
    {
      "id": "805901_failure_1_1",
      "content": "<color=#ebcaa2>[{0}]</color> <color=#e30000>perde {1} PV.</color>"
    }
  ]
}