{
    "dataList": [
        {
            "id": "837901",
            "content": "<color=#ebcaa2>All Sinners</color> <color=#fe4b48>take {0} SP damage</color>"
        },
        {
            "id": "837902_1",
            "content": "<color=#ebcaa2>[{0}]</color> <color=#e30000>takes {1} HP damage</color>, and <color=#80c9ff>heals {2} SP</color>"
        },
        {
            "id": "837902_2",
            "content": "<color=#ebcaa2>[{0}]</color> gains %{2} [{1}]/% every turn"
        },
        {
            "id": "837601_success_1_1",
            "content": "The Rose Hunter gains <color=#e30000>3 Offense Level Down and 3 Defense Level Down</color>"
        },
        {
            "id": "837601_success_1_2",
            "content": "The Rose Hunter gains <color=#e30000>3 Offense Level Down and 3 Defense Level Down</color>"
        },
        {
            "id": "837601_failure_1_1",
            "content": "{0} takes <color=#e30000>damage equal to 15% of their max HP</color>"
        },
        {
            "id": "837601_failure_1_2",
            "content": "The Rose Hunter gains <color=#f8c200>3 Offense Level Up and 3 Defense Level Up</color>"
        }
    ]
}