{
  "dataList": [
    {
      "id": 855601,
      "name": "Sign of Roses",
      "subDesc": "UNUSED TEXT",
      "desc": "\"What do you wish for?\"\n\nThe Sign asks the sinners.\n\n\"A rose can bloom only when you clearly wish for something.\"\n\n\"The heavier your sins, the deeper the color of petals will be.\n\n\"See? Wish, wish for it. Knowing that it is a sin. Only then can you bloom such colorful roses.\"\n\n\"You have to bloom the roses. You want to escape this garden, don't you?\"\n\n\"Let us... let me help you.\"\n\n\"Our only wish is that our garden will bloom full of flowers.\"\n\n\"Now, what will you do?\"",
      "options": [
        {
          "message": "Refuse.",
          "result": [
            "\"Foolish.\"\n\n\"Everyone has wishes. To deny them is to deny yourself.\"\n\n\"I can see how… vivid your seeds are. To not allow them to bloom isn't fair.\"\n\n\"Well… That's too bad.\"\n\n\"If you have no wishes, then remain here forevermore.\"\n\n\"Until you realize that there is no moving on without acceptance.\"\n\n\"Be with us. With me.\""
          ]
        },
        {
          "message": "Accept.",
          "result": [
            ""
          ]
        }
      ]
    }
  ]
}