{
  "dataList": [
    {
      "id": 858501,
      "name": "",
      "subDesc": "",
      "desc": "You feel its inquisitive, intense gaze.",
      "options": [
        {
          "message": "The keen gaze cleaves all.",
          "messageDesc": "",
          "result": [
            "The keen gaze cleaves itself also."
          ]
        },
        {
          "message": "The keen gaze pierces all.",
          "messageDesc": "",
          "result": [
            "The piercing gaze pierces itself also."
          ]
        },
        {
          "message": "The keen gaze crushes all.",
          "messageDesc": "",
          "result": [
            "The crushing gaze crushes itself also."
          ]
        }
      ]
    },
    {
      "id": 858502,
      "name": "",
      "desc": "The intense gaze had transformed into a gaze of different sensations.",
      "options": [
        {
          "message": "The sensation of a gaze that burns all.",
          "messageDesc": "",
          "result": [
            ""
          ]
        },
        {
          "message": "The sensation of a gaze that wounds all.",
          "messageDesc": "",
          "result": [
            ""
          ]
        },
        {
          "message": "The sensation of a gaze that beholds all.",
          "messageDesc": "",
          "result": [
            ""
          ]
        },
        {
          "message": "The sensation of a gaze that devours all.",
          "messageDesc": "",
          "result": [
            ""
          ]
        },
        {
          "message": "The sensation of a gaze that beglooms all.",
          "messageDesc": "",
          "result": [
            ""
          ]
        },
        {
          "message": "The sensation of a gaze that is filled with scorn for all things.",
          "messageDesc": "",
          "result": [
            ""
          ]
        },
        {
          "message": "The sensation of a gaze that is filled with envy for all things.",
          "messageDesc": "",
          "result": [
            ""
          ]
        }
      ]
    }
  ]
}