{
    "dataList": [
        {
            "id": 817301,
            "name": "",
            "subDesc": "",
            "desc": "\"Can you hear me? Can you hear my voice?!\"\n\nI suddenly realize that an unfamiliar voice is echoing directly in my head.\n\n\"<Is this... is this sound coming directly through the Golden Bough...?>\"\n\n\"... You hear that too, Clockhead?\"\n\nI turn around to look at Heathcliff. He appears exhausted from the prolonged battle, both in body and spirit.\n\nThe Golden Bough that once pierced his chest was long removed after my clock turned...\n\n... but its influence seemed to be lingering for some reason.\n\n\"Catherine...?\"\n\nHeathcliff whispers.",
            "options": [
                {
                    "message": "Listen closer.",
                    "messageDesc": "",
                    "result": [
                        ""
                    ]
                }
            ]
        },
        {
            "id": 817303,
            "name": "",
            "subDesc": "",
            "desc": "My head fills with the voice once again.\n\n\"I never should have summoned that Catherine here...\"\n\n\"I thought... I thought Heathcliff would never have to suffer again if every Catherine were to no longer exist...\"\n\n\"... But I should have known that Heathcliff would have thought the very same...!\"\n\nI can feel her heartrending sorrow.\n\n\"... Ah... I never should have fled. I should have talked to her instead of running away.\"\n\nHeathcliff was right. Every unspoken word, every unshared discussion only broke their hearts further apart from each other... until their words began to run parallel, never to converge.\n\n\"If only I could go back...\"\n\n\"Is there truly no way out of this trap that woman set for us...?\"",
            "options": [
                {
                    "message": "Heathcliff shouts.",
                    "messageDesc": "",
                    "result": [
                        ""
                    ]
                }
            ]
        }
    ]
}