{
  "dataList": [
    {
      "id": 1,
      "name": "Dante"
    },
    {
      "id": 2,
      "name": "Gregor"
    },
    {
      "id": 3,
      "name": "Charon"
    },
    {
      "id": 4,
      "name": "Sinclair"
    },
    {
      "id": 5,
      "name": "Rodion"
    },
    {
      "id": 6,
      "name": "Yi Sang"
    },
    {
      "id": 7,
      "name": "Effie/Saude"
    },
    {
      "id": 8,
      "name": "Ishmael"
    },
    {
      "id": 9,
      "name": "Yuri"
    },
    {
      "id": 10,
      "name": "Malkuth"
    },
    {
      "id": 11,
      "name": "Pierre/Jack"
    },
    {
      "id": 12,
      "name": "Angela"
    },
    {
      "id": 13,
      "name": "Nelly"
    },
    {
      "id": 14,
      "name": "Heathcliff"
    },
    {
      "id": 15,
      "name": "Samjo"
    },
    {
      "id": 16,
      "name": "Yesod"
    },
    {
      "id": 17,
      "name": "Ufficio Molar"
    },
    {
      "id": 18,
      "name": "Hod"
    },
    {
      "id": 19,
      "name": "Ufficio Dawn"
    },
    {
      "id": 20,
      "name": "Sancho"
    },
    {
      "id": 21,
      "name": "Don Quixote"
    },
    {
      "id": 22,
      "name": "Bloodfiends\nof La Mancha"
    },
    {
      "id": 23,
      "name": "Gnomo\nTri-gnomo!"
    },
    {
      "id": 24,
      "name": "Netzach"
    },
    {
      "id": 25,
      "name": "Ufficio\nFull-Stop"
    },
    {
      "id": 26,
      "name": "Aeng-du"
    },
    {
      "id": 27,
      "name": "Jun"
    },
    {
      "id": 28,
      "name": "Vergilius"
    },
    {
      "id": 29,
      "name": "Ricardo"
    },
    {
      "id": 90001,
      "name": "Hohenheim"
    }
  ]
}
