{
  "dataList": [
    {
      "id": "CRIMSON",
      "name": "Ira"
    },
    {
      "id": "SCARLET",
      "name": "Luss."
    },
    {
      "id": "AMBER",
      "name": "Accid."
    },
    {
      "id": "SHAMROCK",
      "name": "Gola"
    },
    {
      "id": "AZURE",
      "name": "Trist."
    },
    {
      "id": "INDIGO",
      "name": "Super."
    },
    {
      "id": "VIOLET",
      "name": "Invid."
    },
    {
      "id": "WHITE",
      "name": "Pazzia"
    },
    {
      "id": "BLACK",
      "name": "Pena"
    }
  ]
}