{
  "dataList": [
    {
      "id": "battle_pass_season_5_product_package_with_limbus_desc_summary",
      "content": "◆Limbus Pass Stagione 5\n◆ Otterrai 10 LV Pass immediatamente dopo l’acquisto\n◆ Biglietto di Aumento Livello V\n◆ Banner Speciale Pacco Limbus x2"
    },
    {
      "id": "battle_pass_season_5_product_package_without_limbus_desc_summary",
      "content": "◆ Otterrai 10 LV Pass immediatamente dopo l’acquisto\n◆ Biglietto di Aumento Livello V\n◆ Banner Speciale Pacco Limbus x2"
    }
  ]
}