{
  "dataList": [
    {
      "id": "CLEAR_STAGE",
      "content": "Completa qualunque Sezione {0} volte"
    },
    {
      "id": "KILL_ENEMY_ANY",
      "content": "Sconfiggi {0} nemici"
    },
    {
      "id": "KILL_ENEMY_ABNORMALITY",
      "content": "Sopprimi {0} Apparizioni"
    },
    {
      "id": "SOMEONE_PARTICIPATED_IN_BATTLE",
      "content": "Usa {1} in combattimento {0} volte"
    },
    {
      "id": "MIRROR_DUNGEON_TRY",
      "content": "Entra nel Dungeon Specchio {0} volte"
    },
    {
      "id": "MIRROR_DUNGEON_CLEAR",
      "content": "Completa i Dungeon Specchio {0} volte"
    },
    {
      "id": "BATTLEPASS_LEVELUP",
      "content": "Raggiungi il livello di Battle Pass {0}"
    },
    {
      "id": "USE_EGO_20402",
      "content": "Usa 4o Fiammifero di Ryoshu {0} volte"
    },
    {
      "id": "USE_ANNOUNCER_2",
      "content": "Usa Gregor come Annunnciatore {0} volte"
    },
    {
      "id": "LOGIN_ONCE",
      "content": "{0} accessi giornalieri"
    },
    {
      "id": "LOGIN_MULTIPLE",
      "content": "{0} accessi totali giornalieri"
    },
    {
      "id": "EXPDUNGEON_CLEAR",
      "content": "Completa Scavoluce ESP {0} volte"
    },
    {
      "id": "THREADDENGEON_CLEAR",
      "content": "Completa Scavoluce Filo {0} volte"
    },
    {
      "id": "PURCHASE_ENKEPHALIN_MODULE",
      "content": "Assembla {0} Modulo/i di Encefalina"
    }
  ]
}