{
  "dataList": [
    {
      "id": "TipsinessRail",
      "name": "Tipsy",
      "desc": "Lose Clash Power by the effect's Count (Max 5)",
      "summary": "Lose Clash Power by the effect's Count"
    },
    {
      "id": "PassedPortal_Red",
      "name": "Hemorrhaging Dimension",
      "desc": "Damage Up +10%",
      "summary": "Damage Up +10%"
    },
    {
      "id": "PassedPortal_Green",
      "name": "Poisonous Dimension",
      "desc": "Max HP +20%",
      "summary": "Max HP +20%"
    },
    {
      "id": "PassedPortal_Yellow",
      "name": "Tremoring Dimension",
      "desc": "Boost Speed by 1",
      "summary": "Boost Speed by 1"
    },
    {
      "id": "PassedPortal_Blue",
      "name": "Electrifying Dimension",
      "desc": "Coin Power +1",
      "summary": "Coin Power +1"
    },
    {
      "id": "FairyCharm",
      "name": "Charmed",
      "desc": "- All damage dealt to Fairy reduced to 0.\n- Expires when Fairy dies.",
      "summary": "Damage fixed to 0"
    },
    {
      "id": "DecoyRegenerated",
      "name": "Regenerate",
      "desc": "Gain 1 every time a part is restored",
      "summary": ""
    },
    {
      "id": "WaveFoxUmbrella",
      "name": "Protection Umbrella",
      "desc": "All parts gain Protection equal to the value\nWhen using Waiting Skill, Summon Old Umbrella equal to the value\n1 Spent every time an Umbrella is broken."
    },
    {
      "id": "InterlockingTime_Re",
      "name": "Interlocking Time",
      "desc": "Reduce final damage by 30% and store it. At 3 Count, take fixed damage by 2 times the accumulated damage, and gain 3 Bind next turn.",
      "summary": "Reduce final damage by 30% and store it. At 3 Count, take fixed damage by 2 times the accumulated damage, and gain 3 Bind next turn."
    },
    {
      "id": "TimeRental_Re",
      "name": "Borrowed Time",
      "desc": "At the end of the turn, gain 3 Haste, 2 Damage Up, and 2 Offense Level Up; If only 1 Count remains, gain 3 Bind 1 Attack Power Down, and 2 Fragile next turn",
      "summary": "At the end of the turn, gain 3 Haste, 2 Damage Up, and 2 Offense Level Up; If only 1 Count remains, gain 3 Bind 1 Attack Power Down, and 2 Fragile next turn"
    },
    {
      "id": "ReattachedCurseTag_Re",
      "name": "Reattached Curse Talisman",
      "desc": "At 9+, gain 5 Bind at the start of the turn.\nAt 12+, gain 5 Attack Power Down at the start of the turn. (Max 12)",
      "summary": "At 9+, gain 5 Bind at the start of the turn.\nAt 12+, gain 5 Attack Power Down at the start of the turn."
    },
    {
      "id": "WrappedCurseTagRe",
      "name": "Entangled Curse Talisman",
      "desc": "Deal +1% damage per Count\nAt 9+ Count, gain 2 Attack Power Down at turn start (Max 9)",
      "summary": "Deal +1% damage per Count; at 9+ Count, gain 2 Attack Power Down at turn start"
    },
    {
      "id": "AccumulatedPast",
      "name": "Accumulated Past",
      "desc": "Gain 11 at the end of the Turn.\nSpent completely when the Body Part is broken.",
      "summary": ""
    },
    {
      "id": "PrepareSinRose",
      "name": "Crown of Thorns",
      "desc": "Generates a Rose unit whose Affinity corresponds to the most-owned Skill Affinity of the target inflicted with this effect",
      "summary": ""
    },
    {
      "id": "BloomingRose",
      "name": "Blooming Sin",
      "desc": "At the end of the turn\n- Gain 1 Count.\n- Bound Identity loses HP equal to 25% of Max HP.\n- Lose 10% of E.G.O resource corresponding to the Rose's.\n- The Sign of Roses heals HP equal to 5% of its Max HP.\n\nAt 4 Count,\n- Bound Identity dies.\n- Lose all of E.G.O resource corresponding to the Rose's.",
      "summary": ""
    },
    {
      "id": "EatingSin",
      "name": "Drenched Sin",
      "desc": "Max HP increases by (E.G.O resource drained)%\n\nOn Death\n- Recover E.G.O resource it drained.\n- Heal bound Identity's HP by (25% of Identity's Max HP * Blooming Sin Count).",
      "summary": ""
    },
    {
      "id": "EnhanceRose",
      "name": "Power-up State",
      "desc": "Power-up State passive activated",
      "summary": ""
    },
    {
      "id": "FullBloomRose_Crimson",
      "name": "Bloomed Rose",
      "desc": "Increased damage dealt & taken with Identity's Wrath Affinity",
      "summary": ""
    },
    {
      "id": "FullBloomRose_Scarlet",
      "name": "Bloomed Rose",
      "desc": "Increased damage dealt & taken with Identity's Lust Affinity",
      "summary": ""
    },
    {
      "id": "FullBloomRose_Amber",
      "name": "Bloomed Rose",
      "desc": "Increased damage dealt & taken with Identity's Sloth Affinity",
      "summary": ""
    },
    {
      "id": "FullBloomRose_Shamrock",
      "name": "Bloomed Rose",
      "desc": "Increased damage dealt & taken with Identity's Gluttony Affinity",
      "summary": ""
    },
    {
      "id": "FullBloomRose_Azure",
      "name": "Bloomed Rose",
      "desc": "Increased damage dealt & taken with Identity's Gloom Affinity",
      "summary": ""
    },
    {
      "id": "FullBloomRose_Indigo",
      "name": "Bloomed Rose",
      "desc": "Increased damage dealt & taken with Identity's Pride Affinity",
      "summary": ""
    },
    {
      "id": "FullBloomRose_Violet",
      "name": "Bloomed Rose",
      "desc": "Increased damage dealt & taken with Identity's Envy Affinity",
      "summary": ""
    },
    {
      "id": "KalpaVine",
      "name": "Brambles of Eternity",
      "desc": "All characters deal less damage\nAll characters receive less damage",
      "summary": ""
    }
  ]
}