{
  "dataList": [
    {
      "id": "Grudge",
      "name": "Growing Resentment",
      "desc": "When this unit has a relevant buff: gain Growing Resentment equal to damage taken. Expires at Turn End",
      "summary": "",
      "undefined": "-"
    },
    {
      "id": "AaCePbBg",
      "name": "Resentment",
      "desc": "Turn Start: Gain 2 Damage Up and 3 Defense Level Down",
      "summary": "",
      "undefined": "-"
    },
    {
      "id": "AaCePbBh",
      "name": "Resentment",
      "desc": "Turn Start: Gain 1 Attack Power Up and 5 Defense Level Down",
      "summary": "",
      "undefined": "-"
    }
  ]
}