{
  "dataList": [
    {
      "id": "battlepass_battlepass",
      "content": "Battle Pass"
    },
    {
      "id": "battlepass_passmission",
      "content": "Missioni Pass"
    },
    {
      "id": "battlepass_dailymission",
      "content": "Giornaliere"
    },
    {
      "id": "battlepass_weeklymission",
      "content": "Settimanali"
    },
    {
      "id": "battlepass_seasonmission",
      "content": "Stagionali"
    },
    {
      "id": "battlepass_freeandpaid",
      "content": "Pagata {0} Gratuita {1}"
    },
    {
      "id": "battlepass_mission_tag_normal",
      "content": "Regolare"
    },
    {
      "id": "battlepass_mission_tag_battle",
      "content": "Combattimento"
    },
    {
      "id": "battlepass_remain_time",
      "content": "{0} giorni {1} ore rimasti"
    },
    {
      "id": "battlepass_ask_purchase_limbus_pass",
      "content": "Comprare il Limbus Pass darà i seguenti benefici mentre è attivo {0}:"
    },
    {
      "id": "battlepass_limbus_pass_benefit_reward",
      "content": "Ricompense del Limbus Pass Disponibili"
    },
    {
      "id": "battlepass_limbus_pass_benefit_ex_reward",
      "content": "Ricompense Livello Max Pass Migliorate"
    },
    {
      "id": "battlepass_level_up",
      "content": "Pass Livellato"
    },
    {
      "id": "battlepass_level_up_ask",
      "content": "Livellare Pass usando [Follia Pagata]?"
    },
    {
      "id": "battlepass_level_upgrade",
      "content": "Livello Pass Su"
    },
    {
      "id": "battlepass_level_max",
      "content": "<color=#f8c200>Livello Max Pass</color> raggiunto."
    },
    {
      "id": "battlepass_purchase_level_up_failed",
      "content": "Impossibile Comprare Livello Pass"
    },
    {
      "id": "lack_if_paid_lunacy",
      "content": "Follia Pagata Insufficente"
    },
    {
      "id": "remain_days_with_label",
      "content": "{0}g rimasti"
    },
    {
      "id": "remain_hours_with_label",
      "content": "{0}o rimaste"
    },
    {
      "id": "remain_minutes_with_label",
      "content": "{0}m rimasti"
    },
    {
      "id": "update_progress",
      "content": "Progressi Aggiornati"
    },
    {
      "id": "able_to_acquire_ex_pass_level_reward",
      "content": "Possibile acquisire Max di Ricompense Pass"
    },
    {
      "id": "ask_to_use_paid_lunacy_to_level_up_pass",
      "content": "Spendere {0} Follia Pagata per comprare Livelli Pass?"
    },
    {
      "id": "battlepass_purchase_level_up",
      "content": "Compra Livelli Pass"
    },
    {
      "id": "lack_of_paid_lunacy",
      "content": "Non hai abbastanza Follia Pagata."
    },
    {
      "id": "only_paid_lunacy_for_battlepass_levelup",
      "content": "※ Comprare Livelli di Battle Pass costa 300 Follia Pagata."
    },
    {
      "id": "buy_battlepass_word",
      "content": "Compra"
    },
    {
      "id": "battlepass_level_ex_reward",
      "content": "Ricompense Max Livello Pass"
    },
    {
      "id": "battlepass_progress",
      "content": "ESP Battle Pass"
    },
    {
      "id": "battlepass_free",
      "content": "Gratuito"
    },
    {
      "id": "battlepass_limbuspass",
      "content": "Limbus Pass"
    },
    {
      "id": "battlepass_unable_levelup_by_level",
      "content": "Livello Massimo Raggiunto"
    },
    {
      "id": "battlepass_reward_opened_at",
      "content": "Aggiornamento {0}"
    },
    {
      "id": "battlepass_package_purchase",
      "content": "Pacco <font=\"BebasKai SDF\">LIMBUS PASS</style>"
    },
    {
      "id": "battlepass_package_desc_level",
      "content": "Contiene varie ricompense incluso il 「Banner Speciale Pacco Limbus Pass」"
    },
    {
      "id": "battlepass_package_desc_banner",
      "content": "+ [LIMBUS PASS] Attivato"
    },
    {
      "id": "battlepass_package_ask_purchase",
      "content": "Spendere {0} Follia Gratuita per comprare questo Pacco?"
    },
    {
      "id": "battlepass_package_warning",
      "content": "※ Quest’oggetto verrà usato immediatamente dopo l’acquisto; i risarcimenti potrebbero essere limitati."
    },
    {
      "id": "battlepass_limbus_pass_benefit_ex_box_reward",
      "content": "Riceverai queste Ricompense del Livello Max Pass EX dopo l’acquisto"
    },
    {
      "id": "battlepass_limbus_pass_benefit_ex_box_reward_count",
      "content": "<size=75%>(Al tuo Livello Pass, otterrai <style=\"highlightConverted\">{1}</style> Casse di ScheggieEgo Nominabili Stagione {0} dopo l’acquisto)</size>"
    },
    {
      "id": "battlepass_select_product_popup_title",
      "content": "Seleziona Pass/Pacco"
    },
    {
      "id": "only_paid_lunacy_for_battlepass_levelup_with_number",
      "content": "※ Comprare un Livello Pass costa {0} Follia Pagata."
    },
    {
      "id": "battle_pass_package_button_desc",
      "content": "Varie Ricompense\nIncluso il Banner Speciale"
    },
    {
      "id": "battle_pass_select_popup_package_desc",
      "content": "Varie Ricompense\nIncluso il Banner Speciale"
    },
    {
      "id": "battle_pass_select_popup_limbus_desc",
      "content": "◆ Sblocca Ricompense Limbus Pass\n◆ Migliora Ricompense Livello Max Pass EX"
    },
    {
      "id": "battle_pass_package_purchase_popup_desc",
      "content": "◆ Otterrai 10 Livelli Pass immediatamente dopo l’acquisto.\n◆ Include i contenuti seguenti."
    },
    {
      "id": "battle_pass_limbus_purchase_popup_desc",
      "content": "◆ Ricevi varie ricompense dal Limbus Pass.\n◆ Ricevi 3 Casse di ScheggieEgo Nominabili [Stagione 3] invece di 1 dalle Ricompense Livello Max Pass EX."
    },
    {
      "id": "battle_pass_package_button_desc_with_limbus",
      "content": "Varie Ricompense\nIncluso il Banner Speciale\n+ [LIMBUS PASS]"
    },
    {
      "id": "battle_pass_package_purchase_popup_desc_in_box",
      "content": "- Banner Speciale Pacco Limbus Pass\n- Biglietto di Aumento Livello IV"
    },
    {
      "id": "until_season_4_start",
      "content": "~ Fino all’Inizio della Stagione 4"
    },
    {
      "id": "until_season_5_start",
      "content": "Fino all’Inizio della Stagione 6"
    },
    {
      "id": "battlepass_ask_purchase_limbus_pass_package",
      "content": "Comprare il Pacco Limbus Pass ti darà\ni seguenti benefici durante la {0}:"
    },
    {
      "id": "battlepass_purchase_desc_pass",
      "content": "Varie ricompense incluse nel Limbus Pass"
    },
    {
      "id": "battlepass_purchase_desc_ex",
      "content": "Riceverai <style=\"highlightConverted\">{1}</style> Casse di ScheggieEgo Nominabili dalle Ricompense del Livello Max Pass+ invece di <style=\"highlightConverted\">{0}</style>"
    },
    {
      "id": "battlepass_purchase_desc_pass_level",
      "content": "Otterrai 10 Livelli Pass immediatamente dopo l’acquisto"
    },
    {
      "id": "battlepass_purchase_desc_level_ticket",
      "content": "Biglietto di Aumento Livello V"
    },
    {
      "id": "battlepass_purchase_desc_special_banner",
      "content": "Banner Speciale Pacco Limbus Pass"
    },
    {
      "id": "battlepass_purchase_desc_policy",
      "content": "※ Quest’oggetto verrà usato immediatamente dopo l’acquisto; i risarcimenti saranno limitati\n\n※ Il Battle Pass è garantito una durata di [almeno 90 giorni dall’inizio della Stagione].\nLa data esatta di fine Battle Pass sarà annunciata quando verrà postata la prossima [Guida per Stagione in arrivo].\nSi prega di prendere nota che la sua data di acqiusto del Battle Pass non ha effetto sulla durata di attivazione del Battle Pass."
    },
    {
      "id": "owned_count",
      "content": "In Possesso {0}"
    },
    {
      "id": "battle_pass_package_button_desc_with_limbus_2",
      "content": "◆ Otterrai 10 LV Pass immediatamente dopo l’acquisto\n◆ Riceverai 2 Banner Speciali\n◆ Biglietto di Aumento Livello V"
    },
    {
      "id": "battle_pass_product_limbus_desc_summary",
      "content": "◆ Sblocca le Ricompense del Limbus Pass\n◆ Migliora le Ricompense del Livello Max Pass EX"
    },
    {
      "id": "battle_pass_product_package_with_limbus_desc_summary",
      "content": "◆Limbus Pass Stagione 5\n◆ Otterrai 10 LV Pass immediatamente dopo l’acquisto\n◆ Biglietto di Aumento Livello V\n◆ Banner Speciale Pacco Limbus x2"
    },
    {
      "id": "battle_pass_product_package_without_limbus_desc_summary",
      "content": "◆ Otterrai 10 LV Pass immediatamente dopo l’acquisto\n◆ Biglietto di Aumento Livello V\n◆ Banner Speciale Pacco Limbus x2"
    },
    {
      "id": "battle_pass_sale_10",
      "content": "Sconto 10%"
    }
  ]
}