{
  "dataList": [
    {
      "id": "BloodScissor",
      "name": "Lamaforbice Rosso Sangue",
      "desc": "- Valore Massimo: 10\n- Stadio 1 Lamaforbice Rosso Sangue\n- Usato per Abilità Speciali",
      "summary": "",
      "undefined": "-"
    },
    {
      "id": "BloodScissorTwo",
      "name": "Lamaforbice Rosso Sangue II",
      "desc": "- Valore Massimo: 20\n- Stadio 2 Lamaforbice Rosso Sangue\n- A inizio Turno: ottiene 1 Aumento Offensivo e 1 Smantellare per ogni 5 stack\n- Usato per Abilità Speciali",
      "summary": "",
      "undefined": "-"
    },
    {
      "id": "BloodScissorThree",
      "name": "Lamaforbice Rosso Sangue III",
      "desc": "- Valore Massimo: 30\n- Stadio 3 Lamaforbice Rosso Sangue\n- A inizio Turno: ottiene 2 Aumento Offensivo Up e 1 Smantellare per ogni 5 stack\n- Usato per Abilità Speciali",
      "summary": "",
      "undefined": "-"
    },
    {
      "id": "BloodDinner",
      "name": "Banchetto di Sangue",
      "desc": "- Valore Massimo: 999\n- Tutto il danno provocato da Sanguinamento in questa zona viene segnato qui\n- Torna a 0 quando si passa ad una zona diversa\n- Questo valore viene condiviso da tutti i personaggi\n- Tra gli alleati, se c'è un Parente di grado superiore che consuma Banchetto di Sangue nello stesso turno, quest'unità non può consumare Banchetto di Sangue finché quell'alleato non lo consuma per primo.",
      "summary": "",
      "undefined": "-"
    },
    {
      "id": "BloodDinner_Accumulation",
      "name": "Banchetto di Sangue Consumato",
      "desc": "- Valore Massimo: 999\n- Totale Banchetto di Sangue consumato in questo incontro: {0}",
      "summary": "",
      "undefined": "-"
    },
    {
      "id": "FamineBlood_LowMorale",
      "name": "Fame",
      "desc": "- Morale Basso\n- A inizio Turno: ottiene 1 Lentezza e 3 Potenziamento. A fine Turno: subisce 5 danni alla SAN",
      "summary": "",
      "undefined": "-"
    },
    {
      "id": "FamineBlood_Panic",
      "name": "Fame",
      "desc": "- Panico\nA inizio Turno: ottiene 2 Lentezza e 4 Potenziamento.",
      "summary": "",
      "undefined": "-"
    },
    {
      "id": "DuelDeclaration_Camille",
      "name": "Guanto di Sfida - Camille",
      "desc": "- In uno scontro tra l'unità che ha inflitto lo status e l'unità che l'ha subito, il dichiaratore ha +1 potenza di scontro. Su colpo, chi ha inflitto lo status ottiene 1 Rapidità il prossimo turno. (4 volte per turno)\n- L'effetto viene rimosso quando Guanto di Sfida viene inflitto ad un altro bersaglio. \n- L'effetto viene rimpiazzato quando un'altra unità infligge un Guanto di sfida differente.",
      "summary": "",
      "undefined": "-"
    },
    {
      "id": "RecklessDuel",
      "name": "Duello Temerario",
      "desc": "A fine Turno: ottiene 1 Potenza di Scontro il turno successivo per ogni 10% di PV mancanti. (max 5)\nA fine Turno: ottiene 1 Lentezza il turno successivo per ogni 10% di PV mancanti. (max 5)",
      "summary": "",
      "undefined": "-"
    },
    {
      "id": "ConcentratedAttack",
      "name": "Attacco Mirato",
      "desc": "Usato su certi Slot",
      "summary": "",
      "undefined": "-"
    },
    {
      "id": "TrulyWeak",
      "name": "La Debole",
      "desc": "- Infligge -10% danni\n- A fine Turno: Riduce il valore di 1",
      "summary": "",
      "undefined": "-"
    },
    {
      "id": "RealPaperBear",
      "name": "Un Vero Orso",
      "desc": "- Mangia le persone. Com'è spaventoso!",
      "summary": "",
      "undefined": "-"
    },
    {
      "id": "BloodScissorScars",
      "name": "Lacerazione Profonda",
      "desc": "- Se perde lo Scontro: ottiene +3 Sanguinamento e subisce l'effetto di Sanguinamento. Poi perde 1 stack di Sanguinamento.\n- Si esaurisce a fine Turno.",
      "summary": "",
      "undefined": "-"
    },
    {
      "id": "LineCutting",
      "name": "Manichino da Cucito",
      "desc": "- ??? dà priorità a questo bersaglio.\n- Si esaurisce a fine Turno",
      "summary": "",
      "undefined": "-"
    },
    {
      "id": "StarvingBarberOne",
      "name": "Avvizzimento",
      "desc": "- Ha fame di sangue da molto, molto tempo.\n- Perde 15 Livello Offensivo\n- Perde 15 Livello Difensivo",
      "summary": "",
      "undefined": "-"
    },
    {
      "id": "StarvingBarberTwo",
      "name": "Avvizzimento",
      "desc": "- Ha fame di sangue da molto, molto tempo.\\n- Perde 25 Livello Offensivo\n- Perde 25 Livello Difensivo",
      "summary": "",
      "undefined": "-"
    },
    {
      "id": "BloodShooting",
      "name": "Sputa sangue!!",
      "desc": "Quando muore:\n- Banchetto i Sangue +30\n- ottiene 2 Risorse E.G.O di quelle meno possedute\n- Il turno successivo: tutti gli alleati ottengono 0.1 a tutte le Resistenze Fisiche. Quest'effetto può accumularsi fino a 5 volte max.",
      "summary": "",
      "undefined": "-"
    },
    {
      "id": "RighteousFeeling",
      "name": "QUANTO GIUSTO!!",
      "desc": "- Ad ogni fine Turno: ottiene 1 Rapidità, 3 Aumento Offensivo e 3 Calo Difensivo il turno successivo\n- Ottiene 2 Aumento Offensivo in più ogni 3 turni (max 6)\n- Se vince le Scontro, si cura di 3 SAN\n- Se uccide, ottiene 1 Potere di Scontro il turno successivo (una volta per turno)",
      "summary": "",
      "undefined": "-"
    },
    {
      "id": "DuelDeclarationMeursault",
      "name": "Guanto di Sfida - Meursault",
      "desc": "- In uno scontro tra l'unità che ha inflitto lo status e l'unità che l'ha subito, il dichiaratore ha +1 Potenza di Scontro. Su colpo, chi ha inflitto lo status ottiene 1 Rapidità il prossimo turno. (4 volte per turno)\n- L'effetto viene rimosso quando Guanto di Sfida viene inflitto ad un altro bersaglio. \n- L'effetto viene rimpiazzato quando un'altra unità infligge un Guanto di sfida differente.",
      "summary": "",
      "undefined": "-"
    },
    {
      "id": "ConcentratedAttackMeursault",
      "name": "Attacco Mirato - Meursault",
      "desc": "<Solo negli Incontri Mirati>\nL'unità che ha inflitto questo Attacco Mirato ottiene i seguenti effetti in base alle stack di Attacco Mirato sullo slot del bersaglio.\n  · 1x stack: Ottiene Potere di Scontro +1\n  · 2x stack: Ottiene Potere Base +1\n  · 3x stack: Ottiene Potere Base +1 e Potere Moneta +1\n- Gli effetti spariscono se, per un turno, l'unità che ha inflitto l'effetto fallisce nel colpire gli Slot designati con Attacco Mirato.",
      "summary": "",
      "undefined": "-"
    },
    {
      "id": "Duello_LowMorale",
      "name": "Specialista dei Duelli",
      "desc": "- Morale Basso\n- A inizio Turno: Ottiene 2 Aumento Offensivo. Se perde uno Scontro, ottiene 1 Calo Difensivo (max 3 per turno). Velocità Minima -1",
      "summary": "",
      "undefined": "-"
    },
    {
      "id": "Duello_Panic",
      "name": "Specialista dei Duelli",
      "desc": "- Panico\n- A inizio Turno: Ottiene 4 Aumento Offensivo. Se perde uno Scontro, ottiene 2 Calo Difensivo (max 6 per turno). Velocità Minima -1",
      "summary": "",
      "undefined": "-"
    },
    {
      "id": "RighteousFeelingSancho",
      "name": "Mi assumerò la responsabilità, tra le mie lacrime di sangue.",
      "desc": "- Gain 1 additional Hardblood every time this unit gains Hardblood. (5 times per turn)\n- At every Turn End: gain 2 Haste and 3 Offense Level Up next turn\n- Gain 2 additional Offense Level Up after every 3 cumulative turns (max 6)\n- On Clash Win, heal 3 SP\n- On Kill, gain 1 Clash Power Up next turn (once per turn)",
      "summary": "",
      "undefined": "-"
    },
    {
      "id": "UnfinishedDreamSancho",
      "name": "In cui si racconta che la schiavitù del sangue è più densa dell'acqua.",
      "desc": "- Gain 2 additional Hardblood every time this unit gains Hardblood. (5 times per turn)\n- At every Turn End: gain 2 Haste and 3 Offense Level Up next turn\n- Gain 2 additional Offense Level Up after every 3 cumulative turns (max 6)\n- On Clash Win, heal 3 SP\n- On Kill, gain 2 Clash Power Up next turn (once per turn)",
      "summary": "",
      "undefined": "-"
    },
    {
      "id": "FragmentOfHopeSancho",
      "name": "Which treats the banquet of blood for the Family's suffering.",
      "desc": "Gain Clash Power Up equal to Stack\nDeal +10% damage",
      "summary": "",
      "undefined": "-"
    },
    {
      "id": "FragmentOfHopeTwoSancho",
      "name": "Of how a lone Bloodfiend came to bear the guilt of slaying the Father who forsook his Children.",
      "desc": "- Clash Power +4 for every value\n- Apply Shield to self and all allies at Combat Start\n- Deal +20% damage\n- On Hit, deal 1 fixed damage as well",
      "summary": "",
      "undefined": "-"
    }
  ]
}