{
    "dataList": [
        {
            "id": "LoseRatioHpOnly",
            "content": "<color=#ebcaa2>{conditions}{targets}</color> takes <color=#e30000>{amount}% HP</color> <color=#ebcaa2>Damage!</color>"
        },
        {
            "id": "Choice_901070401",
            "content": "Gain <color=#f8c200>2 Wrath E.G.O resources</color>\nGain <color=#f8c200>2 Pride E.G.O resources</color>"
        },
        {
            "id": "Choice_901070402",
            "content": "Gain <color=#f8c200>2 Lust E.G.O resources</color>\nGain <color=#f8c200>2 Gluttony E.G.O resources</color>"
        },
        {
            "id": "Choice_901070403",
            "content": "Gain <color=#f8c200>2 Gloom E.G.O resources</color>\nGain <color=#f8c200>2 Envy E.G.O resources</color>"
        },
        {
            "id": "Choice_901070404",
            "content": "All sinners gain <color=#e30000>+4 Rupture Count</color> at the next Combat Start"
        },
        {
            "id": "Choice_901070405",
            "content": "All sinners gain <color=#e30000>4 Rupture and +4 Rupture Count</color> at the next Combat Start"
        }
    ]
}