{
  "dataList": [
    {
      "id": "coupon_InputField_block",
      "content": "Cannot Input Coupon Codes"
    },
    {
      "id": "coupon_InputField",
      "content": "Input coupon codes here"
    },
    {
      "id": "coupon_popup_title",
      "content": "Input Coupon Code"
    },
    {
      "id": "coupon_popup_desc",
      "content": "- Coupons are always combinations of upper-case English alphabets and numbers.\n- No same coupon can be registered more than once for the same account.\n- Coupons past their expiry date cannot be registered.\n- Repeated coupon code input failure within a short timeframe may restrict coupon code for a set amount of time."
    },
    {
      "id": "coupon_use_failed_2",
      "content": "This coupon is invalid."
    },
    {
      "id": "coupon_use_failed_3",
      "content": "This coupon is invalid."
    },
    {
      "id": "coupon_use_failed_4",
      "content": "This coupon is expired."
    },
    {
      "id": "coupon_use_failed_5",
      "content": "This coupon has already been claimed."
    },
    {
      "id": "coupon_use_failed_6",
      "content": "This coupon has already been claimed."
    },
    {
      "id": "coupon_use_failed_7",
      "content": "Repeated coupon code input failure. Coupon code input restricted until {0}."
    },
    {
      "id": "coupon_InputField_block_desc",
      "content": "Coupon code input restricted until {0}"
    },
    {
      "id": "coupon_use_failed_unknown",
      "content": "An unknown error has occurred."
    }
  ]
}