{
  "dataList": [
    {
      "id": "daily_login_event_2_event_Title",
      "content": "Special Attendance Check Event"
    },
    {
      "id": "daily_login_event_2_event_description",
      "content": "※ Collect more attendance checks\nand unlock greater rewards.\n\n※ Log in after the daily reset period \nand receive your daily attendance checks.\n\n※ Once the event is over,\nthe rewards cannot be claimed.\nClaim them before the event ends."
    },
    {
      "id": "new_user_daily_login_day",
      "content": "Day {0}"
    }
  ]
}