{
  "dataList": [
    {
      "id": "danteAbility_UIPopup_Title",
      "content": "Seleziona Abilità Alberello di Luce"
    },
    {
      "id": "danteAbility_UIPopup_Remain",
      "content": "Attivazioni Rimanenti"
    },
    {
      "id": "dnateAbiltiy_Unlock_GoldenBranch_Resonance",
      "content": "Risonanza del Ramo Dorato"
    },
    {
      "id": "tutorial_battle_danteAbility_title",
      "content": "Abilità Alberello di Luce"
    },
    {
      "id": "tutorial_battle_danteAbility_01_desc_01",
      "content": "Seleziona l'Abilità Alberello di Luce dal pulsante in alto a destra."
    },
    {
      "id": "tutorial_battle_danteAbility_02_desc_01",
      "content": "Seleziona l'abilità da usare."
    },
    {
      "id": "tutorial_battle_danteAbility_03_desc_01",
      "content": "Premi il pulsante di conferma per attivare l'abilità Alberello di Luce.\nL'Alberello di Luce può essere usato finché ci sono Attivazioni rimanenti disponibili.\nLe Attivazioni rimanenti vengono ripristinate ogni giorno."
    },
    {
      "id": "ui_activated",
      "content": "Attiva"
    }
  ]
}