{
  "dataList": [
    {
      "id": 90101,
      "desc": "- I bersagli di tutte le Abilità verranno resettati.\n- Gli effetti attivati ad Inizio Turno non verranno aggiornati.",
      "rawDesc": "Dimezza la Velocità di tutti i nemici."
    },
    {
      "id": 80101,
      "desc": "- Resetta qualsiasi Abilità E.G.O nella barra abilità di ogni personaggio, ed i bersagli di tutte le Abilità verranno resettati.",
      "rawDesc": "Permette di utilizzare un'Abilità E.G.O senza consumare alcuna Risorsa E.G.O"
    }
  ]
}