{
  "dataList": [
    {
      "id": "ADDITIONAL_COST_RATE_ON_CLEAR_FLOOR",
      "description": "When moving to the next Floor, increase current <color=#ff6000>Cost balance</color> by {0}% (max 100)"
    },
    {
      "id": "ADDITIONAL_SHOP_SELL_EGO_GIFT_COST_RATE_ONCE",
      "description": "Increase <color=#ff6000>E.G.O Gift sale price</color> by {0}% (once per Shop)"
    },
    {
      "id": "ADDITIONAL_FLOOR_THEME_SLOT",
      "description": "<color=#ff6000>Theme Pack Selection</color> +{0}"
    },
    {
      "id": "ADDITIONAL_FLOOR_THEME_REFRESH",
      "description": "<color=#ff6000>Theme Pack Refresh Chance</color> +{0}"
    },
    {
      "id": "ADDITIONAL_PERSONALITY_LEVEL_ON_SELECT_NEW_FLOOR_THEME",
      "description": "When choosing a new Theme Pack for the first time, all Identities gain +{0} <color=#ff6000>Level(s)</color> (max 9)"
    },
    {
      "id": "ADDITIONAL_SHOP_EGO_GIFT_SLOT",
      "description": "<color=#ff6000>Shop E.G.O Gift Selection</color> +{0}"
    },
    {
      "id": "ADDITIONAL_PERSONALITY_LEVEL_ON_ENTER_1ST_FLOOR",
      "description": "Upon entry, all Identities gain {0} <color=#ff6000>Level(s)</color>"
    },
    {
      "id": "ADDITIONAL_PERSONALITY_LEVEL_ON_CLEAR_FLOOR",
      "description": "Upon Floor clear, all Identities gain {0} <color=#ff6000>Level(s)</color> (max 5)"
    },
    {
      "id": "ACQUIRE_3_TIER_RANDOM_MATERIAL_EGO_GIFT_ON_ENTER_SHOP",
      "description": "Upon entering a Shop, gain {0} random Tier 3 or less <color=#ff6000>For Fuse or Sale only E.G.O Gift(s)</color>"
    },
    {
      "id": "ACQUIRE_3_TIER_RANDOM_EGO_GIFT_ON_ENTER_3RD_FLOOR",
      "description": "Upon entering Floor 3, gain {0} random <color=#ff6000>Tier 3 E.G.O Gift(s)</color>"
    },
    {
      "id": "ACQUIRE_LOWER_TIER_RANDOM_EGO_GIFT_ON_COMBINE",
      "description": "When Fusing, gain a <color=#ff6000>random additional E.G.O Gift</color> 2 Tiers below the Fusion result(must be Tier 3 or higher) (once per Shop)"
    },
    {
      "id": "ADDITIONAL_START_EGO_GIFT_SELECT",
      "description": "<color=#ff6000>Starting E.G.O Gift</color> Choice +{0}"
    },
    {
      "id": "ACQUIRE_3_TIER_RANDOM_KEYWORD_EGO_GIFT_ON_ENTER_1ST_FLOOR",
      "description": "Upon entry, gain {0} <color=#ff6000>Tier 3 E.G.O Gift(s) of your choice</color> for your selected Keyword category"
    },
    {
      "id": "REVIVE_ONCE_PER_FLOOR",
      "description": "Upon Encounter End: Revive {0} ally(-ies) (once per Floor)"
    },
    {
      "id": "FREE_SHOP_REFRESH_EGO_GIFT_ONCE",
      "description": "One Free <color=#ff6000>normal Refresh</color> for Shops"
    },
    {
      "id": "ADDITIONAL_START_COST",
      "description": "<color=#ff6000>Starting Cost</color> +{0}"
    },
    {
      "id": "ADDITIONAL_COST_AFTER_WIN_BATTLE",
      "description": "<color=#ff6000>Encounter Reward Cost</color> +{0}%"
    },
    {
      "id": "ADDITIONAL_SHOP_HIGH_TIER_EGO_GIFT_CHANCE",
      "description": "Greater chance for <color=#ff6000>high Tier E.G.O Gifts</color> to appear in Shops"
    },
    {
      "id": "FREE_SHOP_KEYWORD_REFRESH_EGO_GIFT_ONCE",
      "description": "One Free <color=#ff6000>Keyword Refresh</color> for Shops"
    },
    {
      "id": "ACQUIRE_2_TIER_RANDOM_EGO_GIFT_ON_ENTER_2ND_FLOOR",
      "description": "Upon entering Floor 2, gain {0} random <color=#ff6000>Tier 2 E.G.O Gift(s)</color>"
    },
    {
      "id": "ACQUIRE_1_TIER_RANDOM_EGO_GIFT_ON_ENTER_1ST_FLOOR",
      "description": "Upon entering Floor 1, gain {0} random <color=#ff6000>Tier 1 E.G.O Gift(s)</color>"
    },
    {
      "id": "MaxSpeedUpAdder",
      "description": "<color=#ff6000>Max Speed</color> +{0}"
    },
    {
      "id": "GiveBuffOnRoundStart",
      "description": "Gain {2} <color=#ff6000>{1}</color>"
    }
  ]
}