{
  "dataList": [
    {
      "id": "dungeon_1_1_0101",
      "content": "Control Team Containment"
    },
    {
      "id": "dungeon_1_1_0102",
      "content": "Control Team Lobby"
    },
    {
      "id": "dungeon_1_1_0103",
      "content": "Containment Hall 1"
    },
    {
      "id": "dungeon_1_1_0104",
      "content": "Containment Hall 2"
    },
    {
      "id": "dungeon_1_1_0105",
      "content": "Containment Hall 3"
    },
    {
      "id": "dungeon_1_1_0106",
      "content": "Employee Lounge"
    },
    {
      "id": "dungeon_1_1_0107",
      "content": "Info. Team Passage"
    },
    {
      "id": "dungeon_1_1_0201",
      "content": "Info. Team Lobby"
    },
    {
      "id": "dungeon_1_1_0202",
      "content": "Employee Waiting Room"
    },
    {
      "id": "dungeon_1_1_0203",
      "content": "Containment Hall 4"
    },
    {
      "id": "dungeon_1_1_0204",
      "content": "Containment Hall 5"
    },
    {
      "id": "dungeon_1_1_0205",
      "content": "Canteen"
    },
    {
      "id": "dungeon_1_1_0206",
      "content": "Reserve Passageway"
    },
    {
      "id": "dungeon_1_1_0207",
      "content": "Critical Abnormality Block"
    },
    {
      "id": "dungeon_1_1_0301",
      "content": "Smoke War Central Front"
    },
    {
      "id": "dungeon_1_1_0302",
      "content": "Defense Line 23-7 - 1100 Hours"
    },
    {
      "id": "dungeon_1_1_0303",
      "content": "Key Foothold"
    },
    {
      "id": "dungeon_1_1_0304",
      "content": "Defense Line 23-7 - 1300 Hours"
    },
    {
      "id": "dungeon_1_1_0305",
      "content": "Defense Line 23-7 - 1536 Hours"
    }
  ]
}