{
  "dataList": [
    {
      "id": "dungeon_1_2_0101",
      "content": "Vault Storage"
    },
    {
      "id": "dungeon_1_2_0102",
      "content": "Quarry Entrance"
    },
    {
      "id": "dungeon_1_2_0103",
      "content": "Quarry 1"
    },
    {
      "id": "dungeon_1_2_0104",
      "content": "Quarry 2"
    },
    {
      "id": "dungeon_1_2_0105",
      "content": "Quarry 3"
    },
    {
      "id": "dungeon_1_2_0106",
      "content": "Quarry 4"
    },
    {
      "id": "dungeon_1_2_0107",
      "content": "Explosives Bay"
    },
    {
      "id": "dungeon_1_2_0108",
      "content": "Peccatula Enclosure"
    },
    {
      "id": "dungeon_1_2_0109",
      "content": "Shelter"
    },
    {
      "id": "dungeon_1_2_0110",
      "content": "Underground Factory Gate"
    },
    {
      "id": "dungeon_1_2_0201",
      "content": "Factory Entrance"
    },
    {
      "id": "dungeon_1_2_0202",
      "content": "Production Line 1"
    },
    {
      "id": "dungeon_1_2_0203",
      "content": "Production Line 2"
    },
    {
      "id": "dungeon_1_2_0204",
      "content": "Production Line 3"
    },
    {
      "id": "dungeon_1_2_0205",
      "content": "Molding Chamber"
    },
    {
      "id": "dungeon_1_2_0206",
      "content": "Molding Chamber"
    },
    {
      "id": "dungeon_1_2_0207",
      "content": "Assembly Line"
    },
    {
      "id": "dungeon_1_2_0208",
      "content": "Paint Shop"
    },
    {
      "id": "dungeon_1_2_0209",
      "content": "Maintenance Point"
    },
    {
      "id": "dungeon_1_2_0210",
      "content": "Backup Generators"
    },
    {
      "id": "dungeon_1_2_0211",
      "content": "Safety Testing"
    },
    {
      "id": "dungeon_1_2_0212",
      "content": "Forward Base"
    },
    {
      "id": "dungeon_1_2_0213",
      "content": "Final Processing"
    },
    {
      "id": "dungeon_1_2_0214",
      "content": "Waste Disposal"
    },
    {
      "id": "dungeon_1_2_0215",
      "content": "Quality Control"
    },
    {
      "id": "dungeon_1_2_0301",
      "content": "Snowy Crossroads"
    },
    {
      "id": "dungeon_1_2_0302",
      "content": "Frozen Ruins"
    },
    {
      "id": "dungeon_1_2_0303",
      "content": "Ruined Village"
    },
    {
      "id": "dungeon_1_2_0304",
      "content": "Snowstorm Fields"
    },
    {
      "id": "dungeon_1_2_0305",
      "content": "Buried Hideout"
    },
    {
      "id": "dungeon_1_2_0306",
      "content": "Drawbridge"
    },
    {
      "id": "dungeon_1_2_0307",
      "content": "Ice Castle Where Neighbors Lie"
    }
  ]
}