{
  "dataList": [
    {
      "id": 10401,
      "stageList": [
        {
          "id": 10401,
          "title": "Blossoming League of Nine Littérateurs",
          "desc": "We've entered the space of scattering yellow petals where the Golden Bough is resonating. It was the only place where Yi Sang may breathe as he put it. The Sinners are tasked with acting their parts of the script they're given, based on the place they're in. We're then greeted by Dongbaek from the past, accompanying a stunning fireworks display."
        },
        {
          "id": 10402,
          "title": "Blossoming League of Nine Littérateurs",
          "desc": "We've entered the space of scattering yellow petals where the Golden Bough is resonating. It was the only place where Yi Sang may breathe as he put it. The Sinners are tasked with acting their parts of the script they're given, based on the place they're in. We're then greeted by Dongbaek from the past, accompanying a stunning fireworks display. "
        },
        {
          "id": 10403,
          "title": "Blossoming League of Nine Littérateurs",
          "desc": "We've entered the space of scattering yellow petals where the Golden Bough is resonating. It was the only place where Yi Sang may breathe as he put it. The Sinners are tasked with acting their parts of the script they're given, based on the place they're in. We're then greeted by Dongbaek from the past, accompanying a stunning fireworks display. "
        },
        {
          "id": 10404,
          "title": "Blossoming League of Nine Littérateurs",
          "desc": "We've entered the space of scattering yellow petals where the Golden Bough is resonating. It was the only place where Yi Sang may breathe as he put it. The Sinners are tasked with acting their parts of the script they're given, based on the place they're in. We're then greeted by Dongbaek from the past, accompanying a stunning fireworks display. "
        },
        {
          "id": 10405,
          "title": "Blossoming League of Nine Littérateurs",
          "desc": "We've entered the space of scattering yellow petals where the Golden Bough is resonating. It was the only place where Yi Sang may breathe as he put it. The Sinners are tasked with acting their parts of the script they're given, based on the place they're in. We're then greeted by Dongbaek from the past, accompanying a stunning fireworks display. "
        },
        {
          "id": 10406,
          "title": "Blossoming League of Nine Littérateurs",
          "desc": "We've entered the space of scattering yellow petals where the Golden Bough is resonating. It was the only place where Yi Sang may breathe as he put it. The Sinners are tasked with acting their parts of the script they're given, based on the place they're in. We're then greeted by Dongbaek from the past, accompanying a stunning fireworks display. "
        },
        {
          "id": 10407,
          "title": "Blossoming League of Nine Littérateurs",
          "desc": "We've entered the space of scattering yellow petals where the Golden Bough is resonating. It was the only place where Yi Sang may breathe as he put it. The Sinners are tasked with acting their parts of the script they're given, based on the place they're in. We're then greeted by Dongbaek from the past, accompanying a stunning fireworks display. "
        },
        {
          "id": 10408,
          "title": "Blossoming League of Nine Littérateurs",
          "desc": "The Sinners are doing their best to play their roles, as awkward as it may be. Visited by sights of flowers and chirps of birds, the League of Nine was filled with joy and warmth even if it had become colorless."
        },
        {
          "id": 10409,
          "title": "Blossoming League of Nine Littérateurs",
          "desc": "The Sinners are doing their best to play their roles, as awkward as it may be. Visited by sights of flowers and chirps of birds, the League of Nine was filled with joy and warmth even if it had become colorless. "
        },
        {
          "id": 10410,
          "title": "Blossoming League of Nine Littérateurs",
          "desc": "The Sinners are doing their best to play their roles, as awkward as it may be. Visited by sights of flowers and chirps of birds, the League of Nine was filled with joy and warmth even if it had become colorless. "
        },
        {
          "id": 10411,
          "title": "Blossoming League of Nine Littérateurs",
          "desc": "Young-ji demonstrated the glass window, his new invention, to his fellow members. Some were astonished, while some showed concern. Shades of change were slowly beginning to cast over the League."
        },
        {
          "id": 10412,
          "title": "Blossoming League of Nine Littérateurs",
          "desc": "Young-ji demonstrated the glass window, his new invention, to his fellow members. Some were astonished, while some showed concern. Shades of change were slowly beginning to cast over the League."
        },
        {
          "id": 10413,
          "title": "Blossoming League of Nine Littérateurs",
          "desc": "During his time in the League, Yi Sang invented his reconstruction of Young-ji's glass window. In the invention, he meets his left-handed self."
        },
        {
          "id": 10414,
          "title": "Blossoming League of Nine Littérateurs",
          "desc": "During his time in the League, Yi Sang invented his reconstruction of Young-ji's glass window. In the invention, he meets his left-handed self."
        },
        {
          "id": 10415,
          "title": "Blossoming League of Nine Littérateurs",
          "desc": "This time, we see a story that takes place somewhere far away. In a quiet corner of the Outskirts, stories of an unknown boy unfolds like stars lighting the night sky."
        },
        {
          "id": 10416,
          "title": "Blossoming League of Nine Littérateurs",
          "desc": "This time, we see a story that takes place somewhere far away. In a quiet corner of the Outskirts, stories of an unknown boy unfolds like stars lighting the night sky."
        },
        {
          "id": 10417,
          "title": "Blossoming League of Nine Littérateurs",
          "desc": "The place changes once more, and the Sinners are looking out at streets of T Corp's district. People deviod of color stoop on the roads."
        },
        {
          "id": 10418,
          "title": "Blossoming League of Nine Littérateurs",
          "desc": "The place changes once more, and the Sinners are looking out at streets of T Corp's district. People deviod of color stoop on the roads."
        },
        {
          "id": 10419,
          "title": "Blossoming League of Nine Littérateurs",
          "desc": "The place changes once more, and the Sinners are looking out at streets of T Corp's district. People deviod of color stoop on the roads."
        },
        {
          "id": 10421,
          "title": "Rowdy League of Nine Littérateurs",
          "desc": "Flowers fall as time passes, and the League of Nine grows noisy. At the time, no one knew whether this was simple noise or a step toward change."
        },
        {
          "id": 10422,
          "title": "Rowdy League of Nine Littérateurs",
          "desc": "Flowers fall as time passes, and the League of Nine grows noisy. At the time, no one knew whether this was simple noise or a step toward change."
        },
        {
          "id": 10423,
          "title": "Rowdy League of Nine Littérateurs",
          "desc": "As technology starts to be appraised for their worth, tiny cracks are heard being made amidst the League."
        },
        {
          "id": 10424,
          "title": "Rowdy League of Nine Littérateurs",
          "desc": "As technology starts to be appraised for their worth, tiny cracks are heard being made amidst the League."
        },
        {
          "id": 10425,
          "title": "Rowdy League of Nine Littérateurs",
          "desc": "How nice it would have been if all stories told happy tales."
        },
        {
          "id": 10426,
          "title": "Rowdy League of Nine Littérateurs",
          "desc": "How nice it would have been if all stories told happy tales."
        },
        {
          "id": 10427,
          "title": "Rowdy League of Nine Littérateurs",
          "desc": "How nice it would have been if all stories told happy tales."
        },
        {
          "id": 10428,
          "title": "Rowdy League of Nine Littérateurs",
          "desc": "How nice it would have been if all stories told happy tales."
        },
        {
          "id": 10429,
          "title": "Rowdy League of Nine Littérateurs",
          "desc": "An outlandish item is placed at the center of the League's office. Looking back on the group's original purpose, the members' thoughts begin to clash."
        },
        {
          "id": 10430,
          "title": "Rowdy League of Nine Littérateurs",
          "desc": "Unfamiliar sounds occupy the League. The nine ceased to be nine, and things that weren't thought to be crimes turn into accusations."
        },
        {
          "id": 10431,
          "title": "Withering League of Nine Littérateurs",
          "desc": "Unfamiliar sounds occupy the League. The nine ceased to be nine, and things that weren't thought to be crimes turn into accusations."
        },
        {
          "id": 10432,
          "title": "Withering League of Nine Littérateurs",
          "desc": "Unfamiliar sounds occupy the League. The nine ceased to be nine, and things that weren't thought to be crimes turn into accusations."
        },
        {
          "id": 10433,
          "title": "Withering League of Nine Littérateurs",
          "desc": "Unfamiliar sounds occupy the League. The nine ceased to be nine, and things that weren't thought to be crimes turn into accusations."
        },
        {
          "id": 10434,
          "title": "Withering League of Nine Littérateurs",
          "desc": "While the members are unsure of what they wanted to protect, the League sees an unexpected visitor."
        },
        {
          "id": 10435,
          "title": "Withering League of Nine Littérateurs",
          "desc": "While the members are unsure of what they wanted to protect, the League sees an unexpected visitor."
        },
        {
          "id": 10436,
          "title": "Withering League of Nine Littérateurs",
          "desc": "The League of Nine Littérateurs was consumed in a colorless fire. In the shattering, Yi Sang chose to stop; in other words, he chose indifference."
        },
        {
          "id": 10437,
          "title": "Withering League of Nine Littérateurs",
          "desc": "The League of Nine Littérateurs was consumed in a colorless fire. In the shattering, Yi Sang chose to stop; in other words, he chose indifference."
        },
        {
          "id": 10438,
          "title": "Withering League of Nine Littérateurs",
          "desc": "As time passed, Stephanette grew old, and K Corp. faces a new change."
        },
        {
          "id": 10440,
          "title": "N Corp. Cubic Room",
          "desc": "Taken by Gubo, Yi Sang was brought to a room entirely painted in white. He covered the time with a long silence, accompanied by the mirror."
        },
        {
          "id": 10441,
          "title": "N Corp. Cubic Room",
          "desc": "Taken by Gubo, Yi Sang was brought to a room entirely painted in white. He covered the time with a long silence, accompanied by the mirror."
        },
        {
          "id": 10442,
          "title": "N Corp. Cubic Room",
          "desc": "Taken by Gubo, Yi Sang was brought to a room entirely painted in white. He covered the time with a long silence, accompanied by the mirror."
        },
        {
          "id": 10443,
          "title": "N Corp. Cubic Room",
          "desc": "The only visitors to the room were Hermann and Gubo. Gubo keeps recommending him to join the new League of Nine."
        },
        {
          "id": 10444,
          "title": "N Corp. Cubic Room",
          "desc": "The only visitors to the room were Hermann and Gubo. Gubo keeps recommending him to join the new League of Nine."
        },
        {
          "id": 10445,
          "title": "N Corp. Cubic Room",
          "desc": "The only visitors to the room were Hermann and Gubo. Gubo keeps recommending him to join the new League of Nine."
        },
        {
          "id": 10446,
          "title": "N Corp. Cubic Room",
          "desc": "At some point, Sang Yi started saying strange things, and talks to Yi Sang about two options."
        },
        {
          "id": 10447,
          "title": "N Corp. Cubic Room",
          "desc": "At some point, Sang Yi started saying strange things, and talks to Yi Sang about two options."
        },
        {
          "id": 10448,
          "title": "N Corp. Cubic Room",
          "desc": "At some point, Sang Yi started saying strange things, and talks to Yi Sang about two options."
        },
        {
          "id": 10449,
          "title": "N Corp. Cubic Room",
          "desc": "At some point, Sang Yi started saying strange things, and talks to Yi Sang about two options."
        },
        {
          "id": 10450,
          "title": "N Corp. Cubic Room",
          "desc": "At some point, Sang Yi started saying strange things, and talks to Yi Sang about two options."
        },
        {
          "id": 10451,
          "title": "N Corp. Cubic Room",
          "desc": "Leaving the room of squares, Yi Sang takes staggering steps to somewhere. And now, Dongrang's turn has come. At this point in the past, he'd leave for K Corp. and give the Wing his technology."
        },
        {
          "id": 10452,
          "title": "K Corp. Laboratory",
          "desc": "Leaving the room of squares, Yi Sang takes staggering steps to somewhere. And now, Dongrang's turn has come. At this point in the past, he'd leave for K Corp. and give the Wing his technology."
        },
        {
          "id": 10453,
          "title": "K Corp. Laboratory",
          "desc": "Fatally wounded, Dongrang is nearing his death in this distorted form. Could this be it? His eyes grow calm, as if looking at a once peaceful field in his memories."
        },
        {
          "id": 10420,
          "title": "Rowdy League of Nine Littérateurs"
        },
        {
          "id": 10439,
          "title": "Withering League of Nine Littérateurs"
        }
      ]
    }
  ]
}