{
  "dataList": [
    {
      "id": "dungeon_1_5_0101",
      "content": "Whale Guts"
    },
    {
      "id": "dungeon_1_5_0102",
      "content": "Pequod Town"
    },
    {
      "id": "dungeon_1_5_0103",
      "content": "Ahab's Office"
    },
    {
      "id": "dungeon_1_5_0104",
      "content": "Journey to the Heart"
    },
    {
      "id": "dungeon_1_5_0201",
      "content": "Pequod Town Entrance"
    },
    {
      "id": "dungeon_1_5_0202",
      "content": "Right Heart Atrium"
    },
    {
      "id": "dungeon_1_5_0203",
      "content": "Right Heart Ventricle"
    },
    {
      "id": "dungeon_1_5_0204",
      "content": "Sinew Bridge"
    },
    {
      "id": "dungeon_1_5_0205",
      "content": "Thumping of the Heart"
    },
    {
      "id": "dungeon_1_5_0301",
      "content": "Rendezvous Area Before the Heart"
    },
    {
      "id": "dungeon_1_5_0302",
      "content": "Heart of the Whale"
    }
  ]
}