{
  "dataList": [
    {
      "id": 10201,
      "stageList": [
        {
          "id": 10,
          "title": "Quarry Entrance",
          "desc": "Even though we won the right to enter the basement, the Lobotomy Corp. Branch seemed to be long overtaken by the casino. Slaves dig away at walls, security guards watch them, and Peccatula chew at iron bars… A lot stood in our way."
        },
        {
          "id": 20,
          "title": "Quarry 1",
          "desc": "Even though we won the right to enter the basement, the Lobotomy Corp. Branch seemed to be long overtaken by the casino. Slaves dig away at walls, security guards watch them, and Peccatula chew at iron bars… A lot stood in our way. "
        },
        {
          "id": 21,
          "title": "Quarry 2",
          "desc": "Even though we won the right to enter the basement, the Lobotomy Corp. Branch seemed to be long overtaken by the casino. Slaves dig away at walls, security guards watch them, and Peccatula chew at iron bars… A lot stood in our way. "
        },
        {
          "id": 22,
          "title": "Quarry 3",
          "desc": "Even though we won the right to enter the basement, the Lobotomy Corp. Branch seemed to be long overtaken by the casino. Slaves dig away at walls, security guards watch them, and Peccatula chew at iron bars… A lot stood in our way. "
        },
        {
          "id": 30,
          "title": "Quarry 4",
          "desc": "Even though we won the right to enter the basement, the Lobotomy Corp. Branch seemed to be long overtaken by the casino. Slaves dig away at walls, security guards watch them, and Peccatula chew at iron bars… A lot stood in our way. "
        },
        {
          "id": 31,
          "title": "Explosives Bay",
          "desc": "Even though we won the right to enter the basement, the Lobotomy Corp. Branch seemed to be long overtaken by the casino. Slaves dig away at walls, security guards watch them, and Peccatula chew at iron bars… A lot stood in our way. "
        },
        {
          "id": 40,
          "title": "Shelter",
          "desc": "Even though we won the right to enter the basement, the Lobotomy Corp. Branch seemed to be long overtaken by the casino. Slaves dig away at walls, security guards watch them, and Peccatula chew at iron bars… A lot stood in our way. "
        },
        {
          "id": 50,
          "title": "Underground Factory Gate",
          "desc": "Gregor’s breathtaking attempt at insurrection caused security to release the Peccatula. Taking a better look at these creatures, though… They don’t seem to be following any orders, instead opting to attack any human in sight. If that’s the case…"
        },
        {
          "id": 110,
          "title": "Production Line 1",
          "desc": "We managed to reach the next floor. Colorful containers awaited us in an unguarded space.\nThere’s no one here, so what’s with this ominous feeling we’re getting while entering?"
        },
        {
          "id": 111,
          "title": "Production Line 2",
          "desc": "We managed to reach the next floor. Colorful containers awaited us in an unguarded space.\nThere’s no one here, so what’s with this ominous feeling we’re getting while entering?"
        },
        {
          "id": 112,
          "title": "Production Line 3",
          "desc": "We managed to reach the next floor. Colorful containers awaited us in an unguarded space.\nThere’s no one here, so what’s with this ominous feeling we’re getting while entering?"
        },
        {
          "id": 120,
          "title": "Molding Chamber",
          "desc": "We must defeat the ruthless cyborgs singing with jolly voices to make it through here."
        },
        {
          "id": 121,
          "title": "Colorful Dispenser Stand",
          "desc": "We must defeat the ruthless cyborgs singing with jolly voices to make it through here."
        },
        {
          "id": 130,
          "title": "Assembly Line",
          "desc": "We must defeat the ruthless cyborgs singing with jolly voices to make it through here."
        },
        {
          "id": 140,
          "title": "Maintenance Point",
          "desc": "We must defeat the ruthless cyborgs singing with jolly voices to make it through here."
        },
        {
          "id": 151,
          "title": "Backup Generators",
          "desc": "We must defeat the ruthless cyborgs singing with jolly voices to make it through here."
        },
        {
          "id": 150,
          "title": "Riveting Roulette",
          "desc": "We must defeat the ruthless cyborgs singing with jolly voices to make it through here."
        },
        {
          "id": 10214,
          "title": "Backup Generators",
          "desc": "We must defeat the ruthless cyborgs singing with jolly voices to make it through here."
        },
        {
          "id": 160,
          "title": "Safety Testing",
          "desc": "We must defeat the ruthless cyborgs singing with jolly voices to make it through here."
        },
        {
          "id": 170,
          "title": "Final Processing",
          "desc": "We must defeat the ruthless cyborgs singing with jolly voices to make it through here."
        },
        {
          "id": 161,
          "title": "Quality Control",
          "desc": "We must defeat the ruthless cyborgs singing with jolly voices to make it through here."
        },
        {
          "id": 171,
          "title": "Waste Disposal",
          "desc": "We must defeat the ruthless cyborgs singing with jolly voices to make it through here."
        },
        {
          "id": 180,
          "title": "Security Room",
          "desc": "We must defeat the ruthless cyborgs singing with jolly voices to make it through here."
        },
        {
          "id": 190,
          "title": "Forward Base",
          "desc": "We must defeat the ruthless cyborgs singing with jolly voices to make it through here."
        },
        {
          "id": 200,
          "title": "Snowy Crossroads",
          "desc": "Moving past the containers, we’re met with a chill air. The chunks of ice hint that we’re almost to the end."
        },
        {
          "id": 210,
          "title": "Snowstorm Fields",
          "desc": "Moving past the containers, we’re met with a chill air. The chunks of ice hint that we’re almost to the end."
        },
        {
          "id": 211,
          "title": "Snowstorm Fields",
          "desc": "Moving past the containers, we’re met with a chill air. The chunks of ice hint that we’re almost to the end."
        },
        {
          "id": 220,
          "title": "Frozen Ruins",
          "desc": "Moving past the containers, we’re met with a chill air. The chunks of ice hint that we’re almost to the end."
        },
        {
          "id": 221,
          "title": "Buried Hideout",
          "desc": "Moving past the containers, we’re met with a chill air. The chunks of ice hint that we’re almost to the end."
        },
        {
          "id": 230,
          "title": "Snowstorm Fields",
          "desc": "Moving past the containers, we’re met with a chill air. The chunks of ice hint that we’re almost to the end."
        },
        {
          "id": 231,
          "title": "Snowstorm Fields",
          "desc": "Moving past the containers, we’re met with a chill air. The chunks of ice hint that we’re almost to the end."
        },
        {
          "id": 240,
          "title": "Ruined Village",
          "desc": "Moving past the containers, we’re met with a chill air. The chunks of ice hint that we’re almost to the end."
        },
        {
          "id": 250,
          "title": "Ice Castle Where Neighbors Lie",
          "desc": "We made it across the frozen landscape and reached the end of the mines. In the distance, I saw a massive castle of ice… and an unexpected guest."
        },
        {
          "id": 0,
          "title": "Vault Storage"
        },
        {
          "id": 100,
          "title": "Factory Entrance"
        },
        {
          "id": 200,
          "title": "Snowy Crossroads"
        }
      ]
    }
  ]
}