{
  "dataList": [
    {
      "id": 910301,
      "name": "Cap. 3.5 Dungeon Galline da Incubo"
    },
    {
      "id": 910302,
      "name": "Cap. 3.5 Dungeon Galline da Incubo (Modalità Difficile)"
    },
    {
      "id": 910701,
      "name": "Cap. 5.5 Dungeon Cedi la Carne per Prendere le Loro Ossa"
    },
    {
      "id": 910901,
      "name": "Cap. 6.5 Dungeon Tempo Ammazzatempo"
    },
    {
      "id": 911401,
      "name": "Cap. 7.5 Dungeon Controllo di Routine LCB"
    },
    {
      "id": 911501,
      "name": "Cap. 5.5 Dungeon Cedi la Carne per Prendere le Loro Ossa (Modalità Difficile)"
    }
  ]
}