{
  "dataList": [
    {
      "id": 10101,
      "stageList": [
        {
          "id": 12,
          "title": "Control Team Containment",
          "desc": "First impressions of the Lobotomy Corporation facility were downright gruesome. Rendered speechless, we stared into the corpses of people with insectile features."
        },
        {
          "id": 11,
          "title": "Control Team Containment",
          "desc": "First impressions of the Lobotomy Corporation facility were downright gruesome. Rendered speechless, we stared into the corpses of people with insectile features."
        },
        {
          "id": 10,
          "title": "Control Team Lobby",
          "desc": "First impressions of the Lobotomy Corporation facility were downright gruesome. Rendered speechless, we stared into the corpses of people with insectile features."
        },
        {
          "id": 110,
          "title": "Employee Waiting Room",
          "desc": "A shadow appears in the dusky corridor. It carefully watches us approach. It was clear that we were not going to be a welcome presence to each other."
        },
        {
          "id": 210,
          "title": "Defense Line 23-7 - 1100 Hours",
          "desc": "A swarm of maggots was the first thing we saw on the next floor. Then, with a golden flash, we were greeted by a blurry sky, ringing with the sounds of cannons and shouts. Gregor’s shaky voice let me know that this was a battlefield."
        },
        {
          "id": 211,
          "title": "Defense Line 23-7 - 1100 Hours",
          "desc": "A swarm of maggots was the first thing we saw on the next floor. Then, with a golden flash, we were greeted by a blurry sky, ringing with the sounds of cannons and shouts. Gregor’s shaky voice let me know that this was a battlefield."
        },
        {
          "id": 212,
          "title": "Defense Line 23-7 - 1100 Hours",
          "desc": "A swarm of maggots was the first thing we saw on the next floor. Then, with a golden flash, we were greeted by a blurry sky, ringing with the sounds of cannons and shouts. Gregor’s shaky voice let me know that this was a battlefield."
        },
        {
          "id": 250,
          "title": "Defense Line 23-7 - 1300 Hours",
          "desc": "Tomah the young soldier greets us as though this were his first time seeing us, and our surroundings make less and less sense. Is this how Gregor viewed his past?"
        },
        {
          "id": 20,
          "title": "Containment Hall 1",
          "desc": "We were perplexed by the encounter with creatures that, at first glance, resembled Abnormalities. Yuri seemed just as confused as the rest of us."
        },
        {
          "id": 30,
          "title": "Containment Hall 2",
          "desc": "Continued battles have wounded and fatigued the Sinners. It was about time I winded my clock. Faust looks around for the right spot to let me do my thing."
        },
        {
          "id": 31,
          "title": "Containment Hall 2",
          "desc": "Continued battles have wounded and fatigued the Sinners. It was about time I winded my clock. Faust looks around for the right spot to let me do my thing."
        },
        {
          "id": 40,
          "title": "Employee Lounge",
          "desc": "Continued battles have wounded and fatigued the Sinners. It was about time I winded my clock. Faust looks around for the right spot to let me do my thing."
        },
        {
          "id": 240,
          "title": "Defense Line 23-7 - 1300 Hours",
          "desc": "Tomah the young soldier greets us as though this were his first time seeing us, and our surroundings make less and less sense. Is this how Gregor viewed his past?"
        },
        {
          "id": 121,
          "title": "Containment Hall 4",
          "desc": "A shadow appears in the dusky corridor. It carefully watches us approach. It was clear that we were not going to be a welcome presence to each other."
        },
        {
          "id": 120,
          "title": "Containment Hall 5",
          "desc": "Leaving aside the warning from Gregor’s old boss, we moved on. An acrid smell began to fill the air as if to punish our foolhardiness."
        },
        {
          "id": 130,
          "title": "Canteen",
          "desc": "We faced the Abnormality that most likely caused many disasters in the facility. According to Yuri, these Abnormalities used to be under strict supervision, kept in check by detailed managerial procedures. I don’t want to imagine what happened now that the facility’s faced closure."
        },
        {
          "id": 140,
          "title": "Cafeteria",
          "desc": "We faced the Abnormality that most likely caused many disasters in the facility. According to Yuri, these Abnormalities used to be under strict supervision, kept in check by detailed managerial procedures. I don’t want to imagine what happened now that the facility’s faced closure."
        },
        {
          "id": 50,
          "title": "Info. Team Passage",
          "desc": "The clock restored every Sinner to health, but the facility continues to grow more foreboding. Hoping that I was only imagining that the spiky things along the aisles bristled up, we proceeded farther."
        },
        {
          "id": 150,
          "title": "Critical Abnormality Block",
          "desc": "We faced the Abnormality that most likely caused many disasters in the facility. According to Yuri, these Abnormalities used to be under strict supervision, kept in check by detailed managerial procedures. I don’t want to imagine what happened now that the facility’s faced closure."
        },
        {
          "id": 270,
          "title": "Defense Line 23-7 - 1536 Hours",
          "desc": "The massive hand from Gregor’s memories took us back to the containment unit. Getting off the battleground doesn’t mean the end of the war, however; the Golden Bough is still waiting to be claimed."
        },
        {
          "id": 241,
          "title": "Defense Line 23-7 - 1300 Hours",
          "desc": "Tomah the young soldier greets us as though this were his first time seeing us, and our surroundings make less and less sense. Is this how Gregor viewed his past?"
        },
        {
          "id": 242,
          "title": "Defense Line 23-7 - 1300 Hours",
          "desc": "Tomah the young soldier greets us as though this were his first time seeing us, and our surroundings make less and less sense. Is this how Gregor viewed his past?"
        },
        {
          "id": 100117,
          "title": "Defense Line 23-7 - 1100 Hours",
          "desc": "The clock restored every Sinner to health, but the facility continues to grow more foreboding. Hoping that I was only imagining that the spiky things along the aisles bristled up, we proceeded farther."
        },
        {
          "id": 251,
          "title": "Defense Line 23-7 - 1536 Hours",
          "desc": "Tomah the young soldier greets us as though this were his first time seeing us, and our surroundings make less and less sense. Is this how Gregor viewed his past?"
        },
        {
          "id": 260,
          "title": "Defense Line 23-7 - 1536 Hours",
          "desc": "Tomah the young soldier greets us as though this were his first time seeing us, and our surroundings make less and less sense. Is this how Gregor viewed his past?"
        },
        {
          "id": 221,
          "title": "Defense Line 23-7 - 1300 Hours",
          "desc": "On the battlefield, we fight soldiers with insectile body parts just like Gregor. I couldn’t tell where this was or who they were, but I got the feeling that this was a product of the Golden Bough’s influence."
        },
        {
          "id": 220,
          "title": "Defense Line 23-7 - 1300 Hours",
          "desc": "On the battlefield, we fight soldiers with insectile body parts just like Gregor. I couldn’t tell where this was or who they were, but I got the feeling that this was a product of the Golden Bough’s influence."
        },
        {
          "id": 230,
          "title": "Defense Line 23-7 - 1300 Hours",
          "desc": "On the battlefield, we fight soldiers with insectile body parts just like Gregor. I couldn’t tell where this was or who they were, but I got the feeling that this was a product of the Golden Bough’s influence."
        },
        {
          "id": 0,
          "title": "Control Team Lobby"
        },
        {
          "id": 100,
          "title": "Info. Team Lobby"
        },
        {
          "id": 200,
          "title": "Defense Line 23-7 - 1100 Hours"
        }
      ]
    }
  ]
}