{
  "dataList": [
    {
      "id": "dungeon_1_3_0101",
      "content": "Gate Entrance"
    },
    {
      "id": "dungeon_1_3_0102",
      "content": "Basement Entrance"
    },
    {
      "id": "dungeon_1_3_0103",
      "content": "Machinery Room"
    },
    {
      "id": "dungeon_1_3_0104",
      "content": "Gate #1"
    },
    {
      "id": "dungeon_1_3_0105",
      "content": "Sealed Door"
    },
    {
      "id": "dungeon_1_3_0106",
      "content": "Forgotten Passage"
    },
    {
      "id": "dungeon_1_3_0107",
      "content": "Containment Area"
    },
    {
      "id": "dungeon_1_3_0108",
      "content": "Corroded Entity Block"
    },
    {
      "id": "dungeon_1_3_0109",
      "content": "Elite Training Quarters"
    },
    {
      "id": "dungeon_1_3_0110",
      "content": "Prison Area"
    },
    {
      "id": "dungeon_1_3_0111",
      "content": "Old Warehouse"
    },
    {
      "id": "dungeon_1_3_0112",
      "content": "Blockade Zone"
    },
    {
      "id": "dungeon_1_3_0113",
      "content": "Chapel"
    },
    {
      "id": "dungeon_1_3_0114",
      "content": "Torture Chamber"
    },
    {
      "id": "dungeon_1_3_0201",
      "content": "Church Corridor"
    },
    {
      "id": "dungeon_1_3_0202",
      "content": "Closed Prayer Room"
    },
    {
      "id": "dungeon_1_3_0203",
      "content": "Room of Echoing Screams"
    },
    {
      "id": "dungeon_1_3_0204",
      "content": "Gate #2"
    },
    {
      "id": "dungeon_1_3_0205",
      "content": "Bridge of Suppuration"
    },
    {
      "id": "dungeon_1_3_0206",
      "content": "Underground Church"
    },
    {
      "id": "dungeon_1_3_0207",
      "content": "Meditator’s Pulpit"
    },
    {
      "id": "dungeon_1_3_0208",
      "content": "Church Door"
    },
    {
      "id": "dungeon_1_3_0209",
      "content": "Altar of Tears"
    },
    {
      "id": "dungeon_1_3_0210",
      "content": "Altar Entrance"
    },
    {
      "id": "dungeon_1_3_0211",
      "content": "Sacristy"
    },
    {
      "id": "dungeon_1_3_0212",
      "content": "Central Area"
    },
    {
      "id": "dungeon_1_3_0213",
      "content": "Altar of Penance"
    },
    {
      "id": "dungeon_1_3_0214",
      "content": "Purificatory"
    },
    {
      "id": "dungeon_1_3_0215",
      "content": "Gate #3"
    },
    {
      "id": "dungeon_1_3_0216",
      "content": "The Judging Block"
    },
    {
      "id": "dungeon_1_3_0217",
      "content": "Path to Hallowed Ground"
    },
    {
      "id": "dungeon_1_3_0301",
      "content": "Ritual Square"
    },
    {
      "id": "dungeon_1_3_0302",
      "content": "Hill of Corpses"
    }
  ]
}