{
  "dataList": [
    {
      "id": "dungeon_1_4_0101",
      "content": "League of Nine Littérateurs Lab - Spring"
    },
    {
      "id": "dungeon_1_4_0102",
      "content": "Rearranged K Corp. Laboratory"
    },
    {
      "id": "dungeon_1_4_0201",
      "content": "League of Nine Littérateurs Lab - Autumn"
    },
    {
      "id": "dungeon_1_4_0202",
      "content": "League of Nine Littérateurs Lab - Summer"
    },
    {
      "id": "dungeon_1_4_0301",
      "content": "League of Nine Littérateurs Lab - Winter"
    },
    {
      "id": "dungeon_1_4_0302",
      "content": "N Corp's White Room"
    }
  ]
}