{
  "dataList": [
    {
      "id": 10701,
      "stageList": [
        {
          "id": 10702,
          "debugNodeId ": "DN-10702",
          "title": "Un Nome Prestato"
        },
        {
          "id": 10703,
          "debugNodeId ": "DN-10703",
          "title": "Fallimento Assoluto"
        },
        {
          "id": 10704,
          "debugNodeId ": "DN-10704",
          "title": "Fallimento Assoluto"
        },
        {
          "id": 10705,
          "debugNodeId ": "DN-10705",
          "title": "Fallimento Assoluto"
        },
        {
          "id": 10706,
          "debugNodeId ": "DN-10706",
          "title": "Fallimento Assoluto"
        },
        {
          "id": 10707,
          "debugNodeId ": "DN-10707",
          "title": "Fallimento Assoluto"
        },
        {
          "id": 10708,
          "debugNodeId ": "DN-10708",
          "title": "Tra i Sogni Infranti"
        },
        {
          "id": 10709,
          "debugNodeId ": "DN-10709",
          "title": "La Grande Avventura"
        },
        {
          "id": 10710,
          "debugNodeId ": "DN-10710",
          "title": "La Grande Avventura"
        },
        {
          "id": 10711,
          "debugNodeId ": "DN-10711",
          "title": "La Grande Avventura"
        },
        {
          "id": 10712,
          "debugNodeId ": "DN-10712",
          "title": "La Grande Avventura"
        },
        {
          "id": 10713,
          "debugNodeId ": "DN-10713",
          "title": "Intermezzo"
        },
        {
          "id": 10714,
          "debugNodeId ": "DN-10714",
          "title": "Un Internamento per Coloro Che Non Potevano Abbandonare il Loro Desiderio"
        },
        {
          "id": 10715,
          "debugNodeId ": "DN-10715",
          "title": "Un Internamento per Coloro Che Non Potevano Abbandonare il Loro Desiderio"
        },
        {
          "id": 10716,
          "debugNodeId ": "DN-10716",
          "title": "Un Internamento per Coloro Che Non Potevano Abbandonare il Loro Desiderio"
        },
        {
          "id": 10717,
          "debugNodeId ": "DN-10717",
          "title": "Intermezzo"
        },
        {
          "id": 10718,
          "debugNodeId ": "DN-10718",
          "title": "200 Anni Dopo la Partenza"
        },
        {
          "id": 10719,
          "debugNodeId ": "DN-10719",
          "title": "200 Anni Dopo la Partenza"
        },
        {
          "id": 10720,
          "debugNodeId ": "DN-10720",
          "title": "200 Anni Dopo la Partenza"
        },
        {
          "id": 10721,
          "debugNodeId ": "DN-10721",
          "title": "Intermezzo"
        },
        {
          "id": 10722,
          "debugNodeId ": "DN-10722",
          "title": "Il Destino degli Afflitti"
        },
        {
          "id": 10723,
          "debugNodeId ": "DN-10723",
          "title": "La Fine del Sogno"
        },
        {
          "id": 10724,
          "debugNodeId ": "DN-10724",
          "title": "Il Carosello"
        },
        {
          "id": 10725,
          "debugNodeId ": "DN-10725",
          "title": "Il Sogno senza Fine"
        },
        {
          "id": 10726,
          "debugNodeId ": "DN-10726",
          "title": "La Manchaland, la Sognatrice"
        }
      ]
    }
  ]
}