{
  "dataList": [
    {
      "id": "20102_getCondition",
      "content": "Estrazione\nRicompensa Limbus Pass Stagione 1 Livello 30"
    },
    {
      "id": "20103_getCondition",
      "content": "Estrazione\nComprato dalla dispensa"
    },
    {
      "id": "20202_getCondition",
      "content": "Estrazione\nRicompensa Limbus Pass Stagione 1 Livello 42"
    },
    {
      "id": "20203_getCondition",
      "content": "Estrazione\nComprato dalla dispensa"
    },
    {
      "id": "20302_getCondition",
      "content": "Estrazione\nRicompensa Limbus Pass Stagione 1 Livello 18"
    },
    {
      "id": "20402_getCondition",
      "content": "Estrazione\nPass Regolare Stagione 1 Livello 60"
    },
    {
      "id": "20502_getCondition",
      "content": "Estrazione\nPass Regolare Stagione 1 Livello 28"
    },
    {
      "id": "20503_getCondition",
      "content": "Estrazione\nComprato dalla dispensa"
    },
    {
      "id": "20602_getCondition",
      "content": "Estrazione\nPass Regolare Stagione 1 Livello 36"
    },
    {
      "id": "20702_getCondition",
      "content": "Estrazione\nRicompensa Limbus Pass Stagione 1 Livello 54"
    },
    {
      "id": "20802_getCondition",
      "content": "Estrazione\nPass Regolare Stagione 1 Livello 44"
    },
    {
      "id": "20803_getCondition",
      "content": "Estrazione\nComprato dalla dispensa"
    },
    {
      "id": "20902_getCondition",
      "content": "Estrazione\nRicompensa Limbus Pass Stagione 1 Livello 6"
    },
    {
      "id": "20903_getCondition",
      "content": "Estrazione\nPass Regolare Stagione 1 Livello 52"
    },
    {
      "id": "21002_getCondition",
      "content": "Estrazione\nPass Regolare Stagione 1 Livello 12"
    },
    {
      "id": "21102_getCondition",
      "content": "Estrazione\nPass Regolare Stagione 1 Livello 4"
    },
    {
      "id": "21103_getCondition",
      "content": "Estrazione\nComprato dalla dispensa"
    },
    {
      "id": "21202_getCondition",
      "content": "Estrazione\nPass Regolare Stagione 1 Livello 20"
    },
    {
      "id": "21203_getCondition",
      "content": "Estrazione\nComprato dalla dispensa"
    },
    {
      "id": "20303_getCondition",
      "content": "Estrazione\nComprato dalla dispensa"
    },
    {
      "id": "20204_getCondition",
      "content": "Estrazione\nComprato dalla dispensa"
    },
    {
      "id": "21003_getCondition",
      "content": "Estrazione\nComprato dalla dispensa"
    },
    {
      "id": "20304_getCondition",
      "content": "Evento Hell’s Chicken"
    },
    {
      "id": "20104_getCondition",
      "content": "Estrazione\nComprato dalla dispensa"
    },
    {
      "id": "20603_getCondition",
      "content": "Estrazione\nComprato dalla dispensa"
    },
    {
      "id": "20504_getCondition",
      "content": "Pass Regolare Stagione 2 Livello 10"
    },
    {
      "id": "20804_getCondition",
      "content": "Ricompensa Limbus Pass Stagione 2 Livello 20"
    },
    {
      "id": "21104_getCondition",
      "content": "Ricompensa Limbus Pass Stagione 2 Livello 40"
    },
    {
      "id": "20703_getCondition",
      "content": "Stagione 2 Pass Regolare Livello 30"
    }
  ]
}