{
    "dataList": [
        {
            "id": 2017,
            "name": "Noose",
            "desc": "Ishmael's level rises to 40.\nIshmael's Uptie and Threadspin Tiers rise to Tier 4.\nIshmael gains [AaCePaBa] at the start of every encounter."
        },
        {
            "id": 2018,
            "name": "Reverse Knot",
            "desc": "When winning a clash using a Gloom affinity Skill, 1 ally with the lowest SP heals 5 SP"
        },
        {
            "id": 2019,
            "name": "Melted LCCB Employee Badge",
            "desc": "Pride damage taken -10%"
        },
        {
            "id": 2020,
            "name": "Desperate's Knot",
            "desc": "Deal +10% damage with Envy, Wrath, and Gloom affinity Skills\nDeal additional +10% corresponding affinity damage when activating 6+ Reson. with one of these affinities"
        },
        {
            "id": 2021,
            "name": "Mermaid Oil",
            "desc": "Inflict 1 additional [Vibration] with a Skill that inflicts Tremor"
        },
        {
            "id": 2022,
            "name": "Crossed Knot",
            "desc": "Turn End: if more than 15% of the Max HP was lost this turn, gain 2 Attack Power Up next turn"
        },
        {
            "id": 2023,
            "name": "Compulsive's Knot",
            "desc": "When at less than 0 SP, Final Power +1 to Envy, Wrath, and Gloom affinities"
        },
        {
            "id": 2024,
            "name": "Rusted Hook",
            "desc": "Gain 1 Poise when a Skill's first coin Heads Hits against an enemy with [Laceration]"
        },
        {
            "id": 2025,
            "name": "Standard Issue Mag",
            "desc": "Identities with [Bullet] start encounters with +3 max Ammo"
        },
        {
            "id": 2026,
            "name": "Unbreakable Knot",
            "desc": "Ishmael's Skills gain +2 Final Power\nWhen an ally dies, remaining allies gain 1 Haste and 1 Attack Power Up next turn (Once per turn)"
        }
    ]
}