{
  "dataList": [
    {
      "id": 20101,
      "name": "Vista del Corvo",
      "desc": "E.G.O Base di Yi Sang"
    },
    {
      "id": 20102,
      "name": "Fiamma del Quarto Fiammifero",
      "desc": "E.G.O Equipaggiato di Yi Sang"
    },
    {
      "id": 20103,
      "name": "Tumulo dei Desideri",
      "desc": "E.G.O Equipaggiato di Yi Sang"
    },
    {
      "id": 20201,
      "name": "Rappresentatore d'Immagini",
      "desc": "E.G.O Base di Faust"
    },
    {
      "id": 20202,
      "name": "Sacca di Fluido",
      "desc": "E.G.O Equipaggiato di Faust"
    },
    {
      "id": 20203,
      "name": "Chiodo Stregato",
      "desc": "E.G.O Equipaggiato di Faust"
    },
    {
      "id": 20301,
      "name": "La Sangre de Sancho",
      "desc": "E.G.O Base di Don Quixote"
    },
    {
      "id": 20302,
      "name": "Sacca di Fluido",
      "desc": "E.G.O Equipaggiato di Don Quixote"
    },
    {
      "id": 20401,
      "name": "Paesaggio in Fiamme",
      "desc": "E.G.O Base di Ryōshū"
    },
    {
      "id": 20402,
      "name": "Fiamma del Quarto Fiammifero",
      "desc": "E.G.O Equipaggiato di Ryōshū"
    },
    {
      "id": 20501,
      "name": "Catene degli Altri",
      "desc": "E.G.O Base di Meursault"
    },
    {
      "id": 20502,
      "name": "Cazzotto Svitato",
      "desc": "E.G.O Equipaggiato di Meursault"
    },
    {
      "id": 20503,
      "name": "Esecuzione",
      "desc": "E.G.O Equipaggiato di Meursault"
    },
    {
      "id": 20601,
      "name": "Landa dell'Illusione",
      "desc": "E.G.O Base di Hong Lu"
    },
    {
      "id": 20602,
      "name": "Desiderio Roseo",
      "desc": "E.G.O Equipaggiato di Hong Lu"
    },
    {
      "id": 20701,
      "name": "Sacco Nero",
      "desc": "E.G.O Base di Heathcliff"
    },
    {
      "id": 20702,
      "name": "Traliccio",
      "desc": "E.G.O Equipaggiato di Heathcliff"
    },
    {
      "id": 20801,
      "name": "Arpione Conficcato",
      "desc": "E.G.O Base di Ishmael"
    },
    {
      "id": 20802,
      "name": "Desiderio Roseo",
      "desc": "E.G.O Equipaggiato di Ishmael"
    },
    {
      "id": 20803,
      "name": "Stella Bruciante di Passione",
      "desc": "E.G.O Equipaggiato di Ishmael"
    },
    {
      "id": 20901,
      "name": "Il Dado è Tratto",
      "desc": "E.G.O Base di Rodion"
    },
    {
      "id": 20902,
      "name": "Fiamma del Quarto Fiammifero",
      "desc": "E.G.O Equipaggiato di Rodion"
    },
    {
      "id": 20903,
      "name": "Gambo Brinato",
      "desc": "E.G.O Equipaggiato di Rodion"
    },
    {
      "id": 21001,
      "name": "Ramo della Conoscenza",
      "desc": "E.G.O Base di Sinclair"
    },
    {
      "id": 21002,
      "name": "Giorno Imminente",
      "desc": "E.G.O Equipaggiato di Sinclair"
    },
    {
      "id": 21101,
      "name": "To Páthos Máthos",
      "desc": "E.G.O Base di Outis"
    },
    {
      "id": 21102,
      "name": "Stelo d'Ebano",
      "desc": "E.G.O Equipaggiato di Outis"
    },
    {
      "id": 21103,
      "name": "Ya Śūnyatā Tad Rūpam",
      "desc": "E.G.O Equipaggiato di Outis"
    },
    {
      "id": 21201,
      "name": "Un Giorno, All'Improvviso",
      "desc": "E.G.O Base di Gregor"
    },
    {
      "id": 21202,
      "name": "Legerdemain",
      "desc": "E.G.O Equipaggiato di Gregor"
    },
    {
      "id": 21203,
      "name": "Lanterna",
      "desc": "E.G.O Equipaggiato di Gregor"
    },
    {
      "id": 20303,
      "name": "Traliccio",
      "desc": "E.G.O Equipaggiato di Don Quixote"
    },
    {
      "id": 20204,
      "name": "Traliccio",
      "desc": "E.G.O Equipaggiato di Faust"
    },
    {
      "id": 20304,
      "name": "Stufato Perpetuo",
      "desc": "E.G.O Equipaggiato di Don Quixote"
    },
    {
      "id": 21003,
      "name": "Stufato Perpetuo",
      "desc": "E.G.O Equipaggiato di Sinclair"
    },
    {
      "id": 20104,
      "name": "Squartatore Dimensionale",
      "desc": "E.G.O Equipaggiato di Yi Sang"
    },
    {
      "id": 20603,
      "name": "Squartatore Dimensionale",
      "desc": "E.G.O Equipaggiato di Hong Lu"
    },
    {
      "id": 20504,
      "name": "Capote",
      "desc": "E.G.O Equipaggiato di Meursault"
    },
    {
      "id": 20804,
      "name": "Capote",
      "desc": "E.G.O Equipaggiato di Ishmael"
    },
    {
      "id": 21104,
      "name": "Pioggia Solare",
      "desc": "E.G.O Equipaggiato di Outis"
    },
    {
      "id": 21204,
      "name": "AEDD",
      "desc": "E.G.O Equipaggiato di Gregor"
    },
    {
      "id": 20703,
      "name": "AEDD",
      "desc": "E.G.O Equipaggiato di Heathcliff"
    },
    {
      "id": 20105,
      "name": "Pioggia Solare",
      "desc": "E.G.O Equipaggiato di Yi Sang"
    },
    {
      "id": 20403,
      "name": "Occhi Rossi",
      "desc": "E.G.O Equipaggiato di Ryōshū"
    },
    {
      "id": 20404,
      "name": "Occhi Rossi (Aperti)",
      "desc": "E.G.O Equipaggiato di Ryōshū"
    },
    {
      "id": 20405,
      "name": "Soda",
      "desc": "E.G.O Equipaggiato di Ryōshū"
    },
    {
      "id": 20604,
      "name": "Soda",
      "desc": "E.G.O Equipaggiato di Hong Lu"
    },
    {
      "id": 21004,
      "name": "Lanterna",
      "desc": "E.G.O Equipaggiato di Sinclair"
    },
    {
      "id": 20704,
      "name": "Ya Śūnyatā Tad Rūpam",
      "desc": "E.G.O Equipaggiato di Heathcliff"
    },
    {
      "id": 20505,
      "name": "Rimpianto",
      "desc": "E.G.O Equipaggiato di Meursault"
    },
    {
      "id": 20605,
      "name": "Corrosione Infestata",
      "desc": "E.G.O Equipaggiato di Hong Lu"
    },
    {
      "id": 20205,
      "name": "9:2",
      "desc": "E.G.O Equipaggiato di Faust"
    },
    {
      "id": 20406,
      "name": "Ossessione Cieca",
      "desc": "E.G.O Equipaggiato di Ryōshū"
    },
    {
      "id": 20805,
      "name": "Ossessione Cieca",
      "desc": "E.G.O Equipaggiato di Ishmael"
    },
    {
      "id": 20904,
      "name": "Corrosione Infestata",
      "desc": "E.G.O Equipaggiato di Rodion"
    },
    {
      "id": 21005,
      "name": "9:2",
      "desc": "E.G.O Equipaggiato di Sinclair"
    },
    {
      "id": 20905,
      "name": "Esecuzione",
      "desc": "E.G.O Equipaggiato di Rodion"
    },
    {
      "id": 20705,
      "name": "Festività",
      "desc": "E.G.O Equipaggiato di Heathcliff"
    },
    {
      "id": 21105,
      "name": "Festività",
      "desc": "E.G.O Equipaggiato di Outis"
    },
    {
      "id": 20305,
      "name": "Tumulo dei Desideri",
      "desc": "E.G.O Equipaggiato di Don Quixote"
    },
    {
      "id": 21205,
      "name": "Giardino delle Spine",
      "desc": "E.G.O Equipaggiato di Gregor"
    },
    {
      "id": 21206,
      "name": "Giorni Andati",
      "desc": "E.G.O Equipaggiato di Gregor"
    },
    {
      "id": 20106,
      "name": "Giorni Andati",
      "desc": "E.G.O Equipaggiato di Yi Sang"
    },
    {
      "id": 20306,
      "name": "Strillo Elettrico",
      "desc": "E.G.O Equipaggiato di Don Quixote"
    },
    {
      "id": 20506,
      "name": "Strillo Elettrico",
      "desc": "E.G.O Equipaggiato di Meursault"
    },
    {
      "id": 21106,
      "name": "Vincoli",
      "desc": "E.G.O Equipaggiato di Outis"
    },
    {
      "id": 20706,
      "name": "Vincoli",
      "desc": "E.G.O Equipaggiato di Heathcliff"
    },
    {
      "id": 20806,
      "name": "Battito d'Ali",
      "desc": "E.G.O Equipaggiato di Ishmael"
    },
    {
      "id": 20906,
      "name": "Desiderio Sanguineo",
      "desc": "E.G.O Equipaggiato di Rodion"
    },
    {
      "id": 20606,
      "name": "Pianto Greve",
      "desc": "E.G.O Equipaggiato di Hong Lu"
    },
    {
      "id": 21006,
      "name": "Pianto Greve",
      "desc": "E.G.O Equipaggiato di Sinclair"
    },
    {
      "id": 20206,
      "name": "Eternità",
      "desc": "E.G.O Equipaggiato di Faust"
    },
    {
      "id": 20407,
      "name": "Disprezzo, Timore",
      "desc": "E.G.O Equipaggiato di Ryōshū"
    },
    {
      "id": 20707,
      "name": "Proiettile Crudele",
      "desc": "E.G.O Equipaggiato di Heathcliff"
    },
    {
      "id": 21107,
      "name": "Squartatore Dimensionale",
      "desc": "E.G.O Equipaggiato di Outis"
    },
    {
      "id": 21207,
      "name": "Lamento Solenne",
      "desc": "E.G.O Equipaggiato di Gregor"
    },
    {
      "id": 20807,
      "name": "Giorni Andati",
      "desc": "E.G.O Equipaggiato di Ishmael"
    },
    {
      "id": 20207,
      "name": "Lazo",
      "desc": "E.G.O Equipaggiato di Faust"
    },
    {
      "id": 20607,
      "name": "Lazo",
      "desc": " E.G.O Equipaggiato di Hong Lu"
    },
    {
      "id": 21007,
      "name": "Chiodo Stregato",
      "desc": "E.G.O Equipaggiato di Sinclair"
    },
    {
      "id": 20907,
      "name": "Chiodo Stregato",
      "desc": "E.G.O Equipaggiato di Rodion"
    },
    {
      "id": 20507,
      "name": "Mircalla Bramante",
      "desc": "E.G.O Equipaggiato di Meursault"
    },
    {
      "id": 20307,
      "name": "Mircalla Bramante",
      "desc": "E.G.O Equipaggiato di Don Quixote"
    },
    {
      "id": 20107,
      "name": "Proiettile Crudele",
      "desc": "E.G.O Equipaggiato di Yi Sang"
    },
    {
      "id": 20708,
      "name": "Inerzia Asimmetrica",
      "desc": "E.G.O Equipaggiato di Heathcliff"
    },
    {
      "id": 20808,
      "name": "Incubo Natalizio",
      "desc": "E.G.O Equipaggiato di Ishmael"
    },
    {
      "id": 21208,
      "name": "Incubo Natalizio",
      "desc": "E.G.O Equipaggiato di Gregor"
    },
    {
      "id": 21108,
      "name": "Pallottola Magica",
      "desc": "E.G.O Equipaggiato di Outis"
    },
    {
      "id": 20408,
      "name": "Thoracalgia",
      "desc": "E.G.O Equipaggiato di Ryōshū"
    },
    {
      "id": 20208,
      "name": "Thoracalgia",
      "desc": "E.G.O Equipaggiato di Faust"
   },
   {
      "id": 20908,
      "name": "Processo della Strega",
      "desc": "E.G.O Equipaggiato di Rodion"
    }
   ]
 }