{
  "dataList": [
    {
      "id": 20101,
      "name": "Crow’s Eye View",
      "desc": "E.G.O di Base di Yi Sang"
    },
    {
      "id": 20102,
      "name": "4th Match Flame",
      "desc": "E.G.O Equipaggiato di Yi Sang"
    },
    {
      "id": 20103,
      "name": "Wishing Cairn",
      "desc": "E.G.O Equipaggiato di Yi Sang"
    },
    {
      "id": 20201,
      "name": "Representation Emitter",
      "desc": "E.G.O di Base di Faust"
    },
    {
      "id": 20202,
      "name": "Fluid Sac",
      "desc": "E.G.O Equipaggiato di Faust"
    },
    {
      "id": 20203,
      "name": "Hex Nail",
      "desc": "E.G.O Equipaggiato di Faust"
    },
    {
      "id": 20301,
      "name": "La Sangre de Sancho",
      "desc": "E.G.O di Base di Don Quixote"
    },
    {
      "id": 20302,
      "name": "Fluid Sac",
      "desc": "E.G.O Equipaggiato di Don Quixote"
    },
    {
      "id": 20401,
      "name": "Forest for the Flames",
      "desc": "E.G.O di Base di Ryōshū"
    },
    {
      "id": 20402,
      "name": "4th Match Flame",
      "desc": "E.G.O Equipaggiato di Ryōshū"
    },
    {
      "id": 20501,
      "name": "Chains of Others",
      "desc": "E.G.O di Base di Meursault"
    },
    {
      "id": 20502,
      "name": "Screwloose Wallop",
      "desc": "E.G.O Equipaggiato di Meursault"
    },
    {
      "id": 20503,
      "name": "Pursuance",
      "desc": "E.G.O Equipaggiato di Meursault"
    },
    {
      "id": 20601,
      "name": "Land of Illusion",
      "desc": "E.G.O di Base di Hong Lu"
    },
    {
      "id": 20602,
      "name": "Roseate Desire",
      "desc": "E.G.O Equipaggiato di Hong Lu"
    },
    {
      "id": 20701,
      "name": "Bodysack",
      "desc": "E.G.O di Base di Heathcliff"
    },
    {
      "id": 20702,
      "name": "Telepole",
      "desc": "E.G.O Equipaggiato di Heathcliff"
    },
    {
      "id": 20801,
      "name": "Snagharpoon",
      "desc": "E.G.O di Base di Ishmael"
    },
    {
      "id": 20802,
      "name": "Roseate Desire",
      "desc": "E.G.O Equipaggiato di Ishmael"
    },
    {
      "id": 20803,
      "name": "Ardor Blossom Star",
      "desc": "E.G.O Equipaggiato di Ishmael"
    },
    {
      "id": 20901,
      "name": "What is Cast",
      "desc": "E.G.O di Base di Rodion"
    },
    {
      "id": 20902,
      "name": "4th Match Flame",
      "desc": "E.G.O Equipaggiato di Rodion"
    },
    {
      "id": 20903,
      "name": "Rime Shank",
      "desc": "E.G.O Equipaggiato di Rodion"
    },
    {
      "id": 21001,
      "name": "Branch of Knowledge",
      "desc": "E.G.O di Base di Sinclair"
    },
    {
      "id": 21002,
      "name": "Impending Day",
      "desc": "E.G.O Equipaggiato di Sinclair"
    },
    {
      "id": 21101,
      "name": "To Páthos Máthos",
      "desc": "E.G.O di Base di Outis"
    },
    {
      "id": 21102,
      "name": "Ebony Stem",
      "desc": "E.G.O Equipaggiato di Outis"
    },
    {
      "id": 21103,
      "name": "Ya Śūnyatā Tad Rūpam",
      "desc": "E.G.O Equipaggiato di Outis"
    },
    {
      "id": 21201,
      "name": "Suddenly, One Day",
      "desc": "E.G.O di Base di Gregor"
    },
    {
      "id": 21202,
      "name": "Legerdemain",
      "desc": "E.G.O Equipaggiato di Gregor"
    },
    {
      "id": 21203,
      "name": "Lantern",
      "desc": "E.G.O Equipaggiato di Gregor"
    },
    {
      "id": 20303,
      "name": "Telepole",
      "desc": "E.G.O Equipaggiato di Don Quixote"
    },
    {
      "id": 20204,
      "name": "Telepole",
      "desc": "E.G.O Equipaggiato di Faust"
    },
    {
      "id": 20304,
      "name": "Lifetime Stew",
      "desc": "E.G.O Equipaggiato di Don Quixote"
    },
    {
      "id": 21003,
      "name": "Lifetime Stew",
      "desc": "E.G.O Equipaggiato di Sinclair"
    },
    {
      "id": 20104,
      "name": "Dimension Shredder",
      "desc": "E.G.O Equipaggiato di Yi Sang"
    },
    {
      "id": 20603,
      "name": "Dimension Shredder",
      "desc": "E.G.O Equipaggiato di Hong Lu"
    },
    {
      "id": 20504,
      "name": "Capote",
      "desc": "E.G.O Equipaggiato di Meursault"
    },
    {
      "id": 20804,
      "name": "Capote",
      "desc": "E.G.O Equipaggiato di Ishmael"
    },
    {
      "id": 21104,
      "name": "Sunshower",
      "desc": "E.G.O Equipaggiato di Outis"
    },
    {
      "id": 21204,
      "name": "AEDD",
      "desc": "E.G.O Equipaggiato di Gregor"
    },
    {
      "id": 20703,
      "name": "AEDD",
      "desc": "E.G.O Equipaggiato di Heathcliff"
    },
    {
      "id": 20105,
      "name": "Sunshower",
      "desc": "E.G.O Equipaggiato di Yi Sang"
    },
    {
      "id": 20403,
      "name": "Red Eyes",
      "desc": "E.G.O Equipaggiato di Ryōshū"
    },
    {
      "id": 20404,
      "name": "Red Eyes (Open)",
      "desc": "E.G.O Equipaggiato di Ryōshū"
    },
    {
      "id": 20405,
      "name": "Soda",
      "desc": "E.G.O Equipaggiato di Ryōshū"
    },
    {
      "id": 20604,
      "name": "Soda",
      "desc": "E.G.O Equipaggiato di Hong Lu"
    },
    {
      "id": 21004,
      "name": "Lantern",
      "desc": "E.G.O Equipaggiato di Sinclair"
    },
    {
      "id": 20704,
      "name": "Ya Śūnyatā Tad Rūpam",
      "desc": "E.G.O Equipaggiato di Heathcliff"
    },
    {
      "id": 20505,
      "name": "Regret",
      "desc": "E.G.O Equipaggiato di Meursault"
    },
    {
      "id": 20605,
      "name": "Effervescent Corrosion",
      "desc": "E.G.O Equipaggiato di Hong Lu"
    },
    {
      "id": 20205,
      "name": "9:2",
      "desc": "E.G.O Equipaggiato di Faust"
    },
    {
      "id": 20406,
      "name": "Blind Obsession",
      "desc": "E.G.O Equipaggiato di Ryōshū"
    },
    {
      "id": 20805,
      "name": "Blind Obsession",
      "desc": "E.G.O Equipaggiato di Ishmael"
    },
    {
      "id": 20904,
      "name": "Effervescent Corrosion",
      "desc": "E.G.O Equipaggiato di Rodion"
    },
    {
      "id": 21005,
      "name": "9:2",
      "desc": "E.G.O Equipaggiato di Sinclair"
    },
    {
      "id": 20905,
      "name": "Pursuance",
      "desc": "E.G.O Equipaggiato di Rodion"
    },
    {
      "id": 20705,
      "name": "Holiday",
      "desc": "E.G.O Equipaggiato di Heathcliff"
    },
    {
      "id": 21105,
      "name": "Holiday",
      "desc": "E.G.O Equipaggiato di Outis"
    },
    {
      "id": 20305,
      "name": "Wishing Cairn",
      "desc": "E.G.O Equipaggiato di Don Quixote"
    },
    {
      "id": 21205,
      "name": "Garden of Thorns",
      "desc": "E.G.O Equipaggiato di Gregor"
    },
    {
      "id": 21206,
      "name": "Bygone Days",
      "desc": "E.G.O Equipaggiato di Gregor"
    },
    {
      "id": 20106,
      "name": "Bygone Days",
      "desc": "E.G.O Equipaggiato di Yi Sang"
    },
    {
      "id": 20306,
      "name": "Electric Screaming",
      "desc": "E.G.O Equipaggiato di Don Quixote"
    },
    {
      "id": 20506,
      "name": "Electric Screaming",
      "desc": "E.G.O Equipaggiato di Meursault"
    },
    {
      "id": 21106,
      "name": "Binds",
      "desc": "E.G.O Equipaggiato di Outis"
    },
    {
      "id": 20706,
      "name": "Binds",
      "desc": "E.G.O Equipaggiato di Heathcliff"
    },
    {
      "id": 20806,
      "name": "Wingbeat",
      "desc": "E.G.O Equipaggiato di Ishmael"
    },
    {
      "id": 20906,
      "name": "Sanguine Desire",
      "desc": "E.G.O Equipaggiato di Rodion"
    },
    {
      "id": 20606,
      "name": "Cavernous Wailing",
      "desc": "E.G.O Equipaggiato di Hong Lu"
    },
    {
      "id": 21006,
      "name": "Cavernous Wailing",
      "desc": "E.G.O Equipaggiato di Sinclair"
    },
    {
      "id": 20206,
      "name": "Everlasting",
      "desc": "E.G.O Equipaggiato di Faust"
    },
    {
      "id": 20407,
      "name": "Contempt, Awe",
      "desc": "E.G.O Equipaggiato di Ryōshū"
    },
    {
      "id": 20707,
      "name": "Fell Bullet",
      "desc": "E.G.O Equipaggiato di Heathcliff"
    },
    {
      "id": 21107,
      "name": "Dimension Shredder",
      "desc": "E.G.O Equipaggiato di Outis"
    },
    {
      "id": 21207,
      "name": "Solemn Lament",
      "desc": "E.G.O Equipaggiato di Gregor"
    },
    {
      "id": 20807,
      "name": "Bygone Days",
      "desc": "E.G.O Equipaggiato di Ishmael"
    },
    {
      "id": 20207,
      "name": "Lasso",
      "desc": "E.G.O Equipaggiato di Faust"
    },
    {
      "id": 20607,
      "name": "Lasso",
      "desc": " LuE.G.O Equipaggiato di Hong"
    },
    {
      "id": 21007,
      "name": "Hex Nail",
      "desc": "E.G.O Equipaggiato di Sinclair"
    },
    {
      "id": 20907,
      "name": "Hex Nail",
      "desc": "E.G.O Equipaggiato di Rodion"
    },
    {
      "id": 20507,
      "name": "Yearning-Mircalla",
      "desc": "E.G.O Equipaggiato di Meursault"
    },
    {
      "id": 20307,
      "name": "Yearning-Mircalla",
      "desc": "E.G.O Equipaggiato di Don Quixote"
    },
    {
      "id": 20107,
      "name": "Fell Bullet",
      "desc": "E.G.O Equipaggiato di Yi Sang"
    },
    {
      "id": 20708,
      "name": "Asymmetrical Inertia",
      "desc": "E.G.O Equipaggiato di Heathcliff"
    },
    {
      "id": 20808,
      "name": "Christmas Nightmare",
      "desc": "E.G.O Equipaggiato di Ishmael"
    },
    {
      "id": 21208,
      "name": "Christmas Nightmare",
      "desc": "E.G.O Equipaggiato di Gregor"
    },
    {
      "id": 21108,
      "name": "Magic Bullet",
      "desc": "E.G.O Equipaggiato di Outis"
    },
    {
      "id": 20408,
      "name": "Thoracalgia",
      "desc": "E.G.O Equipaggiato di Ryōshū"
    },
    {
      "id": 20208,
      "name": "Thoracalgia",
      "desc": "E.G.O Equipaggiato di Faust"
   },
   {
      "id": 20908,
      "name": "Indicant's Trial",
      "desc": "Rodion’s E.G.O Gear"
    }
   ]
 }