{
  "dataList": [
    {
      "id": 90110,
      "name": "Determined Kurokumo Henchman",
      "desc": "Core"
    },
    {
      "id": 90111,
      "name": "Tense Kurokumo Henchman",
      "desc": "Core"
    },
    {
      "id": 90112,
      "name": "Adept Kurokumo Henchwoman",
      "desc": "Core"
    },
    {
      "id": 90113,
      "name": "Tired Kurokumo Henchwoman",
      "desc": "Core"
    },
    {
      "id": 91013,
      "name": "Kurokumo Clan Captain Jun",
      "desc": "Core"
    },
    {
      "id": 8151,
      "name": "Peccatulum Irae?",
      "desc": "Core"
    },
    {
      "id": 8152,
      "name": "Peccatulum Morositatis?",
      "desc": "Core"
    },
    {
      "id": 8153,
      "name": "Distorting Bamboo-hatted Kim",
      "desc": "Core"
    },
    {
      "id": 8154,
      "name": "Distorted Bamboo-hatted Kim",
      "desc": "Core"
    }
  ]
}