{
  "dataList": [
    {
      "id": 90101,
      "name": "Leafy Gnome",
      "desc": "Enemy Unit"
    },
    {
      "id": 90102,
      "name": "Cherry Gnome",
      "desc": "Enemy Unit"
    },
    {
      "id": 90103,
      "name": "Shadowy Gnome",
      "desc": "Enemy Unit"
    },
    {
      "id": 90104,
      "name": "Manager Gnome",
      "desc": "Enemy Unit"
    },
    {
      "id": 811401,
      "name": "Body",
      "desc": "Part"
    },
    {
      "id": 811501,
      "name": "Body",
      "desc": "Part"
    },
    {
      "id": 811601,
      "name": "Body",
      "desc": "Part"
    },
    {
      "id": 813501,
      "name": "Body",
      "desc": "Part"
    },
    {
      "id": 8113,
      "name": "Santata",
      "desc": "Enemy Unit"
    },
    {
      "id": 811301,
      "name": "Body",
      "desc": "Part"
    },
    {
      "id": 811302,
      "name": "Gift Sack",
      "desc": "Part"
    },
    {
      "id": 90105,
      "name": "Dodoru",
      "desc": "Enemy Unit"
    }
  ]
}