{
  "dataList": [
    {
      "id": 90162,
      "name": "Budding Bloodbag",
      "desc": "Unit"
    },
    {
      "id": 8394,
      "name": "Budding Zwei Fixer",
      "desc": "Unit"
    },
    {
      "id": 90166,
      "name": "Budding Bloodfiend",
      "desc": "Unit"
    },
    {
      "id": 90167,
      "name": "Blossomed Bloodfiend",
      "desc": "Unit"
    },
    {
      "id": 90168,
      "name": "Bloomed Bloodfiend",
      "desc": "Unit"
    },
    {
      "id": 8373,
      "name": "Peccatulum Luxuriae?",
      "desc": "Unit"
    },
    {
      "id": 8374,
      "name": "Peccatulum Superbiae?",
      "desc": "Unit"
    },
    {
      "id": 8375,
      "name": "Budding Cinq West Fixer",
      "desc": "Unit"
    },
    {
      "id": 8376,
      "name": "Rose Hunter",
      "desc": "Unit"
    },
    {
      "id": 8377,
      "name": "Barbed Lasso",
      "desc": "Unit"
    },
    {
      "id": 8378,
      "name": "The Priest",
      "desc": "Unit"
    },
    {
      "id": 8379,
      "name": "Hurting Teddy Bear",
      "desc": "Unit"
    },
    {
      "id": 8380,
      "name": "Sancho",
      "desc": "Unit"
    },
    {
      "id": 8395,
      "name": "The Barber",
      "desc": "Unit"
    },
    {
      "id": 8396,
      "name": "Dulcinea",
      "desc": "Unit"
    },
    {
      "id": 8403,
      "name": "Gondola",
      "desc": "Unit"
    },
    {
      "id": 8411,
      "name": "Coagulated Dream",
      "desc": "Unit"
    },
    {
      "id": 8412,
      "name": "Impaling Spear",
      "desc": "Unit"
    },
    {
      "id": 90165,
      "name": "Budding Zwei West Fixer",
      "desc": "Unit"
    },
    {
      "id": 8410,
      "name": "Don Quixote",
      "desc": "Boss"
    },
    {
      "id": 8413,
      "name": "Memories of the Dreaming Adventure",
      "desc": "Unit"
    },
    {
      "id": 8390,
      "name": "Don Quixote",
      "desc": "Boss"
    },
    {
      "id": 839001,
      "name": "The Wheel of La Manchaland",
      "desc": "Boss"
    },
    {
      "id": 840301,
      "name": "Gondola",
      "desc": "Unit"
    },
    {
      "id": 841101,
      "name": "Dreamshard",
      "desc": "Unit"
    },
    {
      "id": 841201,
      "name": "Hardblood Fragment",
      "desc": "Unit"
    },
    {
      "id": 841301,
      "name": "Memories of the Adventure",
      "desc": "Unit"
    }
  ]
}