{
    "dataList": [
        {
            "id": 90088,
            "name": "Whale of the Thousand Strands Mermaid",
            "desc": "Core"
        },
        {
            "id": 90089,
            "name": "Pallid White Mermaid",
            "desc": "Core"
        },
        {
            "id": 90090,
            "name": "Pallid Blue Mermaid",
            "desc": "Core"
        },
        {
            "id": 90091,
            "name": "Pallid Entwined Mermaid",
            "desc": "Core"
        },
        {
            "id": 90092,
            "name": "Pallidified Thing-Shield",
            "desc": "Core"
        },
        {
            "id": 90093,
            "name": "Pallidified Thing-Club",
            "desc": "Core"
        },
        {
            "id": 90094,
            "name": "Pallidified Thing-Pirate",
            "desc": "Core"
        },
        {
            "id": 90095,
            "name": "Pallidified Thing-Hook",
            "desc": "Core"
        },
        {
            "id": 90096,
            "name": "Sturdy Little Brother of the Middle",
            "desc": "Core"
        },
        {
            "id": 90097,
            "name": "Stern Little Brother of the Middle",
            "desc": "Core"
        },
        {
            "id": 8097,
            "name": "Sturdy Little Brother of the Middle",
            "desc": "Core"
        },
        {
            "id": 809701,
            "name": "Body",
            "desc": "Part"
        },
        {
            "id": 8098,
            "name": "Stern Little Brother of the Middle",
            "desc": "Core"
        },
        {
            "id": 809801,
            "name": "Body",
            "desc": "Part"
        },
        {
            "id": 8099,
            "name": "Ricardo",
            "desc": "Core"
        },
        {
            "id": 809901,
            "name": "Body",
            "desc": "Part"
        },
        {
            "id": 90100,
            "name": "Pallid and Blue Mermaid",
            "desc": "Core"
        },
        {
            "id": 97501,
            "name": "Pallidified Thing-Club",
            "desc": "Core"
        },
        {
            "id": 97502,
            "name": "Pallidified Thing-Shield",
            "desc": "Core"
        },
        {
            "id": 97503,
            "name": "Pallidified Thing-Hook",
            "desc": "Core"
        },
        {
            "id": 97504,
            "name": "Pallidified Thing-Pirate",
            "desc": "Core"
        },
        {
            "id": 97505,
            "name": "Pallid White Mermaid",
            "desc": "Core"
        },
        {
            "id": 97506,
            "name": "Pallid Blue Mermaid",
            "desc": "Core"
        },
        {
            "id": 97507,
            "name": "Pallid Entwined Mermaid",
            "desc": "Core"
        }
    ]
}