{
  "dataList": [
    {
      "id": 90114,
      "name": "Urgent T Corp. Gangster",
      "desc": ""
    },
    {
      "id": 90115,
      "name": "Scared T Corp. Gangster",
      "desc": ""
    },
    {
      "id": 90116,
      "name": "Hefty Dead Rabbits Henchman",
      "desc": ""
    },
    {
      "id": 90117,
      "name": "Slow Dead Rabbits Henchman",
      "desc": ""
    },
    {
      "id": 90118,
      "name": "Fierce Dead Rabbits Henchman",
      "desc": ""
    },
    {
      "id": 90119,
      "name": "Sharp Dead Rabbits Henchman",
      "desc": ""
    },
    {
      "id": 90120,
      "name": "Swift Edgar Family Butler",
      "desc": ""
    },
    {
      "id": 90121,
      "name": "Fast Edgar Family Butler",
      "desc": ""
    },
    {
      "id": 90122,
      "name": "Veteran Edgar Family Butler",
      "desc": ""
    },
    {
      "id": 90123,
      "name": "Shifty Edgar Family Butler",
      "desc": ""
    },
    {
      "id": 90124,
      "name": "Trained Edgar Family Butler",
      "desc": ""
    },
    {
      "id": 90125,
      "name": "Veteran Edgar Family Butler",
      "desc": ""
    },
    {
      "id": 90126,
      "name": "Hostile Wuthering Heights Butler",
      "desc": ""
    },
    {
      "id": 90127,
      "name": "Trained Wuthering Heights Butler",
      "desc": ""
    },
    {
      "id": 91014,
      "name": "Josephine",
      "desc": ""
    }
  ]
}