{
  "dataList": [
    {
      "id": 999999,
      "name": "Body",
      "desc": "Part"
    },
    {
      "id": 8577,
      "name": "Refracted Ardor Blossom Moth",
      "desc": "Core"
    },
    {
      "id": 857701,
      "name": "Body",
      "desc": "Part"
    },
    {
      "id": 857702,
      "name": "Wings",
      "desc": "Part"
    },
    {
      "id": 8578,
      "name": "Refracted Drenched Gossypium",
      "desc": "Core"
    },
    {
      "id": 857801,
      "name": "Body",
      "desc": "Part"
    },
    {
      "id": 8585,
      "name": "Refracted Spiral of Contempt",
      "desc": "Core"
    },
    {
      "id": 858501,
      "name": "Body",
      "desc": "Part"
    },
    {
      "id": 858502,
      "name": "Hands",
      "desc": "Part"
    },
    {
      "id": 8571,
      "name": "Refracted Skin Prophet",
      "desc": "Core"
    },
    {
      "id": 8572,
      "name": "Refracted Candle",
      "desc": "Core"
    },
    {
      "id": 8573,
      "name": "Refracted Ambling Pearl",
      "desc": "Core"
    },
    {
      "id": 8574,
      "name": "Refracted Green Slime",
      "desc": "Core"
    },
    {
      "id": 8575,
      "name": "Refracted Dream-Devouring Siltcurrent",
      "desc": "Core"
    },
    {
      "id": 8576,
      "name": "Refracted Flotsam",
      "desc": "Core"
    },
    {
      "id": 8579,
      "name": "Refracted Ahab",
      "desc": "Core"
    },
    {
      "id": 8580,
      "name": "Refracted Queequeg",
      "desc": "Core"
    },
    {
      "id": 8581,
      "name": "Refracted Starbuck",
      "desc": "Core"
    },
    {
      "id": 8582,
      "name": "Refracted Effloresced E.G.O::GasHarpoon",
      "desc": "Core"
    },
    {
      "id": 85822,
      "name": "Refracted Effloresced E.G.O::GasHarpoon",
      "desc": "Core"
    },
    {
      "id": 85823,
      "name": "Refracted Effloresced E.G.O::GasHarpoon",
      "desc": "Core"
    },
    {
      "id": 8583,
      "name": "Refracted Blinded Pequod Town Villager",
      "desc": "Core"
    },
    {
      "id": 8584,
      "name": "Refracted Gagged Pequod Town Villager",
      "desc": "Core"
    },
    {
      "id": 8586,
      "name": "Refracted Whale of the Porous Hand Mermaid",
      "desc": "Core"
    },
    {
      "id": 8587,
      "name": "Refracted Whale of the Porous Hand Soldier Mermaid",
      "desc": "Core"
    },
    {
      "id": 8588,
      "name": "Refracted Blinded Pequod Town Villager",
      "desc": "Core"
    },
    {
      "id": 8589,
      "name": "Refracted Gagged Pequod Town Villager",
      "desc": "Core"
    },
    {
      "id": 8590,
      "name": "Refracted Moustachioed Twinhooks Pirate",
      "desc": "Core"
    },
    {
      "id": 8591,
      "name": "Refracted Bandana-wearing Twinhooks Pirate",
      "desc": "Core"
    },
    {
      "id": 8592,
      "name": "Refracted Agile Twinhooks Pirate",
      "desc": "Core"
    },
    {
      "id": 8593,
      "name": "Refracted Tough Twinhooks Pirate",
      "desc": "Core"
    },
    {
      "id": 8594,
      "name": "Refracted Twinhook Pirates First Mate Smee",
      "desc": "Core"
    },
    {
      "id": 8595,
      "name": "Refracted Pallidified Thing-Shield",
      "desc": "Core"
    },
    {
      "id": 8596,
      "name": "Refracted Pallidified Thing-Club",
      "desc": "Core"
    },
    {
      "id": 8597,
      "name": "Refracted Pallidified Thing-Pirate",
      "desc": "Core"
    },
    {
      "id": 8598,
      "name": "Refracted Pallidified Thing-Hook",
      "desc": "Core"
    },
    {
      "id": 8599,
      "name": "Refracted Pallid White Mermaid",
      "desc": "Core"
    },
    {
      "id": 8600,
      "name": "Refracted Pallid Blue Mermaid",
      "desc": "Core"
    },
    {
      "id": 8601,
      "name": "Refracted Pallid Entwined Mermaid",
      "desc": "Core"
    },
    {
      "id": 8602,
      "name": "Refracted Pallid and Blue Mermaid",
      "desc": "Core"
    },
    {
      "id": 8603,
      "name": "Refracted Whale of the Thousand Strands Mermaid",
      "desc": "Core"
    },
    {
      "id": 8604,
      "name": "Refracted Grasp",
      "desc": "Core"
    },
    {
      "id": 860401,
      "name": "Grasp",
      "desc": "Part"
    }
  ]
}