{
  "dataList": [
    {
      "id": 90077,
      "name": "Sharp Trash Crab",
      "desc": "Enemy Unit"
    },
    {
      "id": 90078,
      "name": "Pointy Trash Crab",
      "desc": "Enemy Unit"
    },
    {
      "id": 90079,
      "name": "Hard Trash Crab",
      "desc": "Enemy Unit"
    },
    {
      "id": 90080,
      "name": "Cannoneer Crab",
      "desc": "Enemy Unit"
    },
    {
      "id": 90081,
      "name": "Bayonet Artillery Crab",
      "desc": "Enemy Unit"
    },
    {
      "id": 8063,
      "name": "King Trash Crab",
      "desc": "Core"
    },
    {
      "id": 806301,
      "name": "Head",
      "desc": "Part"
    },
    {
      "id": 806302,
      "name": "Shell",
      "desc": "Part"
    },
    {
      "id": 8070,
      "name": "Sharp Trash Crab",
      "desc": "Core"
    },
    {
      "id": 807001,
      "name": "Body",
      "desc": "Part"
    },
    {
      "id": 8071,
      "name": "Pointy Trash Crab",
      "desc": "Core"
    },
    {
      "id": 807101,
      "name": "Body",
      "desc": "Part"
    },
    {
      "id": 8072,
      "name": "Hard Trash Crab",
      "desc": "Core"
    },
    {
      "id": 807201,
      "name": "Body",
      "desc": "Part"
    },
    {
      "id": 8073,
      "name": "Cannoneer Crab",
      "desc": "Core"
    },
    {
      "id": 807301,
      "name": "Body",
      "desc": "Part"
    },
    {
      "id": 8074,
      "name": "Bayonet Artillery Crab",
      "desc": "Core"
    },
    {
      "id": 807401,
      "name": "Body",
      "desc": "Part"
    }
  ]
}