{
  "dataList": [
    {
      "id": 8175,
      "name": "Wrath-drenched Rose",
      "desc": "Core"
    },
    {
      "id": 8176,
      "name": "Lust-drenched Rose",
      "desc": "Core"
    },
    {
      "id": 8177,
      "name": "Sloth-drenched Rose",
      "desc": "Core"
    },
    {
      "id": 8178,
      "name": "Gluttony-drenched Rose",
      "desc": "Core"
    },
    {
      "id": 8179,
      "name": "Gloom-drenched Rose",
      "desc": "Core"
    },
    {
      "id": 8180,
      "name": "Pride-drenched Rose",
      "desc": "Core"
    },
    {
      "id": 8181,
      "name": "Envy-drenched Rose",
      "desc": "Core"
    },
    {
      "id": 8182,
      "name": "Effloresced E.G.O::Farmwatch",
      "desc": "Core"
    },
    {
      "id": 8183,
      "name": "Tree of Desires",
      "desc": "Core"
    },
    {
      "id": 8184,
      "name": "Absorbing Tree",
      "desc": "Core"
    },
    {
      "id": 8197,
      "name": "Ardor Blossom Moth",
      "desc": "Core"
    },
    {
      "id": 8198,
      "name": "Drenched Gossypium",
      "desc": "Core"
    },
    {
      "id": 8199,
      "name": "Spiral of Contempt",
      "desc": "Core"
    },
    {
      "id": 8200,
      "name": "Grasp",
      "desc": "Core"
    },
    {
      "id": 8201,
      "name": "Sign of Roses",
      "desc": "Core"
    },
    {
      "id": 8118,
      "name": "Steam Transport Machine",
      "desc": "Core"
    },
    {
      "id": 8119,
      "name": "Wayward Passenger",
      "desc": "Core"
    },
    {
      "id": 8120,
      "name": "Hemorrhaging Dimension",
      "desc": "Core"
    },
    {
      "id": 8121,
      "name": "Poisonous Dimension",
      "desc": "Core"
    },
    {
      "id": 8122,
      "name": "Tremoring Dimension",
      "desc": "Core"
    },
    {
      "id": 8123,
      "name": "Electrifying Dimension",
      "desc": "Core"
    }
  ]
}