{
  "dataList": [
    {
      "id": 8501,
      "name": "Recollected Awry Soldier",
      "desc": "Core"
    },
    {
      "id": 850101,
      "name": "Body",
      "desc": "Part"
    },
    {
      "id": 8502,
      "name": "Recollected Wallowing Soldier",
      "desc": "Core"
    },
    {
      "id": 850201,
      "name": "Body",
      "desc": "Part"
    },
    {
      "id": 8503,
      "name": "Recollected Overtaken Soldier",
      "desc": "Core"
    },
    {
      "id": 850301,
      "name": "Body",
      "desc": "Part"
    },
    {
      "id": 8504,
      "name": "Recollected Festered G Corp. H. Manager",
      "desc": "Core"
    },
    {
      "id": 850401,
      "name": "Body",
      "desc": "Part"
    },
    {
      "id": 8505,
      "name": "Mariachi Alegre",
      "desc": "Core"
    },
    {
      "id": 850501,
      "name": "Body",
      "desc": "Part"
    },
    {
      "id": 8506,
      "name": "Mariachi Vivaz",
      "desc": "Core"
    },
    {
      "id": 850601,
      "name": "Body",
      "desc": "Part"
    },
    {
      "id": 8507,
      "name": "Threatening Tieqiu Crewman",
      "desc": "Core"
    },
    {
      "id": 850701,
      "name": "Body",
      "desc": "Part"
    },
    {
      "id": 8508,
      "name": "Flexing Tieqiu Crewman",
      "desc": "Core"
    },
    {
      "id": 850801,
      "name": "Body",
      "desc": "Part"
    },
    {
      "id": 8509,
      "name": "Aida",
      "desc": "Core"
    },
    {
      "id": 850901,
      "name": "Body",
      "desc": "Part"
    },
    {
      "id": 8510,
      "name": "Blubbering Toad",
      "desc": "Core"
    },
    {
      "id": 851001,
      "name": "Body",
      "desc": "Part"
    },
    {
      "id": 851002,
      "name": "Left Eye",
      "desc": "Part"
    },
    {
      "id": 851003,
      "name": "Right Eye",
      "desc": "Part"
    },
    {
      "id": 8511,
      "name": "Servile N Corp. Inquisitor",
      "desc": "Enemy Unit"
    },
    {
      "id": 851101,
      "name": "Body",
      "desc": "Part"
    },
    {
      "id": 8512,
      "name": "Compliant N Corp. Inquisitor",
      "desc": "Enemy Unit"
    },
    {
      "id": 851201,
      "name": "Body",
      "desc": "Part"
    },
    {
      "id": 8513,
      "name": "Scourging N Corp. Inquisitor",
      "desc": "Enemy Unit"
    },
    {
      "id": 851301,
      "name": "Body",
      "desc": "Part"
    },
    {
      "id": 8514,
      "name": "Interrogative N Corp. Inquisitor",
      "desc": "Enemy Unit"
    },
    {
      "id": 851401,
      "name": "Body",
      "desc": "Part"
    },
    {
      "id": 8515,
      "name": "Obsessive N Corp. Inquisitor",
      "desc": "Enemy Unit"
    },
    {
      "id": 851501,
      "name": "Body",
      "desc": "Part"
    },
    {
      "id": 8516,
      "name": "Joyous N Corp. Inquisitor",
      "desc": "Enemy Unit"
    },
    {
      "id": 851601,
      "name": "Body",
      "desc": "Part"
    },
    {
      "id": 8517,
      "name": "Guido the Persistent",
      "desc": "Enemy Unit"
    },
    {
      "id": 851701,
      "name": "Body",
      "desc": "Part"
    },
    {
      "id": 8518,
      "name": "Refracted Alleyway Watchdog",
      "desc": "Core"
    },
    {
      "id": 851801,
      "name": "Body",
      "desc": "Part"
    },
    {
      "id": 851802,
      "name": "Telepole",
      "desc": "Part"
    },
    {
      "id": 851803,
      "name": "Person",
      "desc": "Part"
    },
    {
      "id": 851804,
      "name": "Head",
      "desc": "Part"
    },
    {
      "id": 8519,
      "name": "Kqe-1j-23",
      "desc": "Core"
    },
    {
      "id": 851901,
      "name": "Body",
      "desc": "Part"
    },
    {
      "id": 8520,
      "name": "Heart of the Townsfolk",
      "desc": "Core"
    },
    {
      "id": 852001,
      "name": "Heart",
      "desc": "Part"
    },
    {
      "id": 8521,
      "name": "K Corp. Class 3 Staff",
      "desc": "Core"
    },
    {
      "id": 852101,
      "name": "Body",
      "desc": "Part"
    },
    {
      "id": 8522,
      "name": "Everything There of an Inquisitor",
      "desc": "Core"
    },
    {
      "id": 852201,
      "name": "Body",
      "desc": "Part"
    },
    {
      "id": 8523,
      "name": "K Corp. Class 3 Empowered Staff",
      "desc": "Core"
    },
    {
      "id": 852301,
      "name": "Body",
      "desc": "Part"
    },
    {
      "id": 8524,
      "name": "Headless Ichthys",
      "desc": "Core"
    },
    {
      "id": 852401,
      "name": "Body",
      "desc": "Part"
    },
    {
      "id": 852402,
      "name": "Right Leg",
      "desc": "Part"
    },
    {
      "id": 852403,
      "name": "Left Leg",
      "desc": "Part"
    },
    {
      "id": 852404,
      "name": "Tail",
      "desc": "Part"
    },
    {
      "id": 8525,
      "name": "Slithering Inquisitor",
      "desc": "Core"
    },
    {
      "id": 852501,
      "name": "Body",
      "desc": "Part"
    },
    {
      "id": 852502,
      "name": "Left Arm",
      "desc": "Part"
    },
    {
      "id": 852503,
      "name": "Right Arm",
      "desc": "Part"
    },
    {
      "id": 8526,
      "name": "Kromer the Dreamer of Human Wholeness",
      "desc": "Core"
    },
    {
      "id": 852601,
      "name": "Right Arm",
      "desc": "Part"
    },
    {
      "id": 852602,
      "name": "Left Arm",
      "desc": "Part"
    },
    {
      "id": 852603,
      "name": "Maw",
      "desc": "Part"
    },
    {
      "id": 8527,
      "name": "My Form Empties",
      "desc": "Core"
    },
    {
      "id": 852701,
      "name": "Buddha Mūrti",
      "desc": "Part"
    },
    {
      "id": 852702,
      "name": "Stone Seat",
      "desc": "Part"
    },
    {
      "id": 8528,
      "name": "Lured Guido",
      "desc": "Enemy Unit"
    },
    {
      "id": 852801,
      "name": "Body",
      "desc": "Part"
    },
    {
      "id": 8529,
      "name": "Lured Aida",
      "desc": "Enemy Unit"
    },
    {
      "id": 852901,
      "name": "Body",
      "desc": "Part"
    },
    {
      "id": 8530,
      "name": "Lured Festered G Corp. H. Manager",
      "desc": "Enemy Unit"
    },
    {
      "id": 853001,
      "name": "Body",
      "desc": "Part"
    },
    {
      "id": 8531,
      "name": "Calm K Corp. Checkpoint Security",
      "desc": "Enemy Unit"
    },
    {
      "id": 853101,
      "name": "Body",
      "desc": "Part"
    },
    {
      "id": 8532,
      "name": "Reliable K Corp. Checkpoint Security",
      "desc": "Enemy Unit"
    },
    {
      "id": 853201,
      "name": "Body",
      "desc": "Part"
    },
    {
      "id": 8533,
      "name": "Kromer",
      "desc": "Enemy Unit"
    },
    {
      "id": 853301,
      "name": "Body",
      "desc": "Part"
    },
    {
      "id": 8534,
      "name": "K Corp. Class 3 Staff",
      "desc": "Core"
    },
    {
      "id": 853401,
      "name": "Body",
      "desc": "Part"
    },
    {
      "id": 8535,
      "name": "Proceeding Inquisitor",
      "desc": "Core"
    },
    {
      "id": 853501,
      "name": "Body",
      "desc": "Part"
    },
    {
      "id": 8536,
      "name": "Four-legged Beast",
      "desc": "Core"
    },
    {
      "id": 853601,
      "name": "Body",
      "desc": "Part"
    },
    {
      "id": 8537,
      "name": "Refracted Headless Ichthys",
      "desc": "Core"
    },
    {
      "id": 853701,
      "name": "Body",
      "desc": "Part"
    },
    {
      "id": 853702,
      "name": "Right Leg",
      "desc": "Part"
    },
    {
      "id": 853703,
      "name": "Left Leg",
      "desc": "Part"
    },
    {
      "id": 853704,
      "name": "Tail",
      "desc": "Part"
    },
    {
      "id": 8538,
      "name": "Alleyway Watchdog",
      "desc": "Core"
    },
    {
      "id": 853801,
      "name": "Body",
      "desc": "Part"
    },
    {
      "id": 853802,
      "name": "Telepole",
      "desc": "Part"
    },
    {
      "id": 853803,
      "name": "Person",
      "desc": "Part"
    },
    {
      "id": 853804,
      "name": "Head",
      "desc": "Part"
    }
  ]
}