{
  "dataList": [
    {
      "id": 90128,
      "name": "Stubborn Öufi Fixer",
      "desc": ""
    },
    {
      "id": 90129,
      "name": "Precise Öufi Fixer",
      "desc": ""
    },
    {
      "id": 90130,
      "name": "Öufi Assoc. Director",
      "desc": ""
    },
    {
      "id": 90131,
      "name": "Enamored Researcher of the Ring?",
      "desc": ""
    },
    {
      "id": 90132,
      "name": "Mad Researcher of the Ring?",
      "desc": ""
    },
    {
      "id": 90133,
      "name": "Pointillist Researcher of the Ring?",
      "desc": ""
    },
    {
      "id": 91015,
      "name": "Hindley",
      "desc": ""
    },
    {
      "id": 8204,
      "name": "Dead Rabbits Boss",
      "desc": ""
    },
    {
      "id": 8159,
      "name": "Peccatulum Pigritiae?",
      "desc": ""
    },
    {
      "id": 8160,
      "name": "Peccatulum Gulae?",
      "desc": ""
    },
    {
      "id": 8162,
      "name": "Bizarre Dead Rabbits Henchman",
      "desc": ""
    },
    {
      "id": 8163,
      "name": "Veiled Dead Rabbits Henchman",
      "desc": ""
    },
    {
      "id": 8164,
      "name": "Heathcliff?",
      "desc": ""
    },
    {
      "id": 8165,
      "name": "Hindley, The Reaved Lamenter",
      "desc": ""
    },
    {
      "id": 90134,
      "name": "Bizarre Dead Rabbits Henchman",
      "desc": ""
    },
    {
      "id": 90135,
      "name": "Veiled Dead Rabbits Henchman",
      "desc": ""
    }
  ]
}