{
  "dataList": [
    {
      "id": 8166,
      "name": "Heathcliff, The Heartbroken",
      "desc": ""
    },
    {
      "id": 816602,
      "name": "The Chain",
      "desc": ""
    },
    {
      "id": 8167,
      "name": "Josephine of the Wild Hunt",
      "desc": ""
    },
    {
      "id": 8168,
      "name": "Hindley of the Wild Hunt",
      "desc": ""
    },
    {
      "id": 8169,
      "name": "Linton of the Wild Hunt",
      "desc": ""
    },
    {
      "id": 8170,
      "name": "The Reaved Lamenter of the Wild Hunt",
      "desc": ""
    },
    {
      "id": 8171,
      "name": "Nelly",
      "desc": ""
    },
    {
      "id": 8172,
      "name": "Erlking Heathcliff",
      "desc": ""
    },
    {
      "id": 8173,
      "name": "Erlking Heathcliff",
      "desc": ""
    },
    {
      "id": 8174,
      "name": "Every Catherine",
      "desc": ""
    },
    {
      "id": 8192,
      "name": "Left Hand of Every Catherine",
      "desc": ""
    },
    {
      "id": 8193,
      "name": "Right Hand of Every Catherine",
      "desc": ""
    },
    {
      "id": 8161,
      "name": "Peccatulum Irae??",
      "desc": ""
    },
    {
      "id": 9999,
      "name": "Vergilius",
      "desc": ""
    },
    {
      "id": 819201,
      "name": "Left Hand",
      "desc": ""
    },
    {
      "id": 819301,
      "name": "Right Hand",
      "desc": ""
    }
  ]
}