{
  "dataList": [
    {
      "id": 8630,
      "name": "Refracted Der Fluchschütze",
      "desc": "Core"
    },
    {
      "id": 8631,
      "name": "Refracted Old G Corp. Head Manager",
      "desc": "Core"
    },
    {
      "id": 8632,
      "name": "Refracted Sleeping Bag of a Bygone Day",
      "desc": "Core"
    },
    {
      "id": 863201,
      "name": "Head",
      "desc": "Part"
    },
    {
      "id": 863202,
      "name": "Body",
      "desc": "Part"
    },
    {
      "id": 863203,
      "name": "Person",
      "desc": "Part"
    },
    {
      "id": 8634,
      "name": "The Refracted Barber",
      "desc": "Core"
    },
    {
      "id": 8635,
      "name": "Refracted Hurting Teddy Bear",
      "desc": "Core"
    },
    {
      "id": 8636,
      "name": "Refracted Rose Hunter",
      "desc": "Core"
    },
    {
      "id": 8637,
      "name": "Refracted Barbed Lasso",
      "desc": "Core"
    },
    {
      "id": 8638,
      "name": "Refracted Dulcinea",
      "desc": "Core"
    },
    {
      "id": 8639,
      "name": "Refracted Bloodbag of the Painful Parade",
      "desc": "Core"
    },
    {
      "id": 8640,
      "name": "Refracted Bloodbag of the Rear Parade",
      "desc": "Core"
    },
    {
      "id": 8641,
      "name": "Refracted Bloodfiend of the Happy Parade",
      "desc": "Core"
    },
    {
      "id": 8642,
      "name": "Refracted Bloodfiend of the Joyful Parade",
      "desc": "Core"
    },
    {
      "id": 8643,
      "name": "The Refracted Priest",
      "desc": "Core"
    },
    {
      "id": 8644,
      "name": "The Refracted Barber",
      "desc": "Core"
    },
    {
      "id": 8645,
      "name": "Refracted Dulcinea",
      "desc": "Core"
    },
    {
      "id": 8646,
      "name": "Refracted Combative Fanghunt Office Fixer",
      "desc": "Core"
    },
    {
      "id": 8647,
      "name": "Refracted Prideful Fanghunt Office Fixer",
      "desc": "Core"
    },
    {
      "id": 8648,
      "name": "Refracted Peccatulum Pigritiae??",
      "desc": "Core"
    },
    {
      "id": 8649,
      "name": "Refracted Peccatulum Morositatis??",
      "desc": "Core"
    },
    {
      "id": 8650,
      "name": "Refracted Distorted Hohenheim",
      "desc": "Core"
    },
    {
      "id": 8651,
      "name": "Refracted Despairing Bloodbag",
      "desc": "Core"
    },
    {
      "id": 8652,
      "name": "Refracted Disgraced Bloodbag",
      "desc": "Core"
    },
    {
      "id": 8633,
      "name": "Refracted Four-hundred Roses",
      "desc": "Core"
    },
    {
      "id": 863301,
      "name": "Body",
      "desc": "Part"
    },
    {
      "id": 863302,
      "name": "Head",
      "desc": "Part"
    },
    {
      "id": 8684,
      "name": "Refracted Downcast Veteran",
      "desc": "Core"
    },
    {
      "id": 8683,
      "name": "Refracted Peccatulum Irae??",
      "desc": "Core"
    }
  ]
}