{
  "dataList": [
    {
      "id": "umida_stagebutton_not_clear_cp4",
      "content": "Clear 4-54 to Unlock"
    },
    {
      "id": "umida_stagebutton_normal",
      "content": "Gather Scrap"
    },
    {
      "id": "umida_stagebutton_end_event",
      "content": "Event Closed"
    },
    {
      "id": "umida_storybutton_before_start",
      "content": "Clear 4.5-1 to Unlock"
    },
    {
      "id": "umida_storybutton_normal",
      "content": "Recollect"
    },
    {
      "id": "umida_exchange_scrap",
      "content": "Scrap Box"
    },
    {
      "id": "umida_scrap_guide_title",
      "content": "Extraordinary Scrap"
    },
    {
      "id": "umida_scrap_guide_desc",
      "content": "Rarely, you may obtain <color=#f8c200>[Rare Horseshoe with Bus-modifying Scrap]</color> from clearing Event Stages, Main Story Stages, or Dungeons.\n\n<color=#f8c200>[Rare Horseshoe with Bus-modifying Scrap]</color> is converted to 20 <color=#f8c200>[Bus-modifying Scrap]</color>."
    },
    {
      "id": "umida_rewardpage_desc",
      "content": "Clear Event Stages, Main Story Stages, or Dungeons to earn <color=#f8c200>[Bus-modifying Scrap]</color>.\n\nYou can redeem various rewards from the <color=#f8c200>[Scrap Box]</color> based on the number of <color=#f8c200>[Bus-modifying Scrap]</color> you have."
    },
    {
      "id": "umida_scrap_counter_label",
      "content": "Scrap Collected"
    }
  ]
}