{
  "dataList": [
    {
      "id": "FileDownload_Desc_01",
      "title": "La Città ed I Nidi",
      "desc": "Capiamo la posizione unica in cui si trova, Manager. Ci permetta di esporle alcuni fatti fondamentali del nostro mondo.\nNel caso i suoi dintorni le siano diventati sconosciuti, viviamo in una Città enorme, divisa in 26 Distretti. Ogni Distretto ha un’area centrale chiamata ‘Nido’, i cui abitanti sono sotto la protezione di un’entità corporativa soprintendente al Distretto, come un’uccello che cova le uova.\nPurtroppo, la protezione delle corporazioni non arriva oltre i bordi del Nido… Gli abitanti dei Vicoli devono cavarsela da soli."
    },
    {
      "id": "FileDownload_Desc_02",
      "title": "Le Ali",
      "desc": "Questo termine non si riferisce alla parte del corpo di un’uccello.\nEppure, non si può negare che il ruolo di un’Ala ricordi quello di un’uccello che protegge il proprio nido.\nLe ‘Ali’ è un termine che usiamo per i 26 conglomerati più grandi della Città. Queste Ali contribuiscono alla qualità di vita della Città con incredibili opere tecnologiche chiamate ‘Singolarità’. Sotto la giurisdizione di un’Ala i cittadini di ogni Nido godono di vite comode e sicure. Però, questo cambia nell’istante in cui un’Ala è staccata o perde le sue piume; storicamente, la caduta di un’Ala è stata accompagnata da eventi di scala notevole. \nCol tempo, una nuova Ala crescerà fino a riempire il posto vuoto. Ma nel contempo… nessuno può garantire la tua salvezza nel suo Nido caduto."
    },
    {
      "id": "FileDownload_Desc_03",
      "title": "Lobotomy Corporation",
      "desc": "Una vecchia Ala che si trovava nel Nido L.\nLobotomy Corporation, o L Corp. (LC) in breve, era una compagnia energetica che produceva un’enorme quantità di energia per la Città. La corporazione è caduta dall’incidente delle ’Notti Bianche e Giorni Neri’, e il posto di Ala del Nido L resta inoccupato ancora oggi.\nDato che la rete elettrica dell’Ex L Corp compriva l’intera Città, le sue succursali erano costruite in vari posti. Anche se queste succursali sono tutte finite in rovina con il crollo dell’Ala, dovreste ancora trovare beni preziosi. \nInsieme a… forse gli esseri più pericolosi che affronterete."
    },
    {
      "id": "FileDownload_Desc_04",
      "title": "I Rami Dorati",
      "desc": "Nelle profondità di questi stabilimenti si trovano i Rami Dorati, l’essenza della tecnologia per produzione di energia di Lobotomy Corporation… o ciò che ne rimane. Il suo aspetto è esattamente quello che dice il nome: un ramo d’albero che brilla di luce dorata.\nIl suo obiettivo come Manager è di ottenere i Rami Dorati.\nOvviamente, qualunque abitante della Città vorrebbe impossessarsi della promessa di possibilità infinite contenuta in questi oggetti; la missione di recupero non sarà semplice come comprare articoli in un negozio. \nVi preghiamo di raccogliere tutti I Rami Dorati prendendo decisioni prudenti."
    },
    {
      "id": "FileDownload_Desc_05",
      "title": "Anormalità",
      "desc": "Lobotomy Corporation usava produrre energia usando delle creature che chiamavano ‘Anormalità’. \nCome suggerisce il nome, queste entità anomale vanno dalle creature più incomprensibilmente bizzarre e terrificanti ad esseri esternamente insignificanti capaci di causare eventi potenzialmente catastrofici in seguito a procedure di “gestione” errate.\nDopo il crollo inaspettato e veloce dell’Ala, la maggior parte delle succursali furono soggette ad un protocollo di seppellimento, intrappolando quelle creature sotto terra insieme ai, probabilmente, ignari impiegati.\nOrmai, gli impiegati sono probabilmente morti—ma le Anormalità non soccombono facilmente. Potete aspettarvi che si aggirino ancora tra le rovine di questi stabilimenti sigillati."
    },
    {
      "id": "FileDownload_Desc_06",
      "title": "E.G.O",
      "desc": "Si dice che Lobotomy Corporation possedesse tecnologia che le permetteva di estrarre armi e armature dalle Anormalità. È ipotizzato siano create con una tecnologia che manifesta i loro lati interni in forma materiale, ma purtroppo, non siamo riusciti a recuperare un modo di replicarla.\nI dipartimenti interessati prevedono che i Peccatori potranno manifestare il proprio E.G.O dipendentemente da cosa faranno. Inoltre, si aspettano che dell’E.G.O delle Anormalità diventerà disponibile con l’attaccamento emotivo."
    },
    {
      "id": "FileDownload_Desc_07",
      "title": "Encefalina",
      "desc": "Fa riferimento alla forma di energia prodotta da Lobotomy Corporation.\nAnche se è comunemente una forma di elettricità, questo non è il suo unico uso.\nQuesta sostanza verde che normalmente esiste in forma liquida è risaputa provocare un notevole senso di rilassamento. La vecchia L Corp. somministrava dosi appropriate di Encefalina ai suoi impiegati che soffrivano di troppo stress per una miglior efficenza al lavoro.\nEppure, l’overdose o esposizione a forme non raffinate della sostanza…\nBeh, diciamo che non sembra finisse bene."
    },
    {
      "id": "FileDownload_Desc_08",
      "title": "Fixers",
      "desc": "I Fixer sono i tuttofare della Città, gestendo vari casi e incidenti per i clienti.\nNon basta dichiararsi un Fixer per diventarlo;per poter acquisire una licenza ufficialmente, si deve bussare alla porta di un’Ufficio autorizzato dalle Associazioni o visitare una delle associazioni di persona.\nInoltre, la licensa è solo l’inizio. Per salire di rango e ottenere un Grado più alto, devono dimostrarsi abili con lavoro monitorabile. (Ovviamente, non tutti sono interessati ad avanzare di carriera)\nAnche se i Fixer esistono per risolvere i problemi della Città, è risaputo che possano essere loro stessi l’origine dei problemi."
    },
    {
      "id": "FileDownload_Desc_09",
      "title": "Le Associazioni e gli Uffici",
      "desc": "Le Associazioni sono grandi organizzazioni che monitorano e gestiscono i Fixer, e l’Associazione Hana è al centro di tutti gli affari riguardanti i Fixer. I casi che si verificano nella Città sono passati alle Associazioni in base alle loro specialità, e poi loro le distribuiscono ai Fixer che considerano più adatti al lavoro.\nUn’Ufficio è simile ad un’Associazione nell’essere un gruppo organizzato di Fixer, ma di solito ha una scala molto più piccola. Alcuni Uffici sono direttamente affiliati con un’Associazione che gli assegna compiti, mentre altri cercano i clienti e richieste da soli. Come dicono alcuni: “Ci sono tanti Uffici quanti Fixer.” Esistono molti Uffici nella Città, con tante nuove relute e altrettante perse continuamente."
    }
  ]
}