{
  "dataList": [
    {
      "id": "filter_title_ego_type",
      "content": "Rarità"
    },
    {
      "id": "filter_title_ego_level",
      "content": "Livello"
    },
    {
      "id": "number_of_targets",
      "content": "Bersagli"
    },
    {
      "id": "SINGLE_TARGET",
      "content": "Singolo"
    },
    {
      "id": "MULTIPLE_TARGET",
      "content": "Area"
    },
    {
      "id": "filter_title_attribute",
      "content": "Affinità"
    },
    {
      "id": "filter_awaken_state",
      "content": "Grado Legame"
    },
    {
      "id": "filter_normal",
      "content": "Grado 1/2"
    },
    {
      "id": "filter_awaken",
      "content": "Grado 3"
    },
    {
      "id": "filter_skill_keyword",
      "content": "Parola Chiave"
    },
    {
      "id": "sorting_acqisition",
      "content": "Recente"
    },
    {
      "id": "filter_title_ego_gacksung",
      "content": "Grado Intreccio"
    }
  ]
}