{
  "dataList": [
    {
      "id": "fools_2025_entrance_popup_title",
      "content": "Sogno di una Notte di Mezza Primavera 2"
    },
    {
      "id": "fools_2025_entrance_popup_desc",
      "content": "Vuoi entrare nella storia di Sogno di una Notte di Mezza Primavera 2?"
    },
    {
      "id": "fools_2025_entrance_popup_desc_not_cleared_target_chapter",
      "content": "Vuoi entrare nella storia di Sogno di una Notte di Mezza Primavera 2?\n\n<size=35>※ Periodo Evento: 2025.04.01 00:00 ~ 04.07 00:00 (KST)\n\n\n<color=#b01c37>※ ATTENZIONE: La storia a seguire contiene spoiler per Intervallo V-2 Spazzare Notturno.</color></size>"
    }
  ]
}