{
  "dataList": [
    {
      "id": "change_formation_name_title",
      "content": "Cambia Nome Squadra"
    },
    {
      "id": "formation_name_filter_contents_title",
      "content": "Contenuto"
    },
    {
      "id": "formation_name_filter_contents_story",
      "content": "Storia"
    },
    {
      "id": "formation_name_filter_contents_mirrordungeon",
      "content": "Dungeon Specc."
    },
    {
      "id": "formation_name_filter_contents_railwaydungeon",
      "content": "Metro"
    },
    {
      "id": "formation_name_filter_contents_exp_mining",
      "content": "ESP Scav."
    },
    {
      "id": "formation_name_filter_contents_thread_mining",
      "content": "Filo Scav."
    },
    {
      "id": "formation_name_filter_contents_practice",
      "content": "Testare"
    },
    {
      "id": "formation_name_total_tag_count_limitation",
      "content": "※ Si possono scegliere fino a 10 etichette."
    }
  ]
}