{
  "dataList": [
    {
      "id": "hells_chicken_bonus_description",
      "content": "During the event, having the listed Identities and E.G.O on your team <color=#f8c200>increases the amount of [Bongy Plushies] earned</color>."
    },
    {
      "id": "hells_chicken_bonus_popup_title",
      "content": "Event Bonus Units"
    },
    {
      "id": "hells_chicken_event_panel_stage",
      "content": "Hit up the Stages!"
    },
    {
      "id": "hells_chicken_event_panel_story_title",
      "content": "R.S."
    },
    {
      "id": "hells_chicken_event_panel_story_desc",
      "content": "(Rewatch Story)"
    },
    {
      "id": "hells_chicken_doll_name",
      "content": "Bongy Plush"
    },
    {
      "id": "hells_chicken_reward_exchange_counter",
      "content": "Coupon Trade-in"
    },
    {
      "id": "hells_chicken_additional_effect_desc",
      "content": "Event Identities and E.G.O on the team\nboost the amnt. of [Bongy Plushies] earned."
    },
    {
      "id": "hells_chicken_reward_event_main_phrase",
      "content": "Eunbong’s <color=#205925>Bar & Fryers</color> <color=#ebcaa2>Chickapalooza!</color>"
    },
    {
      "id": "hells_chicken_reward_event_phrase_0",
      "content": "※ Please rest assured that all meat used at Eunbong’s is not derived from K Corp’s Singularity."
    },
    {
      "id": "hells_chicken_reward_event_phrase_1",
      "content": "All this stuff up for grabs?! The owner’s gone cuckoo!!!"
    },
    {
      "id": "hells_chicken_reward_event_phrase_2",
      "content": "SPECIAL\nCHICKEN COUPON"
    },
    {
      "id": "hells_chicken_reward_event_description",
      "content": "Clear Hell’s Chicken Event Stages, Main Story Stages, or Dungeons to earn <color=#990000>[Bongy Plushies]</color>.\n\nYou can redeem various rewards from the <color=#990000>[Coupon Trade-in]</color> based on the number of <color=#990000>[Bongy Plushies]</color> you have."
    },
    {
      "id": "hells_chicken_main_event_banner_unlock_condition",
      "content": "Clear 3-22 to Unlock"
    },
    {
      "id": "check_rewards",
      "content": "Check Rewards"
    },
    {
      "id": "earned_doll_count",
      "content": "Bongy Plushies"
    },
    {
      "id": "hells_chicken_event_end_stage_text",
      "content": "I’m off\nfor R&R."
    },
    {
      "id": "hells_chicken_dungeon_select_recent",
      "content": "Preset"
    },
    {
      "id": "hells_chicken_dungeon_ask_recent_personality",
      "content": "Load the saved Identities and E.G.O from the preset?"
    },
    {
      "id": "hells_chicken_dungeon_no_recent_personality",
      "content": "No saved presets available."
    },
    {
      "id": "hells_chicken_dungeon_desc_recent_personality",
      "content": "※ The list of Identities and E.G.O you used is automatically saved in the preset, which can be loaded upon reentry."
    },
    {
      "id": "giving_up_hells_chicken_dungeon_title",
      "content": "Forfeit Event Dungeon"
    },
    {
      "id": "giving_up_hells_chicken_dungeon_content",
      "content": "You’re currently exploring {0}.\nForfeit your progress and enter a new dungeon?"
    },
    {
      "id": "hells_chicken_dungeon_error_desc",
      "content": "Data was lost due to a server error.\nIf you forfeit, the Enkephalin Modules spent for entry will be refunded."
    },
    {
      "id": "only_giving_up_hells_chicken_dungeon_content",
      "content": "{0} is in progress.\nAre you sure you want to forfeit?"
    },
    {
      "id": "hells_chicken_dungeon_stage_button_locked",
      "content": "Go clear Canto III first."
    }
  ]
}