{
  "dataList": [
    {
      "id": 106,
      "name": "Pacchetto Allenamento Mensile Ⅰ",
      "desc": "Un'offerta mensile che offre i seguenti articoli:\n\n· Follia x1690\n· Biglietto per Decaestrazione x2\n· Biglietto per Addestramento Identità IV x30"
    },
    {
      "id": 601,
      "name": "Pacchetto Follia per l'Inizio della Stagione 5",
      "desc": "Un'offerta Stagionale che offre i seguenti articoli:\n\n· Follia x1300\n\n※ Tutta la Follia di questo Pacchetto è Follia Pagata."
    },
    {
      "id": 602,
      "name": "Pacchetto Fornitura Stagione 5",
      "desc": "Disponibile per l'acquisto solo durante la Stagione 5. Il pacchetto contiene i seguenti articoli:\n\n· Follia x5040\n· Biglietto per Decaestrazione x3\n· Biglietto per Addestramento Identità IV x60\n· Filo x80\n· [Stagione 5] Cassa di ScheggieEgo A Scelta x40"
    }
  ]
}