{
  "dataList": [
    {
      "id": 1,
      "name": "Follia",
      "desc": "Contiene 140 Follia."
    },
    {
      "id": 2,
      "name": "Mazzo di Follia",
      "desc": "Contiene 588 Follia."
    },
    {
      "id": 3,
      "name": "Bouquet di Follia",
      "desc": "Contiene 2028 Follia."
    },
    {
      "id": 4,
      "name": "Cassa di Follia",
      "desc": "Contiene 4294 Follia."
    },
    {
      "id": 5,
      "name": "Tumulo di Follia",
      "desc": "Contiene 8206 Follia."
    },
    {
      "id": 6,
      "name": "Tesoretto di Follia",
      "desc": "Contiene 16672 Follia."
    },
    {
      "id": 11,
      "name": "Follia",
      "desc": "Contiene 70 Follia."
    },
    {
      "id": 12,
      "name": "Mazzo di Follia",
      "desc": "Contiene 294 Follia.\nRiceverai inoltre 31 Follia Gratuita come bonus."
    },
    {
      "id": 13,
      "name": "Bouquet di Follia",
      "desc": "Contiene 1014 Follia.\nRiceverai inoltre 156 Follia Gratuita come bonus."
    },
    {
      "id": 14,
      "name": "Cassa di Follia",
      "desc": "Contiene 2147 Follia.\nRiceverai inoltre 323 Follia Gratuita come bonus."
    },
    {
      "id": 15,
      "name": "Tumulo di Follia",
      "desc": "Contiene 4103 Follia.\nRiceverai inoltre 642 Follia Gratuita come bonus."
    },
    {
      "id": 16,
      "name": "Tesoretto di Follia",
      "desc": "Contiene 8336 Follia.\nRiceverai inoltre 1349 Follia Gratuita come bonus."
    },
    {
      "id": 21,
      "name": "Fornitura Mensile di Follia",
      "desc": "Ottieni 650 Follia subito dopo l'acquisto.\nRicevi 65 Follia Gratuita per ogni giorno che accederai al gioco, per 30 giorni."
    },
    {
      "id": 22,
      "name": "Lotto Mensile di Follia",
      "desc": "Ottieni 130 ollia subito dopo l'acquisto.\nRicevi 39 Follia Gratuita per ogni giorno che accederai al gioco, per 30 giorni"
    },
    {
      "id": 101,
      "name": "Pacchetto Estrazione Mensile",
      "desc": "Un'offerta mensile che offre i seguenti articoli:\n\n· Follia x650\n· Biglietto per Decaestrazione x1"
    },
    {
      "id": 102,
      "name": "Pacchetto Allenamento Mensile I",
      "desc": "Un'offerta mensile che offre i seguenti articoli:\n\n· Follia x1690\n· Biglietto per Decaestrazione x2\n· Biglietto di Aumento Livello II x1\n· Biglietto di Aumento Livello I x2\n· Biglietto per Addestramento Identità III x10\n· Biglietto per Addestramento Identità II x30"
    },
    {
      "id": 103,
      "name": "Pacchetto Allenamento Mensile II",
      "desc": "Un'offerta mensile che offre i seguenti articoli:\n\n· Follia x1690\n· Biglietto per Decaestrazione x2\n· Filo x120"
    },
    {
      "id": 104,
      "name": "Pacchetto ESP Mensile",
      "desc": "Un'offerta mensile che offre i seguenti articoli:\n\n· Biglietto di Aumento Livello IV x2\n· Biglietto per Addestramento Identità IV x20\n· Biglietto per Addestramento Identità III x20"
    },
    {
      "id": 105,
      "name": "Pacchetto Filo Mensile",
      "desc": "Un'offerta mensile che offre i seguenti articoli:\n\n· Filo x300"
    },
    {
      "id": 111,
      "name": "Pacchetto di Benvenuto per i Nuovi Manager",
      "desc": "Un'offerta una tantum per i nuovi manager. Il pacchetto contiene i seguenti articoli:\n\n· 3★ Biglietto per Decaestrazione Garantita x1\n· Biglietto per Decaestrazione x1"
    },
    {
      "id": 121,
      "name": "Pacchetto Fornitura Stagione 1",
      "desc": "Disponibile per l'acquisto solo durante il periodo di orientamento della Stagione 1. Il pacchetto contiene i seguenti articoli:\n\n· Follia x5040\n· Biglietto per Decaestrazione x3\n· Biglietto di Aumento Livello III x1\n· Biglietto per Addestramento Identità II x40\n· Filo x80\n· [Stagione 1] Cassa di ScheggieEgo A Scelta x40"
    },
    {
      "id": 122,
      "name": "Pacchetto Fornitura Stagione 2",
      "desc": "Disponibile per l'acquisto solo durante il periodo di orientamento della Stagione 2. Il pacchetto contiene i seguenti articoli:\n\n· Follia x5040\n· Biglietto per Decaestrazione x3\n· Biglietto di Aumento Livello III x1\n· Biglietto per Addestramento Identità III x30\n· Filo x80\n· [Stagione 2] Cassa di ScheggieEgo A Scelta x40"
    },
    {
      "id": 123,
      "name": "Pacchetto Fornitura Stagione 3",
      "desc": "Disponibile per l'acquisto solo durante il periodo di orientamento della Stagione 3. Il pacchetto contiene i seguenti articoli:\n\n· Follia x5040\n· Biglietto per Decaestrazione x3\n· Biglietto di Aumento Livello III x1\n· Biglietto per Addestramento Identità III x30\n· Filo x80\n· [Stagione 3] Cassa di ScheggieEgo A Scelta x40"
    },
    {
      "id": 131,
      "name": "Pacchetto Estrazione Settimanale",
      "desc": "Un'offerta settimanale che offre i seguenti articoli:\n\n· Follia x273\n· Biglietto per Estrazione x5"
    },
    {
      "id": 133,
      "name": "Pacchetto Filo Settimanale",
      "desc": "Un'offerta settimanale che offre i seguenti articoli:\n\n· Filo x75"
    },
    {
      "id": 134,
      "name": "Pacchetto Encefalina Settimanale",
      "desc": "Un'offerta settimanale che offre i seguenti articoli:\n\n· Cassa di Encefalina x20"
    },
    {
      "id": 135,
      "name": "Pacchetto ESP Settimanale",
      "desc": "Un'offerta settimanale che offre i seguenti articoli:\n\n· Biglietto di Aumento Livello III x1\n· Biglietto per Addestramento Identità IV x12\n· Biglietto per Addestramento Identità III x20"
    },
    {
      "id": 136,
      "name": "Pacchetto Filo Settimanale",
      "desc": "Un'offerta settimanale che offre i seguenti articoli::\n\n· Filo x100"
    },
    {
      "id": 141,
      "name": "Pacchetto Biglietto Estrazione Mensile I",
      "desc": "Un'offerta mensile che offre i seguenti articoli:\n\n· Biglietto per Decaestrazione x3"
    },
    {
      "id": 142,
      "name": "Pacchetto Biglietto Estrazione Mensile II",
      "desc": "Un'offerta mensile che offre i seguenti articoli:\n\n· Biglietto per Decaestrazione x5"
    },
    {
      "id": 143,
      "name": "Pacchetto Biglietto Estrazione Settimanale I",
      "desc": "Un'offerta settimanale che offre i seguenti articoli:\n\n· Biglietto per Estrazione x10"
    },
    {
      "id": 144,
      "name": "Pacchetto ESP Mensile I",
      "desc": "Un'offerta mensile che offre i seguenti articoli:\n\n· Biglietto di Aumento Livello IV x2\n· Biglietto per Addestramento Identità IV x20\n· Biglietto per Addestramento Identità III x20"
    },
    {
      "id": 145,
      "name": "Pacchetto ESP Mensile II",
      "desc": "Un'offerta mensile che offre i seguenti articoli:\n\n· Biglietto di Aumento Livello IV x4\n· Biglietto per Addestramento Identità IV x20\n· Biglietto per Addestramento Identità III x20"
    },
    {
      "id": 146,
      "name": "Pacchetto ESP Mensile III",
      "desc": "Un'offerta mensile che offre i seguenti articoli:\n\n· Biglietto di Aumento Livello IV x8\n· Biglietto per Addestramento Identità IV x40\n· Biglietto per Addestramento Identità III x40"
    },
    {
      "id": 147,
      "name": "Pacchetto Filo Mensile I",
      "desc": "Un'offerta mensile che offre i seguenti articoli:\n\n· Filo x300"
    },
    {
      "id": 148,
      "name": "Pacchetto Filo Mensile II",
      "desc": "Un'offerta mensile che offre i seguenti articoli:\n\n· Filo x500"
    },
    {
      "id": 149,
      "name": "Pacchetto Filo Mensile III",
      "desc": "Un'offerta mensile che offre i seguenti articoli:\n\n· Filo x1000"
    },
    {
      "id": 201,
      "name": "Pacchetto 1o Anniversario",
      "desc": "Un pacchetto per celebrare il 1o Anniversario. Contiene i seguenti articoli:\n\n· Accesso immediato ad Angela Annunciatrice\n· 3★ Biglietto per Decaestrazione Garantita x1\n· Biglietto di Lancio Identità x1\n\n※ Se hai già ottenuto Angela Annunciatrice, ottieni x50 Cassa di Filo.\n※ Il Biglietto di Lancio Identità porta il livello di un’Identità al 40, ed il Grado Legame al liv. 4."
    },
    {
      "id": 999,
      "name": "Limbus Pass",
      "desc": "Migliora il Battle Pass nel Limbus Pass.\n\n※ Valido solo per il Pass della Stagione in corso."
    },
    {
      "id": 124,
      "name": "Pacchetto Follia per l'Inizio della Stagione 4",
      "desc": "Un'offerta Stagionale che offre i seguenti articoli:\n\n· Follia x1300\n\n※ Tutta la Follia di questo Pacchetto è Follia Pagata."
    },
    {
      "id": 125,
      "name": "Pacchetto Fornitura Stagione 4",
      "desc": "Disponibile per l'acquisto solo durante la Stagione 4. Il pacchetto contiene i seguenti articoli:\n\n· Follia x5040\n· Biglietto per Decaestrazione x3\n· Biglietto di Aumento Livello III x1\n· Biglietto per Addestramento Identità III x30\n· Filo x80\n· [Stagione 4] Cassa di ScheggieEgo A Scelta x40"
    },
    {
      "id": 150,
      "name": "Pacchetto ESP Settimanale",
      "desc": "Un'offerta settimanale cheoffre i seguenti articoli:\n\n· Biglietto per Addestramento Identità IV x25\n· Biglietto per Addestramento Identità III x18"
    },
    {
      "id": 151,
      "name": "Pacchetto ESP Mensile I",
      "desc": "Un'offerta mensile che offre i seguenti articoli:\n\n· Biglietto per Addestramento Identità x72\n· Biglietto per Addestramento Identità III x48"
    },
    {
      "id": 152,
      "name": "Pacchetto ESP Mensile II",
      "desc": "Un'offerta mensile che offre i seguenti articoli:\n\n· Biglietto per Addestramento Identità IV x125\n· Biglietto per Addestramento Identità III x72"
    },
    {
      "id": 153,
      "name": "Pacchetto ESP Mensile III",
      "desc": "Un'offerta mensile che offre i seguenti articoli:\n\n· Biglietto per Addestramento Identità IV x250\n· Biglietto per Addestramento Identità III x144"
    },
    {
      "id": 202,
      "name": "Pacchetto Miglioria\nIdentità Commemorativo\nper la Luna Piena 2024",
      "desc": "Un pacchetto per festeggiare la Campagna Commemorativa Luna Piena 2024. Contiene i seguenti articoli:\n\n· Modulo Lancio - Legame ID x1\n· Biglietto per Addestramento Identità IV x80\n\n※ Usare il Modulo Lancio - Legame ID su un'Identità porta il suo Legame al Liv.4."
    },
    {
      "id": 203,
      "name": "Pacchetto Miglioria\nE.G.O Commemorativo\nper la Luna Piena 2024",
      "desc": "Un pacchetto per festeggiare la Campagna Commemorativa Luna Piena 2024. Contiene i seguenti articoli:\n\n· Biglietto per Decaestrazione x3\n· Modulo Lancio - Intreccio E.G.O [WAW] x1\n\n※ Usare il Modulo Lancio - Intreccio E.G.O [WAW] porta il suo Intreggio al Liv.4 (Si può usare solo su E.G.O di livello WAW o inferiore)"
    },
    {
      "id": 204,
      "name": "Pacchetto Miglioria\nCompleto Commemorativo\nper la Luna Piena 2024",
      "desc": "Un pacchetto per festeggiare la Campagna Commemorativa Luna Piena 2024. Contiene i seguenti articoli:\n\n· Biglietto per Decaestrazione x4\n· Modulo Lancio - Legame ID x1\n· Modulo Lancio - Intreccio E.G.O [WAW] x1\n· Biglietto per Addestramento Identità IV x80\n· Filo x100\n\n※ Usare il Modulo Lancio - Legame ID su un'Identità porta il suo Legame al Liv.4\n\n※ Usare il Modulo Lancio - Intreccio E.G.O [WAW] porta il suo Intreggio al Liv.4 (Si può usare solo su E.G.O di livello WAW o inferiore)"
    },
    {
      "id": 401,
      "name": "Pacchetto Buon Rientro",
      "desc": "Un pacchetto speciale per i manager che tornano dopo molto tempo. Contiene i seguenti articoli:\n※ Questo pacchetto è disponibile solo per gli utenti ritornati, e può essere acquistato solo durante il periodo dell'evento di ritorno.\n\n· Biglietto per Estrazione x5\n· Biglietto per Addestramento Identità x45\n· Filo x100"
    },
    {
      "id": 402,
      "name": "Pacchetto Estrazione Mirata",
      "desc": "Puoi ottenere i seguenti oggetti da questo pacchetto edizione limitata 「Estrazione Mirata - La Manager di La Manchaland Don Quixote」.\n\n· Biglietto per Decaestrazione x 4"
    },
    {
      "id": 403,
      "name": "Pacchetto Crescita Identità",
      "desc": "Puoi ottenere i seguenti oggetti da questo pacchetto edizione limitata 「Estrazione Mirata - La Manager di La Manchaland Don Quixote」.\n\n\n· Modulo Lancio - Legame ID x 1\n· Biglietto per Addestramento Identità IV x 50\n· Biglietto per Addestramento Identità III x 20"
    },
    {
      "id": 404,
      "name": "Pacchetto Estrazione Mirata",
      "desc": "Puoi ottenere i seguenti oggetti da questo pacchetto edizione limitata 「Intervallo III: Miracolo nel Distretto 20 BokGak」.\n\n· Biglietto per Decaestrazione x 4"
    },
    {
      "id": 405,
      "name": "Pacchetto Miglioria E.G.O",
      "desc": "Puoi ottenere i seguenti oggetti dal pacchetto edizione limitata 「Intervallo III: Miracolo nel Distretto 20 BokGak」.\n\n· Modulo Lancio - Intreccio E.G.O [HE] x 1"
    },
    {
      "id": 406,
      "name": "Pacchetto Estrazione Mirata",
      "desc": "Puoi ottenere i seguenti oggetti da questo pacchetto edizione limitata per 「La 5a Notte di Walpurgis」.\n\n· Biglietto per Decaestrazione x 4"
    },
    {
      "id": 407,
      "name": "Pacchetto Crescita Identità",
      "desc": "Puoi ottenere i seguenti oggetti da questo pacchetto edizione limitata per 「La 5a Notte di Walpurgis」.\n\n\n· Modulo Lancio - Legame ID x 1\n· Biglietto per Addestramento Identità IV x 50\n· Biglietto per Addestramento Identità III x 20"
    },
    {
      "id": 408,
      "name": "Pacchetto Miglioria E.G.O",
      "desc": "Puoi ottenere i seguenti oggetti da questo pacchetto edizione limitata per 「La 5a Notte di Walpurgis」.\n\n· Modulo Lancio - Intreccio E.G.O [HE] x 1"
    },
    {
      "id": 409,
      "name": "Pacchetto Estrazione Mirata",
      "desc": "Puoi ottenere i seguenti oggetti da questo pacchetto edizione limitata per 「Controllo di Routine LCB」.\n\n· Biglietto per Decaestrazione x 4"
    },
    {
      "id": 410,
      "name": "Pacchetto Crescita Identità",
      "desc": "Puoi ottenere i seguenti oggetti da questo pacchetto edizione limitata per 「Controllo di Routine LCB」.\n\n\n· Modulo Lancio - Legame ID x 1\n· Biglietto per Addestramento Identità IV x 50\n· Biglietto per Addestramento Identità III x 20"
    },
    {
      "id": 411,
      "name": "Pacchetto Estrazione Mirata",
      "desc": "Puoi ottenere i seguenti oggetti da questo pacchetto edizione limitata per 「Controllo di Routine LCB」.\n\n· Modulo Lancio - Intreccio E.G.O [HE] x 1"
    },
    {
      "id": 412,
      "name": "Pacchetto Estrazione Mirata",
      "desc": "Puoi ottenere i seguenti oggetti da questo pacchetto edizione limitata per 「Cedi la Carne per Prendere le loro Ossa BokGak」.\n\n· Biglietto per Decaestrazione x 4"
    },
    {
      "id": 413,
      "name": "Pacchetto Crescita Identità",
      "desc": "Puoi ottenere i seguenti oggetti da questo pacchetto edizione limitata per 「Cedi la Carne per Prendere le loro Ossa BokGak」.\n\n\n· Modulo Lancio - Legame ID x 1\n· Biglietto per Addestramento Identità IV x 50\n· Biglietto per Addestramento Identità III x 20"
    },
    {
      "id": 414,
      "name": "Pacchetto Crescita Identità",
      "desc": "Puoi ottenere i seguenti oggetti da questo pacchetto edizione limitata per 「Estrazione Mirata Nuova Identità & E.G.O - Associazione Liu Sezione 3 Sud Yi Sang & Thoracalgia Faust」.\n\n\n· Modulo Lancio - Legame ID x 1\n· Biglietto per Addestramento Identità IV x 50\n· Biglietto per Addestramento Identità III x 20"
    },
    {
      "id": 415,
      "name": "Pacchetto Miglioria E.G.O",
      "desc": "Puoi ottenere i seguenti oggetti da questo pacchetto edizione limitata per 「Estrazione Mirata Nuova Identità & E.G.O - Associazione Liu Sezione 3 Sud Yi Sang & Thoracalgia Faust」.\n\n· Modulo Lancio - Intreccio E.G.O [HE] x 1"
    },
    {
      "id": 416,
      "name": "Pacchetto Biglietto Estrazione\n2o Anniversario",
      "desc": "Un pacchetto per celebrare il 2o Anniversario. Contiene i seguenti articoli:\n\n·  Biglietto per Decaestrazione x5"
    },
    {
      "id": 417,
      "name": "Pacchetto Crescita Identità\n2o Anniversario",
      "desc": "Un pacchetto per celebrare il 2o Anniversario. Contiene i seguenti articoli:\n\n· Biglietto per Addestramento Identità x125\n· Filo x400"
    },
    {
      "id": 418,
      "name": "Pacchetto Crescita Identità",
      "desc": "Puoi ottenere i seguenti oggetti da questo pacchetto edizione limitata per 「Nuova Estrazione Mirata - Associazione Cinq Settore 3 Est Don Quixote & Sopravvissuto dell'Ufficio Firefist Gregor」.\n\n\n· Modulo Lancio - Legame ID x 1\n· Biglietto per Addestramento Identità IV x 50\n· Biglietto per Addestramento Identità III x 20"
    },
    {
      "id": 419,
      "name": "Pacchetto Estrazione Mirata",
      "desc": "Puoi ottenere i seguenti oggetti da questo pacchetto edizione limitata per 「Spazzare Notturno」.\n\n· Biglietto per Decaestrazione x 4"
    },
    {
      "id": 420,
      "name": "Pacchetto Crescita Identità",
      "desc": "Puoi ottenere i seguenti oggetti da questo pacchetto edizione limitata per 「Spazzare Notturno」.\n\n\n· Modulo Lancio - Legame ID x 1\n· Biglietto per Addestramento Identità IV x 50\n· Biglietto per Addestramento Identità III x 20"
    },
    {
      "id": 205,
      "name": "Pacchetto 2o Anniversario",
      "desc": "Un pacchetto per celebrare il 2o Anniversario.\n\n· Accesso immediato a Vergilius - Annunciatore\n· 3★ Biglietto per Decaestrazione Garantita x1\n· Biglietto di Lancio Identità ver.2 x1\n\n※ Se hai già ottenuto Vergilius - Annunciatore, ottieni x50 Cassa di Filo.\n※ Il Biglietto di Lancio Identità ver.2 porta il livello di un’Identità al liv. 50, ed il Grado Legame al liv.4."
    },
    {
      "id": 421,
      "name": "Pacchetto Crescita Identità",
      "desc": "Puoi ottenere i seguenti oggetti da questo pacchetto edizione limitata per 「Nuova Estrazione Mirata - Il Fratellino del Medio Sinclair」.\n\n\n· Modulo Lancio - Legame ID x 1\n· Biglietto per Addestramento Identità IV x 50\n· Biglietto per Addestramento Identità III x 20"
    },
    {
      "id": 422,
      "name": "Pacchetto Estrazione Mirata",
      "desc": "Puoi ottenere i seguenti oggetti da questo pacchetto edizione limitata per 「Nuova Estrazione E.G.O Mirata - Indicant's Trial Rodion」.\n\n· Biglietto per Decaestrazione x4"
    },
    {
      "id": 423,
      "name": "Pacchetto Miglioria E.G.O Upgrade Pack",
      "desc": "Puoi ottenere i seguenti oggetti da questo pacchetto edizione limitata per il rilascio di 「Estrazione Mirata E.G.O - Indicant's Trial Rodion」.\n\n· Modulo Lancio - Intreccio E.G.O [WAW] x1"
    }
  ]
}