{
  "dataList": [
    {
      "id": 108,
      "name": "[Stagione 5] 3★ Biglietto per Decaestrazione Garantita",
      "desc": "Può essere usato per effettuare 10 estrazioni dove una Identità 3★ dalla [Stagione 5] è garantita di apparire.",
      "flavor": "Un biglietto speciale con un segno sopra. Può estrarre un’ Identità da un mondo di possibilità improbabili con sicurezza. La carta batte e pulsa fortemente."
    },
    {
      "id": 225,
      "name": "Biglietto di Aumento Livello V",
      "desc": "Porta il livello di un’ Identità al lv. 50.",
      "flavor": "Un biglietto sblocca-limiti che permette a un’ Identità di contenere esperienza in eccesso. \n\"Una quantità inesprimibile a voce di conoscenze e informazioni inonda il mio cervello con tanta brutalità che il consiglio di abituarvisi è, anche avendo esperienze precedenti con questo metodo, un’idea assurda. Gli effetti collaterali di questa procedura includono vomito, nausea, e rottura di vasi sanguigni nella regione oculare, causando visione rossa. Eppure, si può dire con certezza che siamo diventati più forti in conseguenza.\""
    },
    {
      "id": 1105,
      "name": "[Stagione 5] Cassa di ScheggieEgo",
      "desc": "Aprila per ricevere 1-3 ScheggieEgo di Peccatori casuali.",
      "flavor": "Delle ScheggieEgo sono state raccolte casualmente e messe in queste casse. Il loro contenuto è un mistero.\nQuando ne tieni una in un posto tranquillo, puoi sentire piccoli rumori."
    },
    {
      "id": 1205,
      "name": "[Stagione 5] Cassa di ScheggieEgo A Scelta",
      "desc": "Aprila per ricevere 1-3 ScheggieEgo di un Peccatore a scelta.",
      "flavor": "Una cassa che rende le ScheggieEgo di un Peccatore a tua scelta.\nSecondo Faust, il suo contenuto è determinato dopo che i manager prendono una decisione."
    },
    {
      "id": 10105,
      "name": "[Stagione 5] ScheggiaEGo di Yi Sang",
      "desc": "Usata per comprare le Identità ed E.G.O di Yi Sang e Filo dalla Dispensa",
      "flavor": "Momenti sfuggenti da qualunque punto della vita del Peccatore condensati in forma fisica. Le scheggie fluttuano in aria.\nLe possibilità sono cosa effimera; vagano nel regno delle possibilità a meno che non vengano prese."
    },
    {
      "id": 10205,
      "name": "[Stagione 5] ScheggiaEGo di Faust",
      "desc": "Usata per comprare le Identità ed E.G.O di Faust e Filo dalla Dispensa",
      "flavor": "Momenti sfuggenti da qualunque punto della vita della Peccatrice condensati in forma fisica. Le scheggie fluttuano in aria.\nLe possibilità sono cosa effimera; vagano nel regno delle possibilità a meno che non vengano prese."
    },
    {
      "id": 10305,
      "name": "[Stagione 5] ScheggiaEGo di Don Quixote",
      "desc": "Usata per comprare le Identità ed E.G.O di Don Quixote e Filo dalla Dispensa",
      "flavor": "Momenti sfuggenti da qualunque punto della vita della Peccatrice condensati in forma fisica. Le scheggie fluttuano in aria.\nLe possibilità sono cosa effimera; vagano nel regno delle possibilità a meno che non vengano prese."
    },
    {
      "id": 10405,
      "name": "[Stagione 5] ScheggiaEGo di Ryōshū",
      "desc": "Usata per comprare le Identità ed E.G.O di Ryōshū e Filo dalla Dispensa",
      "flavor": "Momenti sfuggenti da qualunque punto della vita della Peccatrice condensati in forma fisica. Le scheggie fluttuano in aria.\nLe possibilità sono cosa effimera; vagano nel regno delle possibilità a meno che non vengano prese."
    },
    {
      "id": 10505,
      "name": "[Stagione 5] ScheggiaEGo di Meursault",
      "desc": "Usata per comprare le Identità ed E.G.O di Meursault e Filo dalla Dispensa",
      "flavor": "Momenti sfuggenti da qualunque punto della vita del Peccatore condensati in forma fisica. Le scheggie fluttuano in aria.\nLe possibilità sono cosa effimera; vagano nel regno delle possibilità a meno che non vengano prese."
    },
    {
      "id": 10605,
      "name": "[Stagione 5] ScheggiaEGo di Hong Lu",
      "desc": "Usata per comprare le Identità ed E.G.O di Hong Lu e Filo dalla Dispensa",
      "flavor": "Momenti sfuggenti da qualunque punto della vita del Peccatore condensati in forma fisica. Le scheggie fluttuano in aria.\nLe possibilità sono cosa effimera; vagano nel regno delle possibilità a meno che non vengano prese."
    },
    {
      "id": 10705,
      "name": "[Stagione 5] ScheggiaEGo di Heathcliff",
      "desc": "Usata per comprare le Identità ed E.G.O di Heathcliff e Filo dalla Dispensa",
      "flavor": "Momenti sfuggenti da qualunque punto della vita del Peccatore condensati in forma fisica. Le scheggie fluttuano in aria.\nLe possibilità sono cosa effimera; vagano nel regno delle possibilità a meno che non vengano prese."
    },
    {
      "id": 10805,
      "name": "[Stagione 5] ScheggiaEGo di Ishmael",
      "desc": "Usata per comprare le Identità ed E.G.O di Ishmael e Filo dalla Dispensa",
      "flavor": "Momenti sfuggenti da qualunque punto della vita della Peccatrice condensati in forma fisica. Le scheggie fluttuano in aria.\nLe possibilità sono cosa effimera; vagano nel regno delle possibilità a meno che non vengano prese."
    },
    {
      "id": 10905,
      "name": "[Stagione 5] ScheggiaEGo di Rodion",
      "desc": "Usata per comprare le Identità ed E.G.O di Rodion e Filo dalla Dispensa",
      "flavor": "Momenti sfuggenti da qualunque punto della vita della Peccatrice condensati in forma fisica. Le scheggie fluttuano in aria.\nLe possibilità sono cosa effimera; vagano nel regno delle possibilità a meno che non vengano prese."
    },
    {
      "id": 11005,
      "name": "[Stagione 5] ScheggiaEGo di Sinclair",
      "desc": "Usata per comprare le Identità ed E.G.O di Sinclair e Filo dalla Dispensa",
      "flavor": "Momenti sfuggenti da qualunque punto della vita del Peccatore condensati in forma fisica. Le scheggie fluttuano in aria.\nLe possibilità sono cosa effimera; vagano nel regno delle possibilità a meno che non vengano prese."
    },
    {
      "id": 11105,
      "name": "[Stagione 5] ScheggiaEGo di Outis",
      "desc": "Usata per comprare le Identità ed E.G.O di Outis e Filo dalla Dispensa",
      "flavor": "Momenti sfuggenti da qualunque punto della vita della Peccatrice condensati in forma fisica. Le scheggie fluttuano in aria.\nLe possibilità sono cosa effimera; vagano nel regno delle possibilità a meno che non vengano prese."
    },
    {
      "id": 11205,
      "name": "[Stagione 5] ScheggiaEGo di Gregor",
      "desc": "Usata per comprare le Identità ed E.G.O di Gregor e Filo dalla Dispensa",
      "flavor": "Momenti sfuggenti da qualunque punto della vita del Peccatore condensati in forma fisica. Le scheggie fluttuano in aria.\nLe possibilità sono cosa effimera; vagano nel regno delle possibilità a meno che non vengano prese."
    },
    {
      "id": 12005,
      "name": "Scheggia Limitata a Legame e Intreccio(Universale) Stagione 5",
      "desc": "Può essere usata per Legare Identità e Intrecciare E.G.O per tutti i Peccatori.",
      "flavor": "Una scheggia universale che può essere usata per Legare o Intrecciare Identità e E.G.O per tutti i Peccatori.\nPerò, queste scheggie non possono essere usate per estrarre Identià o E.G.O, non importa quante ne siano ammassate.\n’Queste scheggie sono i prodotti delle nostre ricerche nella natura omnitrasformante dei Rami Dorati; si possono usare per riempire qualucnque profondità o mondi degli specchi. Uh? Estrazioni? Certo che no. La sua natura di taglia-unica-per-ogni-mondo vuol dire che ovviamente *non è fatta* per un mondo specifico, giusto? - Capo Ricercatori dello Specchio, Dipartimento Osservatorio Mondo Specchio LCA’"
    },
    {
      "id": 10005,
      "name": "ScheggieEgo Stagione 5 di [Peccatore Selezionato]",
      "desc": "재화 등장 확률 상세 표시용(name 만 번역해주세요)",
      "flavor": ""
    }
  ]
}