{
  "dataList": [
    {
      "id": 107,
      "name": "[Stagione 4] 3★ Biglietto per Decaestrazione Garantita",
      "desc": "Può essere usato per effettuare 10 estrazioni dove una Identità 3★ dalla [Stagione 4] è garantita di apparire.",
      "flavor": "Un biglietto speciale con un segno sopra. Può estrarre un’ Identità da un mondo di possibilità improbabili con sicurezza. La carta batte e pulsa fortemente."
    },
    {
      "id": 1104,
      "name": "[Stagione 4] Cassa di ScheggieEgo",
      "desc": "Aprila per ricevere 1-3 ScheggieEgo di Peccatori casuali.",
      "flavor": "Delle ScheggieEgo sono state raccolte casualmente e messe in queste casse. Il loro contenuto è un mistero.\nQuando ne tieni una in un posto tranquillo, puoi sentire piccoli rumori."
    },
    {
      "id": 1204,
      "name": "[Stagione 4] Cassa di ScheggieEgo Nominabili",
      "desc": "Aprila per ricevere 1-3 ScheggieEgo di un Peccatore a scelta.",
      "flavor": "Una cassa che rende le ScheggieEgo di un Peccatore a tua scelta.\nSecondo Faust, il suo contenuto è determinato dopo che i manager prendono una decisione."
    },
    {
      "id": 10104,
      "name": "[Stagione 4] ScheggiaEGo di Yi Sang",
      "desc": "Usata per comprare le Identità ed E.G.O di Yi Sang e Filo dalla Dispensa",
      "flavor": "Momenti sfuggenti da qualunque punto della vita del Peccatore condensati in forma fisica. Le scheggie fluttuano in aria.\nLe possibilità sono cosa effimera; vagano nel regno delle possibilità a meno che non vengano prese."
    },
    {
      "id": 10204,
      "name": "[Stagione 4] ScheggiaEGo di Faust",
      "desc": "Usata per comprare le Identità ed E.G.O di Faust e Filo dalla Dispensa",
      "flavor": "Momenti sfuggenti da qualunque punto della vita della Peccatrice condensati in forma fisica. Le scheggie fluttuano in aria.\nLe possibilità sono cosa effimera; vagano nel regno delle possibilità a meno che non vengano prese."
    },
    {
      "id": 10304,
      "name": "[Stagione 4] ScheggiaEGo di Don Quixote",
      "desc": "Usata per comprare le Identità ed E.G.O di Don Quixote e Filo dalla Dispensa",
      "flavor": "Momenti sfuggenti da qualunque punto della vita della Peccatrice condensati in forma fisica. Le scheggie fluttuano in aria.\nLe possibilità sono cosa effimera; vagano nel regno delle possibilità a meno che non vengano prese."
    },
    {
      "id": 10404,
      "name": "[Stagione 4] ScheggiaEGo di Ryōshū",
      "desc": "Usata per comprare le Identità ed E.G.O di Ryōshū e Filo dalla Dispensa",
      "flavor": "Momenti sfuggenti da qualunque punto della vita della Peccatrice condensati in forma fisica. Le scheggie fluttuano in aria.\nLe possibilità sono cosa effimera; vagano nel regno delle possibilità a meno che non vengano prese."
    },
    {
      "id": 10504,
      "name": "[Stagione 4] ScheggiaEGo di Meursault",
      "desc": "Usata per comprare le Identità ed E.G.O di Meursault e Filo dalla Dispensa",
      "flavor": "Momenti sfuggenti da qualunque punto della vita del Peccatore condensati in forma fisica. Le scheggie fluttuano in aria.\nLe possibilità sono cosa effimera; vagano nel regno delle possibilità a meno che non vengano prese."
    },
    {
      "id": 10604,
      "name": "[Stagione 4] ScheggiaEGo di Hong Lu",
      "desc": "Usata per comprare le Identità ed E.G.O di Hong Lu e Filo dalla Dispensa",
      "flavor": "Momenti sfuggenti da qualunque punto della vita del Peccatore condensati in forma fisica. Le scheggie fluttuano in aria.\nLe possibilità sono cosa effimera; vagano nel regno delle possibilità a meno che non vengano prese."
    },
    {
      "id": 10704,
      "name": "[Stagione 4] ScheggiaEGo di Heathcliff",
      "desc": "Usata per comprare le Identità ed E.G.O di Heathcliff e Filo dalla Dispensa",
      "flavor": "Momenti sfuggenti da qualunque punto della vita del Peccatore condensati in forma fisica. Le scheggie fluttuano in aria.\nLe possibilità sono cosa effimera; vagano nel regno delle possibilità a meno che non vengano prese."
    },
    {
      "id": 10804,
      "name": "[Stagione 4] ScheggiaEGo di Ishmael",
      "desc": "Usata per comprare le Identità ed E.G.O di Ishmael e Filo dalla Dispensa",
      "flavor": "Momenti sfuggenti da qualunque punto della vita della Peccatrice condensati in forma fisica. Le scheggie fluttuano in aria.\nLe possibilità sono cosa effimera; vagano nel regno delle possibilità a meno che non vengano prese."
    },
    {
      "id": 10904,
      "name": "[Stagione 4] ScheggiaEGo di Rodion",
      "desc": "Usata per comprare le Identità ed E.G.O di Rodion e Filo dalla Dispensa",
      "flavor": "Momenti sfuggenti da qualunque punto della vita della Peccatrice condensati in forma fisica. Le scheggie fluttuano in aria.\nLe possibilità sono cosa effimera; vagano nel regno delle possibilità a meno che non vengano prese."
    },
    {
      "id": 11004,
      "name": "[Stagione 4] ScheggiaEGo di Sinclair",
      "desc": "Usata per comprare le Identità ed E.G.O di Sinclair e Filo dalla Dispensa",
      "flavor": "Momenti sfuggenti da qualunque punto della vita del Peccatore condensati in forma fisica. Le scheggie fluttuano in aria.\nLe possibilità sono cosa effimera; vagano nel regno delle possibilità a meno che non vengano prese."
    },
    {
      "id": 11104,
      "name": "[Stagione 4] ScheggiaEGo di Outis",
      "desc": "Usata per comprare le Identità ed E.G.O di Outis e Filo dalla Dispensa",
      "flavor": "Momenti sfuggenti da qualunque punto della vita della Peccatrice condensati in forma fisica. Le scheggie fluttuano in aria.\nLe possibilità sono cosa effimera; vagano nel regno delle possibilità a meno che non vengano prese."
    },
    {
      "id": 11204,
      "name": "[Stagione 4] ScheggiaEGo di Gregor",
      "desc": "Usata per comprare le Identità ed E.G.O di Gregor e Filo dalla Dispensa",
      "flavor": "Momenti sfuggenti da qualunque punto della vita del Peccatore condensati in forma fisica. Le scheggie fluttuano in aria.\nLe possibilità sono cosa effimera; vagano nel regno delle possibilità a meno che non vengano prese."
    },
    {
      "id": 10004,
      "name": "ScheggieEgo Stagione 4 di [Peccatori Selezionati]",
      "desc": "재화 등장 확률 상세 표시용(name 만 번역해주세요)",
      "flavor": ""
    }
  ]
}