{
  "dataList": [
    {
      "id": "mainui_settings_game",
      "content": "General"
    },
    {
      "id": "mainui_settings_graphic",
      "content": "Graphics"
    },
    {
      "id": "mainui_settings_sound",
      "content": "Audio"
    },
    {
      "id": "mainui_settings_notice",
      "content": "Notifs"
    },
    {
      "id": "mainui_settings_etc",
      "content": "Misc."
    },
    {
      "id": "mainui_settings_download",
      "content": "Download"
    },
    {
      "id": "mainui_settings_download_complete",
      "content": "Download Complete"
    },
    {
      "id": "mainui_settings_video_resource",
      "content": "Video Resources"
    },
    {
      "id": "mainui_settings_audio_resource",
      "content": "Audio Resources"
    },
    {
      "id": "mainui_settings_animation_resource",
      "content": "Animation Resources"
    },
    {
      "id": "mainui_settings_ego_presentation",
      "content": "E.G.O Animation"
    },
    {
      "id": "mainui_settings_on",
      "content": "On"
    },
    {
      "id": "mainui_settings_off",
      "content": "Off"
    },
    {
      "id": "mainui_settings_play_once_per_day",
      "content": "Once per Day"
    },
    {
      "id": "mainui_settings_resolution",
      "content": "Resolution"
    },
    {
      "id": "mainui_settings_resolution_windowded",
      "content": "Windowed"
    },
    {
      "id": "mainui_settings_resolution_fullscreen",
      "content": "Fullscreen"
    },
    {
      "id": "mainui_settings_texquality",
      "content": "Texture Quality"
    },
    {
      "id": "mainui_settings_resolution_warning",
      "content": "Higher resolutions may cause the device to heat and consume additional power."
    },
    {
      "id": "mainui_settings_fps_warning",
      "content": "Higher framerates may cause the device to heat and consume additional power."
    },
    {
      "id": "mainui_settings_low",
      "content": "Low"
    },
    {
      "id": "mainui_settings_middle",
      "content": "Medium"
    },
    {
      "id": "mainui_settings_high",
      "content": "High"
    },
    {
      "id": "mainui_settings_postprocessing",
      "content": "Post-processing"
    },
    {
      "id": "mainui_settings_ppon",
      "content": "On"
    },
    {
      "id": "mainui_settings_ppoff",
      "content": "Off"
    },
    {
      "id": "mainui_settings_ppdesc",
      "content": "Controls camera effects in battle. Affects game performance."
    },
    {
      "id": "mainui_settings_antialiasing",
      "content": "Anti-aliasing"
    },
    {
      "id": "mainui_settings_clear",
      "content": "Reset"
    },
    {
      "id": "mainui_settings_clear_ask",
      "content": "Reset everything to default?"
    },
    {
      "id": "mainui_settings_render_acceleration",
      "content": "Accelerated Rendering"
    },
    {
      "id": "mainui_settings_sound_master",
      "content": "Master"
    },
    {
      "id": "mainui_settings_sound_sfx",
      "content": "SFX"
    },
    {
      "id": "mainui_settings_sound_voice",
      "content": "Voice"
    },
    {
      "id": "mainui_settings_sound_battle_announcer",
      "content": "Announcer"
    },
    {
      "id": "mainui_settings_notice_enkephalin_full",
      "content": "Enkephalin Recovery"
    },
    {
      "id": "mainui_settings_notice_ads",
      "content": "Promotional Notices"
    },
    {
      "id": "mainui_settings_notice_ads_night",
      "content": "Promotional Notices (Night)"
    },
    {
      "id": "mainui_settings_change_launguage",
      "content": "Language"
    },
    {
      "id": "mainui_settings_change_launguage_ask",
      "content": "Language changes apply after restarting the game."
    },
    {
      "id": "mainui_settings_faq_btn",
      "content": "Customer Service"
    },
    {
      "id": "connect_to_google_account",
      "content": "Link with Google"
    },
    {
      "id": "connect_to_apple_account",
      "content": "Link with Apple"
    },
    {
      "id": "explain_sucession",
      "content": "If you close the account, all gameplay and purchase data will be deleted."
    },
    {
      "id": "explain_sucession_remain_days",
      "content": "You will be given a 7-day grace period. You can restore the account if you sign in before the end of the period."
    },
    {
      "id": "explain_writing_code_for_sucession",
      "content": "※ If you agree to the terms above,\nplease enter the letters you see in the box."
    },
    {
      "id": "explain_secession_status",
      "content": "The account is currently under a closure period.\nTime Remaining: {0}D {1}H {2}M\nYou can recover the account if you sign in now.\nRecover the account?"
    },
    {
      "id": "recover",
      "content": "Recover"
    },
    {
      "id": "request_sucession",
      "content": "Request Closure"
    },
    {
      "id": "request_sucession_success",
      "content": "Closure successfully requested."
    },
    {
      "id": "mainui_settings_account",
      "content": "Account"
    },
    {
      "id": "account_secede",
      "content": "Close Account"
    },
    {
      "id": "connected_accounts",
      "content": "Linked Accounts"
    },
    {
      "id": "mainui_settings_bloom",
      "content": "Bloom"
    },
    {
      "id": "mainui_settings_blur",
      "content": "Blur"
    },
    {
      "id": "mainui_settings_bloomdesc",
      "content": "Controls spread of light effects. Affects game performance."
    },
    {
      "id": "mainui_settings_blurdesc",
      "content": "Controls blur effects. Affects game performance."
    },
    {
      "id": "mainui_settings_fps_common",
      "content": "Normal FPS"
    },
    {
      "id": "mainui_settings_fps_battle",
      "content": "Combat FPS"
    },
    {
      "id": "mainui_settings_renderingscale",
      "content": "Render Scaling"
    },
    {
      "id": "mainui_settings_renderingscale_warning",
      "content": "We recommend that you set it to 「High」 on PC. On mobile, 「Medium」 or lower is recommended.\nHigher rendering scale value may lead to increased power drainage and heat."
    }
  ]
}