{
  "dataList": [
    {
      "id": "loginui_sign_in_with_google",
      "content": "Accedi con Google"
    },
    {
      "id": "loginui_sign_in_with_apple",
      "content": "Accedi con Apple"
    },
    {
      "id": "loginui_sign_in_with_steam",
      "content": "Accedi con Steam"
    },
    {
      "id": "loginui_sign_in_with_guest",
      "content": "Accedi come ospite"
    },
    {
      "id": "loginui_sign_out_current_account",
      "content": "Scollegati"
    },
    {
      "id": "loginui_sign_out_current_account_desc",
      "content": "Scollegarsi da questo account?\nSe stai giocando come ospite, i tuoi dati potrebbero andare persi."
    },
    {
      "id": "loginui_sign_out_switch_account_desc",
      "content": "Scollegarsi da questo account?\ne passare a quello selezionato?\nSe stai giocando come ospite, i tuoi dati potrebbero andare persi."
    },
    {
      "id": "switch_account",
      "content": "Cambia Account"
    },
    {
      "id": "user_agreements",
      "content": "Termini di Servizio"
    },
    {
      "id": "title_game_data_download",
      "content": "Scarica Dati del Gioco"
    },
    {
      "id": "content_game_data_download",
      "content": "Scaricati {0} di dati."
    },
    {
      "id": "content_game_data_download_description",
      "content": "Tornerai alla schermata del titolo se il tuo dispositivo non ha abbastanza spazio in memoria."
    },
    {
      "id": "content_game_data_download_recommend",
      "content": "Si raccomanda una connessione a Internet (Wi-Fi)."
    },
    {
      "id": "switch_allcacheclear",
      "content": "<size=85%>Svuota tutte le cache</size>"
    },
    {
      "id": "switch_oldcacheclear",
      "content": "<size=85%>Svuota le vecchie cache</size>"
    },
    {
      "id": "networkingerror_content",
      "content": "La connessione è instabile.\nControlla la tua connessione Internet."
    },
    {
      "id": "networkingerror_close",
      "content": "Chiudi"
    },
    {
      "id": "networkingerror_retry",
      "content": "Riprova"
    },
    {
      "id": "loginui_ok",
      "content": "Conferma"
    },
    {
      "id": "login_cancel",
      "content": "Annulla"
    },
    {
      "id": "loginui_loading_battlehint",
      "content": "Suggerimenti"
    },
    {
      "id": "servererror_content",
      "content": "Si è verificato un'errore col server.\nSi prega di riprovare più tardi."
    },
    {
      "id": "forcequit_content",
      "content": "Il gioco non riesce ad avviarsi.\nChiusura in corso."
    },
    {
      "id": "serverstate_openpreparation",
      "content": "Stiamo ancora preparando alcune cose!"
    },
    {
      "id": "serverstate_regularcheck",
      "content": "Il server è sotto manutenzione regolare."
    },
    {
      "id": "serverstate_temporary_check",
      "content": "Il server è sotto manutenzione temporanea."
    },
    {
      "id": "serverstate_verify_invaliduser",
      "content": "L'account non esiste od è stato chiuso."
    },
    {
      "id": "serverstate_verify_ban",
      "content": "L'account è limitato nel giocare."
    },
    {
      "id": "serverstate_verify_invalidauth",
      "content": "Si è verificato un'errore.\nSi prega di accedere di nuovo."
    },
    {
      "id": "guestlogin_failed_try_newguest",
      "content": "Accesso Ospite fallito.\nL'account può essere già stato connesso, o l'account Ospite non esiste.\n\nVuoi creare un nuovo account Ospite?"
    },
    {
      "id": "secession_remain_days",
      "content": "L'account è stato chiuso per un periodo.\nTempo Rimasto: {0}D {1}H {2}M\n\nPuoi recuperare il tuo account se accedi adesso.\nRecuperare l'account?"
    },
    {
      "id": "secession_canceled",
      "content": "Account recuperato con successo."
    },
    {
      "id": "serverstate_verify_invalidclientversion",
      "content": "Il client dev'essere aggiornato."
    },
    {
      "id": "create_guest",
      "content": "Crea Account Ospite"
    },
    {
      "id": "ask_to_remove_all_cache",
      "content": "<size=85%>Svuotare tutte le cache?</size>"
    },
    {
      "id": "networkingerror_update",
      "content": "Vai al Negozio"
    },
    {
      "id": "speed_hack_warning",
      "content": "Rilevato l'uso di un programma di terze parti non autorizzato."
    },
    {
      "id": "serverstate_verify_ban_startdate",
      "content": "Data"
    },
    {
      "id": "serverstate_verify_ban_reason",
      "content": "Descrizione"
    },
    {
      "id": "serverstate_verify_ban_reason_refund",
      "content": "Abuso del sistema di risarcimento del Negozio"
    },
    {
      "id": "serverstate_verify_ban_reason_cheat",
      "content": "Attività del gioco anormali registrate"
    },
    {
      "id": "serverstate_blocking_endpoint",
      "content": "Questa funzione è in manutenzione al momento."
    },
    {
      "id": "serverstate_verify_invaliduuid",
      "content": "Questa richiesta è già stata processata.\nSi prega di riavviare il gioco per sincronizzarlo."
    },
    {
      "id": "login_scene_mini_story_warning_spoiler_format",
      "content": "Questa storia si svolge dopo il Capitolo {0} delle Storia Principale. Vuoi comunque vedere la storia?"
    },
    {
      "id": "login_scene_mini_story_unlock_code_105",
      "content": "5"
    },
    {
      "id": "login_scene_mini_story_unlock_code_9105",
      "content": "5.5"
    },
    {
      "id": "switch_clearcatalog",
      "content": "Cancella Catalogo"
    },
    {
      "id": "panel_clearcatalog",
      "content": "Cancellare catalogo?"
    },
    {
      "id": "serverstate_error_thirdparty_api",
      "content": "Errore di connessione al Server esterno. Si prega di riprovare in seguito. "
    },
    {
      "id": "servererror_invalid_purchasing_package",
      "content": "Transazione fallita."
    },
    {
      "id": "forcequit_cache_initialize_fail",
      "content": "Il Client non si è avviato correttamente.\nSi prega di controllare lo stato della prooria connessione e riprovare.\nDomande: limbussupport+bug@projmoon.com"
    },
    {
      "id": "push_notification_message_full_stamina_default_title",
      "content": "Limbus Company"
    },
    {
      "id": "push_notification_message_full_stamina_default_text",
      "content": "L'Encefalina si è ricaricata completamente."
    },
    {
      "id": "push_notification_message_full_stamina_1_title",
      "content": "Encefalina Ricaricata"
    },
    {
      "id": "push_notification_message_full_stamina_1_text",
      "content": "Faccia attenzione, ma non si allarmi. Idealmente, mi si sanziona soltanto di informarla che la raccolta di Encefalina è riempita. Con questo vi saluto."
    },
    {
      "id": "push_notification_message_full_stamina_2_title",
      "content": "Encefalina Ricaricata"
    },
    {
      "id": "push_notification_message_full_stamina_2_text",
      "content": "La ricarica di Encefalina è completa. Manager, si raccomanda di convertirla in Moduli di Encefalina per migliore efficenza."
    },
    {
      "id": "push_notification_message_full_stamina_3_title",
      "content": "Encefalina Ricaricata"
    },
    {
      "id": "push_notification_message_full_stamina_3_text",
      "content": "NOBILE MANAGER!!! LA TANICA DI CARBURANTE È PIENA!!! VENGA QUI, PER CONTUNIARE LE NOSTRE AVVENTURE!!!"
    },
    {
      "id": "push_notification_message_full_stamina_4_title",
      "content": "Encefalina Ricaricata"
    },
    {
      "id": "push_notification_message_full_stamina_4_text",
      "content": "E.R.(Encefalina Ricaricata.)"
    },
    {
      "id": "push_notification_message_full_stamina_5_title",
      "content": "Encefalina Ricaricata"
    },
    {
      "id": "push_notification_message_full_stamina_5_text",
      "content": "L'Encefalina è completamente carica, manager."
    },
    {
      "id": "push_notification_message_full_stamina_6_title",
      "content": "Encefalina Ricaricata"
    },
    {
      "id": "push_notification_message_full_stamina_6_text",
      "content": "Woow~ L'Encefalina si è già ricaricata~ Vuoi andarla a vedere?"
    },
    {
      "id": "push_notification_message_full_stamina_7_title",
      "content": "Encefalina Ricaricata"
    },
    {
      "id": "push_notification_message_full_stamina_7_text",
      "content": "La, uh. Encef—? ... La roba verde è piena. Dacci una guardata, ok?"
    },
    {
      "id": "push_notification_message_full_stamina_8_title",
      "content": "Encefalina Ricaricata"
    },
    {
      "id": "push_notification_message_full_stamina_8_text",
      "content": "L'Encefalina è carica... Hm. Si, il bus è pronto per un'altro viaggio. Andiamo."
    },
    {
      "id": "push_notification_message_full_stamina_9_title",
      "content": "Encefalina Ricaricata"
    },
    {
      "id": "push_notification_message_full_stamina_9_text",
      "content": "Dante~ L'Encefalina è carica! Non ti scordare di convertirla in moduli!"
    },
    {
      "id": "push_notification_message_full_stamina_11_title",
      "content": "Encefalina Ricaricata"
    },
    {
      "id": "push_notification_message_full_stamina_11_text",
      "content": "Ciao, manager... hai... da fare? N-non è niente di grave, ma... L'Encefalina sta per straboccare..."
    },
    {
      "id": "push_notification_message_full_stamina_12_title",
      "content": "Encefalina Ricaricata"
    },
    {
      "id": "push_notification_message_full_stamina_12_text",
      "content": "Vi devo fare rapporto, Manager. Encefalina piena. Posso suggerirle di usarla o convertirla?"
    },
    {
      "id": "push_notification_message_full_stamina_13_title",
      "content": "Encefalina Ricaricata"
    },
    {
      "id": "push_notification_message_full_stamina_13_text",
      "content": "Uhh, compare manager? Ci sei? La, uh, tanica del bus è piena... Meglio controllare?"
    },
    {
      "id": "push_notification_message_full_stamina_14_title",
      "content": "Encefalina Ricaricata"
    },
    {
      "id": "push_notification_message_full_stamina_14_text",
      "content": "La pausa è finita, manager Dante. Non far aspettare l'autobus troppo a lungo."
    },
    {
      "id": "push_notification_message_full_stamina_15_title",
      "content": "Encefalina Ricaricata"
    },
    {
      "id": "push_notification_message_full_stamina_15_text",
      "content": "Mephi è pieno. Charon, tempo di brum-brum."
    },
    {
      "id": "custom_localize_button",
      "content": "Seleziona Lingua Pers."
    },
    {
      "id": "custom_localize_title",
      "content": "<size=85%>Seleziona Lingua Personalizzata</size>"
    },
    {
      "id": "custom_localize_desc",
      "content": "※ Riavvia il gioco per effettuare il cambio di lingua."
    },
    {
      "id": "steam_overlay_cannot_activate_title",
      "content": "Errore con la Transazione di Steam"
    },
    {
      "id": "steam_overlay_cannot_activate_text",
      "content": "Si prega di attivare l'opzione [Abilita l'Overlay di Steam mentre sei in gioco]\nnelle Proprietà del gioco di Steam - Generali,\npoi riavvia il gioco."
    },
    {
      "id": "servererror_remain_restore_purchasing",
      "content": "Una transazione è ancora in corso.\nPrego usare il bottone [Ripristina Acquisto] e riprovare."
    }
  ]
}