{
  "dataList": [
    {
      "id": "stage_recommend_level_popup_battle_participant_desc",
      "content": "Il livello medio delle Identità schierate è <color=#990000>inferiore</color> al livello consigliato per questa Sezione.\nVuoi cominciare comunque lo Scontro?"
    },
    {
      "id": "stage_recommend_level_popup_formation_desc",
      "content": "Il livello medio delle Identità nel tuo schieramento è <color=#990000>inferiore</color> al livello consigliato per questa Sezione.\nVuoi cominciare comunque lo Scontro?"
    },
    {
      "id": "stage_recommend_level_popup_dungeon_entrance_desc",
      "content": "Il livello medio delle Identità nel tuo schieramento è <color=#990000>inferiore</color> al livello consigliato per questa Sezione.\nVuoi entrare comunque nel Dungeon?"
    },
    {
      "id": "current_average_level_and_recommend_level_format",
      "content": "Livello Medio Corrente: {0}\n<color=#f8c200>Livello Consigliato: {1}</color>"
    },
    {
      "id": "current_average_level_with_additional_val_and_recommend_level_format",
      "content": "Livello Medio Corrente: {0} ({1})\n<color=#f8c200>Livello Consigliato: {2}</color>"
    },
    {
      "id": "stage_recommend_uptie_popup_dungeon_entrance_desc",
      "content": "Livello <color=#f8c200>Identità & Legame E.G.O<color=#990000> consigliati: {0}</color> </color>"
    }
  ]
}