{
  "dataList": [
    {
      "id": "move_to_inventory",
      "content": "Vai all'Inventario"
    },
    {
      "id": "progress_personality_gacksung",
      "content": "Aumenta Legame"
    },
    {
      "id": "mainui_reinforce_support_passive",
      "content": "Passiva di Supporto [{0}] Migliorata"
    },
    {
      "id": "mainui_reinforce_battle_passive",
      "content": "Passiva di Combattimento [{0}] Migliorata"
    },
    {
      "id": "mainui_battle_passsive_reinforce",
      "content": "Passiva di Combattimento Migliorata"
    },
    {
      "id": "mainui_support_passsive_reinforce",
      "content": "Passiva di Supporto Migliorata"
    },
    {
      "id": "mainui_target_num_label",
      "content": "Peso Att"
    },
    {
      "id": "mainui_awaken_requirement_label",
      "content": "Risorse Ric."
    }
  ]
}