{
  "dataList": [
    {
      "id": "mirrordungeon_name_1",
      "content": "Specchio degli Inizi"
    },
    {
      "id": "mirrordungeon_name_2",
      "content": "Specchio degli Specchi"
    },
    {
      "id": "mirrordungeon_name_1_0",
      "content": "Specchio degli Inizi"
    },
    {
      "id": "mirrordungeon_name_2_0",
      "content": "Specchio degli Specchi - Normale"
    },
    {
      "id": "mirrordungeon_name_2_1",
      "content": "Specchio degli Specchi - Difficile"
    },
    {
      "id": "mirrordungeon_name_3",
      "content": "Specchio del Lago"
    },
    {
      "id": "mirrordungeon_name_3_0",
      "content": "Specchio del Lago - Normale"
    },
    {
      "id": "mirrordungeon_name_3_1",
      "content": "Specchio del Lago - Difficile"
    },
    {
      "id": "mirrordungeon_name_4",
      "content": "Specchio della Tempesta"
    },
    {
      "id": "mirrordungeon_name_4_0",
      "content": "Specchio della Tempesta - Simulazione"
    },
    {
      "id": "mirrordungeon_name_4_1",
      "content": "Specchio della Tempesta - Ritornello"
    },
    {
      "id": "mirrordungeon_name_5",
      "content": "Specchio della Sognatrice"
    },
    {
      "id": "mirrordungeon_name_5_0",
      "content": "Specchio della Sognatrice [NORMALE]"
    },
    {
      "id": "mirrordungeon_name_5_1",
      "content": "Specchio della Sognatrice [DIFFICILE]"
    }
  ]
}