{
  "dataList": [
    {
      "id": "night_clean_up_stage_button_default",
      "content": "Sezioni"
    },
    {
      "id": "night_clean_up_stage_button_locked",
      "content": "Completa 7.5-14 per sbloccare"
    },
    {
      "id": "night_clean_up_storybutton_default",
      "content": "Al Teatro"
    },
    {
      "id": "night_clean_up_storybutton_start",
      "content": "<size=75%>Leggi la 1a Sezione della \nStoria Evento per Sbloccare</size>"
    },
    {
      "id": "night_clean_up_stage_button_end_event",
      "content": "Evento Terminato"
    },
    {
      "id": "night_clean_up_bonus_popup_title",
      "content": "Identità con Bonus Evento"
    },
    {
      "id": "night_clean_up_bonusUIDesc",
      "content": "Durante l'evento, schierare le seguenti Identità nel tuo team ti fornirà\nun bonus sui <color=#625aff>[Cilindri Carburante degli Spazzini]</color> che ottieni.\nIl bonus massimo che puoi ottenere è del <color=#625aff>100%</color> dei token base ottenuti."
    },
    {
      "id": "night_clean_up_scrap_guide_title",
      "content": "Guida ai Token Evento"
    },
    {
      "id": "night_clean_up_scrap_guide_desc",
      "content": "Puoi ottenere <color=#625aff>[Cilindri Carburante degli Spazzini]</color> completando per la prima volta le Sezioni Storia/Evento, o completando il Dungeon Specchio.\nInoltre, hai anche la possibilità di ottenere un <color=#625aff>[Tanica Carburante degli Spazzini]</color>.\n\nLa<color=#625aff>[Tanica Carburante degli Spazzini]</color> viene immediatamente convertita in 20 <color=#625aff>[Cilindri Carburante degli Spazzini]</color> quando viene ottenuta."
    },
    {
      "id": "nightcleanup_reward_popup_desc",
      "content": "Ottieni <color=#e50000>[Cilindri Carburante degli Spazzini]</color> tramite i seguenti metodi:\nCompleta Sezioni Evento, Dungeon Specchio,\ne completa per la prima volta le Sezioni Storia.\n\nNello <color=#e50000>[Scambio Ricompense]</color> puoi ottenere vari oggetti \nusando i <color=#e50000>[Cilindri Carburante degli Spazzini]</color> che hai ottenuto."
    },
    {
      "id": "nightCleanUp_reward_popup_num_of_owned_items",
      "content": "Oggetti Posseduti"
    },
    {
      "id": "night_clean_up_rewardShopButton",
      "content": "Scambio Ricompense"
    }
  ]
}