{
  "dataList": [
    {
      "id": 1019,
      "panicName": "Misshapen Painting",
      "lowMoraleDescription": "Gain 1 [Enhancement] and 1 [Vulnerable]",
      "panicDescription": "Gain 1 [PlusCoinValueUp] and 3 [Vulnerable]."
    },
    {
      "id": 1021,
      "panicName": "Revenge",
      "lowMoraleDescription": "Gain 3 [DefenseDown] and 3 [AttackDmgUp]",
      "panicDescription": "Gain 6 [DefenseDown] and 5 [AttackDmgUp]"
    },
    {
      "id": 1022,
      "panicName": "Hatred",
      "lowMoraleDescription": "Clash Win: Gain 1 [AttackUp] next turn. (3 times per turn)\nClash Lose: Gain 1 [DefenseUp]. (3 times per turn)",
      "panicDescription": "Clash Win: Gain 1 [AttackUp] this turn and next turn (3 times per turn)\nClash Lose: Gain 1 [DefenseUp] (3 times per turn)\nTurn End: Gain 2 [Agility] next turn"
    }
  ]
}