{
  "dataList": [
    {
      "id": 1027,
      "panicName": "Hunger",
      "lowMoraleDescription": "Turn Start: Gain 1 [Binding] and 2 [Enhancement]. Take 5 SP damage at Turn End",
      "panicDescription": "Turn Start: gain 2 [Binding] and 4 [Enhancement]."
    },
    {
      "id": 1028,
      "panicName": "Duel Specialist",
      "lowMoraleDescription": "Turn Start: Gain 2 [AttackUp]. On Clash Lose, gain 1 [DefenseDown] (max 3 per turn). Min. Speed -1",
      "panicDescription": "Turn Start: Gain 4 [AttackUp]. On Clash Lose, gain 2 [DefenseDown] (max 6 per turn). Min. Speed -1"
    }
  ]
}