{
    "dataList": [
        {
            "id": 9008801,
            "name": "Ineffable Shape",
            "desc": "When killed in combat, deal 10 SP damage to the unit that attacked it last"
        },
        {
            "id": 9008901,
            "name": "Pallidification",
            "desc": "Gain 2 Offense Level and Defense Level for every living Pallidified ally (not counting this unit)"
        },
        {
            "id": 9008902,
            "name": "Crashing Filth",
            "desc": "At 10% of Max HP, inflict 20 SP damage On Hit, inflict 1 Pallid Noise next turn, then dies."
        },
        {
            "id": 9008903,
            "name": "Spreading Flames",
            "desc": "If there are surviving Pallidified allies at Turn End, all enemies with 20 or more SP lose 1 SP for every surviving Pallidified ally (not counting this unit)"
        },
        {
            "id": 9009001,
            "name": "Spreading Flames",
            "desc": "If there are surviving Pallidified allies at Turn End, all enemies with 20 or more SP lose 1 SP for every surviving Pallidified ally (not counting this unit)"
        },
        {
            "id": 9009101,
            "name": "Healing Resentment",
            "desc": "If there are surviving Pallidified allies at Turn End, all other Pallidified allies heal (# of other Pallidified allies * 3) HP"
        },
        {
            "id": 9009201,
            "name": "Cumulating Organic Material",
            "desc": "Defense Level +1 for every surviving ally (not counting this unit)"
        },
        {
            "id": 9009202,
            "name": "Disintegrating Inorganic Material",
            "desc": "Gain 1 Fragile next turn if an ally dies"
        },
        {
            "id": 9009301,
            "name": "Intertwined Organic Material",
            "desc": "Offense Level +1 for every surviving ally (not counting this unit)"
        },
        {
            "id": 9009302,
            "name": "Scattered Inorganic Material",
            "desc": "Gain 1 Attack Power Down next turn if an ally dies"
        },
        {
            "id": 9009401,
            "name": "Organic Breathing",
            "desc": "If this unit dealt the final blow, apply 5 Poise to all Pallidified allies. Apply 1 Poise Count"
        },
        {
            "id": 9009501,
            "name": "Organic Hardening",
            "desc": "If this unit dealt the final blow, apply 1 Protection and 2 Defense Level Up to all allies."
        },
        {
            "id": 9009601,
            "name": "Vengeance Tattoo",
            "desc": "Every time a Middle ally is killed in this encounter, gain 1 Offense Level Up (Max 5)"
        },
        {
            "id": 9009602,
            "name": "Little Vengeance",
            "desc": "Upon Clash Lose, gain 1 Minus Coin Boost next turn (2 times per turn)"
        },
        {
            "id": 9009603,
            "name": "Multifold Retribution",
            "desc": "Use \"Multifold Retribution' at 20% or less HP. (Once per wave)"
        },
        {
            "id": 9009604,
            "name": "Chains of Loyalty",
            "desc": "When a Middle ally is killed, gain 1 Plus Coin Boost next turn."
        },
        {
            "id": 809901,
            "name": "The Big Brother",
            "desc": "All allies heal 10 SP at Turn Start",
            "summary": ""
        },
        {
            "id": 809902,
            "name": "Chains of Loyalty",
            "desc": "When an ally from the Middle is killed, gain 1 Plus Coin Boost next turn. (Max 2)",
            "summary": ""
        },
        {
            "id": 809903,
            "name": "Domineer",
            "desc": "If an enemy that attacked this unit fails to deal more than 12 HP damage with their Skill, the enemy loses 10 SP",
            "summary": ""
        },
        {
            "id": 809904,
            "name": "Brush it Off",
            "desc": "When in panic, recover from panic at the start of the next turn and reset SP to 0.",
            "summary": ""
        },
        {
            "id": 809905,
            "name": "In the World of Bristly",
            "desc": "Gain 6 Defense Level Down next turn after losing a Clash 3 times",
            "summary": ""
        },
        {
            "id": 9008904,
            "name": "",
            "desc": "Begins encounter with -20 SP.",
            "summary": ""
        }
    ]
}