{
    "dataList": [
        {
            "id": 806301,
            "name": "Ferocious Acidic Crust",
            "desc": "When the head is broken, the part has -2 Skill Final Power"
        },
        {
            "id": 806302,
            "name": "Stolen Rupturing Shell",
            "desc": "When the shell is broken, the part has -2 Skill Final Power"
        },
        {
            "id": 806303,
            "name": "Emergency Nutrient Supply",
            "desc": "After this unit defeats its ally, heal by 5% of Max HP.\nAt the end of the turn, if this unit has healed 15% of Max HP with the above effect, restore the shell."
        },
        {
            "id": 806304,
            "name": "A Crab-eat-crab World",
            "desc": "At less than 70% HP, Brutal Pummelling, Powerful! Pummel, and Foaming skills target another ally with the least current HP.\nWhen attacking an ally, heals HP by the damage dealt.\nWhen defeating an ally, heals HP by double the damage dealt."
        },
        {
            "id": 806305,
            "name": "Looming Presence",
            "desc": "Turn Start: All enemies lose 10 SP"
        }
    ]
}