{
  "dataList": [
    {
      "id": 40000101,
      "name": "Bursting Strike, Breathing Siphon",
      "desc": "On Kill with this unit's Attack Skill, gain [Breath] equal to [Burst] on the target (max 5)"
    },
    {
      "id": 40000102,
      "name": "Ba Jiao Banana Bolus",
      "desc": "If this unit's Offense Level is higher than the target's, gain Clash Power +1, and inflict +1 more [Burst] Potency and Count (2 times per turn)"
    },
    {
      "id": 40000103,
      "name": "Jin Gang Bolus",
      "desc": "Clash Lose: gain 3 [DefenseUp] (2 times per turn)"
    }
  ]
}