{
    "dataList": [
        {
            "id": 9008301,
            "name": "Cetacean Strand",
            "desc": "Whale of the Porous Hand takes damage when this unit is defeated."
        },
        {
            "id": 9008302,
            "name": "Connected Pain",
            "desc": "Upon death, deal 10 damage to connected Mermaids. Then, apply 2 Damage Up next turn.\nThis effect cannot drop the connected Mermaids' HP below 1."
        },
        {
            "id": 9008401,
            "name": "Easy Breathing",
            "desc": "If this unit has <sprite name=\"Breath\"><color=#f8c200><u><link=\"Breath\">Poise</color></link></u>, gain 5 <sprite name=\"Breath\"><color=#f8c200><u><link=\"Breath\">Poise</color></link></u> upon Clash Win."
        },
        {
            "id": 9008402,
            "name": "Two Sides Of a Coin",
            "desc": "Every turn, if the first Coin 'Heads Hits', gain 1 Damage Up next turn.\nIf the first Coin 'Tails Hits', gain 1 Damage Down next turn."
        },
        {
            "id": 9008601,
            "name": "Ain't That a Prick?",
            "desc": "On Hit, if target has <sprite name=\"Laceration\"><color=#e30000><u><link=\"Laceration\">Bleed</color></link></u>, regain SP equal to <sprite name=\"Laceration\"><color=#e30000><u><link=\"Laceration\">Bleed</color></link></u> on target"
        },
        {
            "id": 9008701,
            "name": "To the Front Lines!!",
            "desc": "When gaining Protection, gain 1 additional <sprite name=\"Protection\"><color=#f8c200><u><link=\"Protection\">Protection</color></link></u> if this unit's Speed is at 1"
        },
        {
            "id": 9008702,
            "name": "Ain't That a Prick?",
            "desc": "On Hit, if target has <sprite name=\"Laceration\"><color=#e30000><u><link=\"Laceration\">Bleed</color></link></u>, regain SP equal to <sprite name=\"Laceration\"><color=#e30000><u><link=\"Laceration\">Bleed</color></link></u> on target"
        },
        {
            "id": 9101201,
            "name": "Two Sides Of a Coin",
            "desc": "Every turn, if the first Coin 'Heads Hits', gain 2 Damage Up and 1 Attack Power Up next turn.\nIf the first Coin 'Tails Hits', gain 2 Damage Down and 1 Attack Power Down next turn."
        },
        {
            "id": 9101202,
            "name": "No... Get Away From Me!",
            "desc": "Upon Clash Lose, gain 4 Poise and 3 Poise Count."
        },
        {
            "id": 9101203,
            "name": "Huzzah, Men!",
            "desc": "On Critical Hit, gain 1 Plus Coin Boost next turn.\nHeal 15 SP on self.\nAll other allies heal 10 SP.\n(Activates once per turn)"
        },
        {
            "id": 9101204,
            "name": "What Are You Doing?!",
            "desc": "Being captured in this encounter causes all allies to lose 30 SP"
        },
        {
            "id": 9101205,
            "name": "Ain't That a Prick?",
            "desc": "If target has <sprite name=\"Laceration\"><color=#e30000><u><link=\"Laceration\">Bleed</color></link></u> On Hit, regain SP equal to <sprite name=\"Laceration\"><color=#e30000><u><link=\"Laceration\">Bleed</color></link></u> on target"
        },
        {
            "id": 9101101,
            "name": "Cetacean Strand",
            "desc": "Whale of the Porous Hand takes damage when this unit is defeated."
        }
    ]
}