{
  "dataList": [
    {
      "id": 814702,
      "name": "Doubt",
      "desc": "When this unit defeats an enemy with an Attack Skill, deal 10 SP damage to all enemies."
    },
    {
      "id": 814801,
      "name": "Life",
      "desc": "When Staggering or Defeating an enemy with an Attack Skill, this unit heals 50 HP (Both Core and Part)"
    },
    {
      "id": 814901,
      "name": "Pain",
      "desc": "If an ally is defeated in Combat, gain 1 Bind, 1 Attack Power Up, and 3 Damage Up next turn."
    },
    {
      "id": 814902,
      "name": "Weakness",
      "desc": "If this unit dies, apply 5 Damage Up next turn to all enemies. This effect does not stack."
    },
    {
      "id": 815001,
      "name": "Irresponsible",
      "desc": "If there are no other allies than Dawn of Green - Doubt - δ, double the effects of 'Doubt' and 'Life'."
    },
    {
      "id": 815002,
      "name": "Beginning",
      "desc": "If this unit is alive, no enemies are generated at Turn End."
    }
  ]
}