{
  "dataList": [
    {
      "id": "battle_awaken_20301_1",
      "desc": "Attivazione E.G.O",
      "dlg": "Galoppa, Rocinante! La giustizia trionferà!"
    },
    {
      "id": "battle_awaken_20301_2",
      "desc": "Attivazione E.G.O",
      "dlg": "Avanti, Rocinante! Ancora e ancora, fino a raggiungere il sogno!"
    },
    {
      "id": "battle_awaken_20302_1",
      "desc": "Attivazione E.G.O",
      "dlg": "Prendetene anche voi!"
    },
    {
      "id": "battle_erosion_20302_1",
      "desc": "Corrosione E.G.O",
      "dlg": "…Schiaccia."
    },
    {
      "id": "battle_awaken_20303_1",
      "desc": "Attivazione E.G.O",
      "dlg": "Ho! Lì friggerò tutti!!!"
    },
    {
      "id": "battle_erosion_20303_1",
      "desc": "Corrosione E.G.O",
      "dlg": ""
    },
    {
      "id": "battle_awaken_20304_1",
      "desc": "Attivazione E.G.O",
      "dlg": "I miei ossequi!!!!!! Vi imploro di provare questa zuppa!!!!"
    },
    {
      "id": "battle_erosion_20304_1",
      "desc": "Corrosione E.G.O",
      "dlg": "Eeurrgh… Prendetela…"
    },
    {
      "id": "battle_awaken_20305_1",
      "desc": "Attivazione E.G.O",
      "dlg": "Ora, esprimiamo dei desideri!\nDesidero che questo sasso vi annienti di sua volontà!"
    },
    {
      "id": "battle_erosion_20305_1",
      "desc": "Corrosione E.G.O",
      "dlg": "Creda con... tutto il cuore... O vi colpirà... la malasorte..."
    },
    {
      "id": "battle_awaken_20306_1",
      "desc": "Attivazione E.G.O",
      "dlg": "Quale colore vedono i tuoi occhi in questa scintilla elettrica?!"
    },
    {
      "id": "battle_erosion_20306_1",
      "desc": "Corrosione E.G.O",
      "dlg": "Vi prego... smettete di prendere ciò che ho..."
    },
    {
      "id": "battle_awaken_20307_1",
      "desc": "Attivazione E.G.O",
      "dlg": "In questo mare di sangue... si...!\nSboccia in quest'ebbrezza, sboccia! Oh, sboccia!"
    },
    {
      "id": "battle_erosion_20307_1",
      "desc": "Corrosione E.G.O",
      "dlg": "Non capite la nostra sete! Prenderò il tuo sangue se devo...\ne... e sboccerò... di rosso sempre più profondo!"
    }
  ]
}