{
  "dataList": [
    {
      "id": "battle_awaken_20801_1",
      "desc": "Attivazione E.G.O",
      "dlg": "Quella bastarda… dev'essere ancora in vita."
    },
    {
      "id": "battle_awaken_20801_2",
      "desc": "Attivazione E.G.O",
      "dlg": "Così traccerò la mia strada…"
    },
    {
      "id": "battle_special_1",
      "desc": "Attivazione E.G.O",
      "dlg": "Sarà un viaggio movimentato. Tenetevi forte!"
    },
    {
      "id": "battle_special_2",
      "desc": "Attivazione E.G.O",
      "dlg": "Trova una direzione. La tua strada. Desidero questo."
    },
    {
      "id": "battle_awaken_20802_1",
      "desc": "Attivazione E.G.O",
      "dlg": "Prima che il piacere mi inghiottisca…"
    },
    {
      "id": "battle_erosion_20802_1",
      "desc": "Corrosione E.G.O",
      "dlg": "Heeehee! Ti avvolgerò… incanterò."
    },
    {
      "id": "battle_awaken_20803_1",
      "desc": "Attivazione E.G.O",
      "dlg": "Anche se non posso guidarti… Posso offrirti un caldo abbraccio."
    },
    {
      "id": "battle_erosion_20803_1",
      "desc": "Corrosione E.G.O",
      "dlg": "Lo vedi? Questo dimenarsi, nella speranza che il mondo si riempa di fiamme con me…"
    },
    {
      "id": "battle_awaken_20804_1",
      "desc": "Attivazione E.G.O",
      "dlg": "Andiamo… Di qua!"
    },
    {
      "id": "battle_erosion_20804_1",
      "desc": "Corrosione E.G.O",
      "dlg": "Dev'essere qui… Oh, era di là?"
    },
    {
      "id": "battle_awaken_20805_1",
      "desc": "Attivazione E.G.O",
      "dlg": "A tutto l'equipaggio, via così verso le luci tremolanti.\nLe onde... squarceranno tutto sulla nostra strada."
    },
    {
      "id": "battle_erosion_20805_1",
      "desc": "Corrosione E.G.O",
      "dlg": "Al mare, al mare. A tutto l'equipaggio, abbandonate la nave e scendete. Affondiamo nelle profondità tremolanti."
    },
    {
      "id": "battle_erosion_20805_3",
      "desc": "Corrosione E.G.O",
      "dlg": "Al mare, al mare. A tutto l'equipaggio, abbandonate la nave e scendete. Affondiamo nelle profondità tremolanti."
    },
    {
      "id": "battle_awaken_20806_1",
      "desc": "Attivazione E.G.O",
      "dlg": "Molto bene. Calma, non muoverti. La carne sfregiata non è... gustosa."
    },
    {
      "id": "battle_erosion_20806_1",
      "desc": "Corrosione E.G.O",
      "dlg": "S-sospettavi qualcosa, vero...?\nLe carogne dai pensieri così cattivi devono...!"
    },
    {
      "id": "battle_awaken_20807_1",
      "desc": "Attivazione E.G.O",
      "dlg": "Come principale comanda, io... ti rimuoverò da qui."
    },
    {
      "id": "battle_erosion_20807_1",
      "desc": "Corrosione E.G.O",
      "dlg": "Questa pulizia non finisce mai... Tu! Smetti di lasciare il tuo schifo per tutta la tenuta!"
    },
    {
      "id": "battle_awaken_20808_1",
      "desc": "Attivazione E.G.O",
      "dlg": "Un mostro? Di cosa... Sarà stata un'allucinazione.\nAaah... Non ha visto nessuno, vero?"
    },
    {
      "id": "battle_erosion_20808_1",
      "desc": "Corrosione E.G.O",
      "dlg": "La curiosità è molto pericolosa, lo sai... se ne hai troppa, l'oscurità ti mangerà in un boccone!"
    }
  ]
}
