{
  "dataList": [
    {
      "id": "battle_awaken_20701_1",
      "desc": "Attivazione E.G.O",
      "dlg": "Metterò… anche te in questo sacco!"
    },
    {
      "id": "battle_awaken_20702_1",
      "desc": "Attivazione E.G.O",
      "dlg": "Bene, ti brucierò fino alle interiora!"
    },
    {
      "id": "battle_erosion_20702_1",
      "desc": "Corrosione E.G.O",
      "dlg": ""
    },
    {
      "id": "battle_awaken_20703_1",
      "desc": "Attivazione E.G.O",
      "dlg": "Kahahaha! Ti friggerò... fino al cuore!"
    },
    {
      "id": "battle_erosion_20703_1",
      "desc": "Corrosione E.G.O",
      "dlg": "Ora è il mio turno di tormentarti... Ti serve una scossa?!"
    },
    {
      "id": "battle_awaken_20704_1",
      "desc": "Attivazione E.G.O",
      "dlg": "Uno. Due. Il peso del tuo Karma ritorna con ogni scossa della terra."
    },
    {
      "id": "battle_erosion_20704_1",
      "desc": "Corrosione E.G.O",
      "dlg": "La ruota del samsara fa unn giro. E sei solo il niente. Poichè questa è l'esistenza. Questo sono io."
    },
    {
      "id": "battle_awaken_20705_1",
      "desc": "Attivazione E.G.O",
      "dlg": "Hah, sarai un bel regalo!"
    },
    {
      "id": "battle_erosion_20705_1",
      "desc": "Corrosione E.G.O",
      "dlg": "BAMBINI! GIOIOSI! MERITANO! REGALI!"
    },
    {
      "id": "battle_overdrive_20701_1-1",
      "desc": "Attivazione E.G.O Furiosa",
      "dlg": "Tu... e tutto quello che mi ha calpestato,\ncostruito questo muro tra me e Cathy..."
    },
    {
      "id": "battle_overdrive_20701_1-2",
      "desc": "Attivazione E.G.O Furiosa",
      "dlg": "Lo spingerò tutto in questo sacco... trascinerò in fondo all'inferno..."
    },
    {
      "id": "battle_overdrive_20701_1-3",
      "desc": "Attivazione E.G.O Furiosa",
      "dlg": "... e lo pesterò più forte che posso...!"
    },
    {
      "id": "battle_awaken_20706_1",
      "desc": "Attivazione E.G.O",
      "dlg": "Sono vincolato a regnare solo da questo trono solitario..."
    },
    {
      "id": "battle_erosion_20706_1",
      "desc": "Corrosione E.G.O",
      "dlg": "Questi nastri mi bendano e incatenano... Quando sarò libero?!!"
    },
    {
      "id": "battle_awaken_20701_2",
      "desc": "Attivazione E.G.O",
      "dlg": "Io... devo incontrare Catherine. E tutto quello che si mette in mezzo sarà..."
    },
    {
      "id": "battle_awaken_20701_3",
      "desc": "Attivazione E.G.O",
      "dlg": "Anche se il mondo ti ha dimenticata... Ti riavrò indietro."
    },
    {
      "id": "battle_awaken_20707_1",
      "desc": "Attivazione E.G.O",
      "dlg": "Scappate, se volete. I miei proiettili a rosa...\n...vi esploderanno il cervello come fuochi d'artificio ovunque andiate."
    },
    {
      "id": "battle_erosion_20707_1",
      "desc": "Corrosione E.G.O",
      "dlg": "Un solo proiettile non basta...\nGli spari e il fumo copriranno tutto quello che ricordo...!"
    },
    {
      "id": "battle_awaken_20708_1",
      "desc": "Attivazione E.G.O",
      "dlg": "Non sono squilibrato—Stavo solo pendendo da quel lato per sbatterli più forte tornando indietro!"
    },
    {
      "id": "battle_erosion_20708_1",
      "desc": "Corrosione E.G.O",
      "dlg": "Potevate aiutarmi... Prima che mi rompessi...!"
    }
  ]
}
