{
  "dataList": [
    {
      "id": "battle_awaken_20601_1",
      "desc": "Attivazione E.G.O",
      "dlg": "Visitiamo questo mondo di meraviglie."
    },
    {
      "id": "battle_awaken_20602_1",
      "desc": "Attivazione E.G.O",
      "dlg": "Ti legherò al punto giusto."
    },
    {
      "id": "battle_erosion_20602_1",
      "desc": "Corrosione E.G.O",
      "dlg": "Caviglia A Caviglia, clip… clop…"
    },
    {
      "id": "battle_awaken_20603_1",
      "desc": "Attivazione E.G.O",
      "dlg": "Balziamo verso il prossimo mondo… Urrà! Andiamo!"
    },
    {
      "id": "battle_erosion_20603_1",
      "desc": "Corrosione E.G.O",
      "dlg": "Niente dice… che debba trovarmi lì… Heheh."
    },
    {
      "id": "battle_awaken_20604_1",
      "desc": "Attivazione E.G.O",
      "dlg": "Tadaa~ Trasformazione completa! Hah, è una barcata!"
    },
    {
      "id": "battle_erosion_20604_1",
      "desc": "Corrosione E.G.O",
      "dlg": "I gabbiani... Continuano a gridare e stridere...!"
    },
    {
      "id": "battle_awaken_20605_1",
      "desc": "Attivazione E.G.O",
      "dlg": "Brucierà~ Non andrà via con quei i tagli."
    },
    {
      "id": "battle_erosion_20605_1",
      "desc": "Corrosione E.G.O",
      "dlg": "Contengo lo sporco... per trasformarlo in qualcosa di utile."
    },
    {
      "id": "battle_awaken_20606_1",
      "desc": "Attivazione E.G.O",
      "dlg": "Un cuore scosso dal dolore esplode... così."
    },
    {
      "id": "battle_erosion_20606_1",
      "desc": "Corrosione E.G.O",
      "dlg": "Piangi con me... Piangiamo fino ad esplodere."
    },
    {
      "id": "battle_awaken_20607_1",
      "desc": "Attivazione E.G.O",
      "dlg": "Corri seguendo la storia e voilà~ Eccoti qui!"
    },
    {
      "id": "battle_erosion_20607_1",
      "desc": "Corrosione E.G.O",
      "dlg": "Hahah! Ecco~! È questo che succede quando\nnon stai al tuo posto e scappi, latitante."
    }
  ]
}