{
  "dataList": [
    {
      "id": "battle_awaken_20401_1",
      "desc": "Attivazione E.G.O",
      "dlg": "BRUCIA.\n(Bellezza Richiede Univocamente Creato Intero Arda.)"
    },
    {
      "id": "battle_awaken_20402_1",
      "desc": "Attivazione E.G.O",
      "dlg": "Anche questo fuoco è un'estasi d'arte."
    },
    {
      "id": "battle_erosion_20402_1",
      "desc": "Corrosione E.G.O",
      "dlg": "Il fuoco devastante…"
    },
    {
      "id": "battle_awaken_20403_1",
      "desc": "Attivazione E.G.O",
      "dlg": "Ora, assaggiamo."
    },
    {
      "id": "battle_erosion_20403_1",
      "desc": "Corrosione E.G.O",
      "dlg": "Tempo diventiate nutrimento... Heh."
    },
    {
      "id": "battle_awaken_20404_1",
      "desc": "Attivazione E.G.O",
      "dlg": "Ti ho... sempre tenuto d'occhio."
    },
    {
      "id": "battle_erosion_20404_1",
      "desc": "Corrosione E.G.O",
      "dlg": "Sembra nessuno sia venuto a salvarti... Hehehe."
    },
    {
      "id": "battle_awaken_20405_1",
      "desc": "Attivazione E.G.O",
      "dlg": "Coraggio, aprite la bocca. Rilassatevi e tracannate questa bibita, heheh."
    },
    {
      "id": "battle_awaken_20405_2",
      "desc": "Attivazione E.G.O",
      "dlg": "Bene, allora. Tutti voi, aprite la bocca."
    },
    {
      "id": "battle_erosion_20405_1",
      "desc": "Corrosione E.G.O",
      "dlg": "Vi sta venendo sonno... vero?"
    },
    {
      "id": "battle_awaken_20406_1",
      "desc": "Attivazione E.G.O",
      "dlg": "Sono l'unica che si sposta in queste onde... Spezzati."
    },
    {
      "id": "battle_erosion_20406_1",
      "desc": "Corrosione E.G.O",
      "dlg": "Resta... Ti infilzerò con la luce fluorescente!"
    },
    {
      "id": "battle_awaken_20407_1",
      "desc": "Attivazione E.G.O",
      "dlg": "Disperdetevi. Ogni sguardo sarà attirato da questo squallore."
    },
    {
      "id": "battle_erosion_20407_1",
      "desc": "Corrosione E.G.O",
      "dlg": "Disprezzo...! Pulsa, erompi in bollente, pungente spregio!"
    },
    {
      "id": "battle_awaken_20408_1",
      "desc": "Attivazione E.G.O",
      "dlg": "RIsentimento, penitenza... tutto ciò, per niente.\nMi stavo solo sporgendo per aggrapparmi a qualcosa, qualunque cosa."
    },
    {
      "id": "battle_erosion_20408_1",
      "desc": "Corrosione E.G.O",
      "dlg": "Inspiro... espiro... ma fa ancora male..."
    }
  ]
}