{
  "dataList": [
    {
      "id": "battle_awaken_20201_1",
      "desc": "Attivazione E.G.O",
      "dlg": "Faust conosce ogni esito."
    },
    {
      "id": "battle_awaken_20202_1",
      "desc": "Attivazione E.G.O",
      "dlg": "Questa battaglia si concluderà in vittoria."
    },
    {
      "id": "battle_awaken_20203_1",
      "desc": "Attivazione E.G.O",
      "dlg": "Penetra… fino al profondo del cuore…"
    },
    {
      "id": "battle_erosion_20202_1",
      "desc": "Corrosione E.G.O",
      "dlg": "Anche dovessi espellere tutto…"
    },
    {
      "id": "battle_erosion_20203_1",
      "desc": "Corrosione E.G.O",
      "dlg": "Vieni qui… Ti abbraccerò forte…"
    },
    {
      "id": "battle_awaken_20204_1",
      "desc": "Attivazione E.G.O",
      "dlg": "Fulmine: Carica completa."
    },
    {
      "id": "battle_erosion_20204_1",
      "desc": "Corrosione E.G.O",
      "dlg": ""
    },
    {
      "id": "battle_awaken_20205_1",
      "desc": "Attivazione E.G.O",
      "dlg": "È stato scritto. Resta solo... da liberarti."
    },
    {
      "id": "battle_erosion_20205_1",
      "desc": "Corrosione E.G.O",
      "dlg": "Verità, la verità è davanti a me... Heheh, Eheheheh, heheh!!!"
    },
    {
      "id": "battle_awaken_20206_1",
      "desc": "Attivazione E.G.O",
      "dlg": "Come appare, la mia forma ai tuoi occhi?\nForse la risposta giace negli ingranaggi del tempo?"
    },
    {
      "id": "battle_erosion_20206_1",
      "desc": "Corrosione E.G.O",
      "dlg": "Così. Smetti di muoverti. In trappola nel tempo fermo. Per l'eternità."
    },
    {
      "id": "battle_awaken_20207_1",
      "desc": "Attivazione E.G.O",
      "dlg": "Segui la strada prestabilita della storia.\nÈ solo giusto che tu finisca al laccio."
    },
    {
      "id": "battle_erosion_20207_1",
      "desc": "Corrosione E.G.O",
      "dlg": "Come osi...! La mela, la mela...! Dove l'hai nascosta?!"
    },
    {
      "id": "battle_awaken_20208_1",
      "desc": "Attivazione E.G.O",
      "dlg": "Ricordi il momento in cui hai potuto respirare liberamente?\nPer me... quel momento è adesso."
    },
    {
      "id": "battle_erosion_20208_1",
      "desc": "Corrosione E.G.O",
      "dlg": "Fai un bel respiro... Perchè sarà l'ultimo."
    }
  ]
}