{
  "dataList": [
    {
      "id": "battle_awaken_21001_1",
      "desc": "Attivazione E.G.O",
      "dlg": "Se lo potessi abbattere con le mie mani…"
    },
    {
      "id": "battle_awaken_21002_1",
      "desc": "Attivazione E.G.O",
      "dlg": "Ti spappolerò…"
    },
    {
      "id": "battle_erosion_21002_1",
      "desc": "Corrosione E.G.O",
      "dlg": "Tu, sarai un'offerta viva."
    },
    {
      "id": "battle_awaken_21003_1",
      "desc": "Attivazione E.G.O",
      "dlg": "Questa è la d-definitiva…! Oooh, uaaahh…"
    },
    {
      "id": "battle_erosion_21003_1",
      "desc": "Corrosione E.G.O",
      "dlg": "Fiuu… Tutto… ribollito…"
    },
    {
      "id": "battle_awaken_21004_1",
      "desc": "Attivazione E.G.O",
      "dlg": "Vi abbatterò... con tutti gli alberi."
    },
    {
      "id": "battle_erosion_21004_1",
      "desc": "Corrosione E.G.O",
      "dlg": "Dovevi guardare dove metti i piedi nella foresta...!"
    },
    {
      "id": "battle_awaken_21005_1",
      "desc": "Attivazione E.G.O",
      "dlg": "La tua debolezza è scritta... Proprio qui!"
    },
    {
      "id": "battle_erosion_21005_1",
      "desc": "Corrosione E.G.O",
      "dlg": "Rovina, devastazione, rovina...! @#()*!%&#@&(!*)"
    },
    {
      "id": "battle_awaken_21006_1",
      "desc": "Attivazione E.G.O",
      "dlg": "Se solo potessi raccogliere tutta la tristezza, tutte le lacrime, e piangere per loro..."
    },
    {
      "id": "battle_erosion_21006_1",
      "desc": "Corrosione E.G.O",
      "dlg": ""
    },
    {
      "id": "battle_awaken_21007_1",
      "desc": "Attivazione E.G.O",
      "dlg": "Perchè non provi a infilzarti con questo.\nProva com'è quando qualcuno ti maledice..."
    },
    {
      "id": "battle_erosion_21007_1",
      "desc": "Corrosione E.G.O",
      "dlg": "Con quegli strappi, ti cucirò! Heheh... Vieni qui!"
    }
  ]
}