{
  "dataList": [
    {
      "id": "battle_awaken_20901_1",
      "desc": "Attivazione E.G.O",
      "dlg": "Non potevo cancellarlo…"
    },
    {
      "id": "battle_awaken_20902_1",
      "desc": "Attivazione E.G.O",
      "dlg": "Se le fiamme roventi possono sciogliere il cuore…"
    },
    {
      "id": "battle_awaken_20903_1",
      "desc": "Attivazione E.G.O",
      "dlg": "Beh, non posso tremare al freddo per sempre."
    },
    {
      "id": "battle_erosion_20902_1",
      "desc": "Corrosione E.G.O",
      "dlg": "In cenere… In polvere…"
    },
    {
      "id": "battle_erosion_20903_1",
      "desc": "Corrosione E.G.O",
      "dlg": "Congelati… e non sentirai niente."
    },
    {
      "id": "battle_awaken_20904_1",
      "desc": "Attivazione E.G.O",
      "dlg": "È appiccicosa... Non puoi schivare!"
    },
    {
      "id": "battle_erosion_20904_1",
      "desc": "Corrosione E.G.O",
      "dlg": "Mmh... Ach, bleh. Non vale la pena trasformarti in perla!"
    },
    {
      "id": "battle_awaken_20905_1",
      "desc": "Attivazione E.G.O",
      "dlg": "Ti decapiterò... come è scritto."
    },
    {
      "id": "battle_erosion_20905_1",
      "desc": "Corrosione E.G.O",
      "dlg": "Sarà tutto eseguito secondo le scritture."
    },
    {
      "id": "battle_awaken_20906_1",
      "desc": "Attivazione E.G.O",
      "dlg": "Devo essere l'unica a ballare questa stupenda danza...\nDopo che ti avrò staccato le caviglie...!"
    },
    {
      "id": "battle_erosion_20906_1",
      "desc": "Corrosione E.G.O",
      "dlg": "Ahahaha! La affilerò...\nPer un rosso più profondo, sanguigno...!"
    },
    {
      "id": "battle_awaken_20907_1",
      "desc": "Attivazione E.G.O",
      "dlg": "Ora, orsacchiotto~ Balla con me! Ta-da!"
    },
    {
      "id": "battle_erosion_20907_1",
      "desc": "Corrosione E.G.O",
      "dlg": "Ora, Rodyuccia. Colpisci con le tue mani. Fuhu, ta-da!"
    },
    {
      "id": "battle_awaken_20908_1",
      "desc": "E.G.O Activation",
      "dlg": "Hang them, burn them. Reduce their bones to cinders."
    },
    {
      "id": "battle_erosion_20908_1",
      "desc": "E.G.O Corrosion",
      "dlg": "Who will it be? Is it you, or... you? Which of you shall burn with more grace... I wonder?"
    }
  ]
}