{
  "dataList": [
    {
      "id": "battle_awaken_20101_1",
      "desc": "Attivazione E.G.O",
      "dlg": "Mi sapresti descrivere l’ideale?"
    },
    {
      "id": "battle_upgrade_20101_1",
      "desc": "Liberazione E.G.O",
      "dlg": "Rompi la gabbia,"
    },
    {
      "id": "battle_upgrade_20101_2",
      "desc": "Liberazione E.G.O",
      "dlg": "E liberati."
    },
    {
      "id": "battle_awaken_20102_1",
      "desc": "Attivazione E.G.O",
      "dlg": "Brucio ciò che voglio bruciare."
    },
    {
      "id": "battle_erosion_20102_1",
      "desc": "Corrosione E.G.O",
      "dlg": "Ridurrò… tutto in cenere."
    },
    {
      "id": "battle_awaken_20103_1",
      "desc": "Attivazione E.G.O",
      "dlg": "Se vuoi benedizioni—prega sinceramente."
    },
    {
      "id": "battle_erosion_20103_1",
      "desc": "E.G.O Corrosion",
      "dlg": "Dimmi il tuo desiderio… Tutta la verità…"
    },
    {
      "id": "battle_awaken_20104_1",
      "desc": "Attivazione E.G.O",
      "dlg": "Che colori affascinanti… Il percorso desidera impedire ogni tentativo di essere ricordato."
    },
    {
      "id": "battle_erosion_20104_1",
      "desc": "E.G.O Corrosion",
      "dlg": "Invero, il vicolo è aperto."
    },
    {
      "id": "battle_awaken_20105_1",
      "desc": "Attivazione E.G.O",
      "dlg": "Temo che questa pioggia scrosciante possa superare il mio ombrello."
    },
    {
      "id": "battle_erosion_20105_1",
      "desc": "E.G.O Corrosion",
      "dlg": "L’aria è così fredda... e le goccie diventano sempre più grandi."
    },
    {
      "id": "battle_awaken_20106_1",
      "desc": "Attivazione E.G.O",
      "dlg": "Questo è un suo ritratto. Guarderesti... da più vicino?"
    },
    {
      "id": "battle_erosion_20106_1",
      "desc": "E.G.O Corrosion",
      "dlg": "Vattene subito, intruso! Vattene da qui...!"
    },
    {
      "id": "battle_awaken_20107_1",
      "desc": "Attivazione E.G.O",
      "dlg": "Sentirò la canna di una pistola appoggiata sulle mie viscere.\nChe questo proiettile maledetto li trafigga...!"
    },
    {
      "id": "battle_erosion_20107_1",
      "desc": "E.G.O Corrosion",
      "dlg": "Non ci sono sia; frammenti di ricordi, o bisogno di cercarli... fuoco, fa fuoco!"
    },
    {
      "id": "battle_erosion_20107_2",
      "desc": "E.G.O Corrosion",
      "dlg": "Non ci sono sia; frammenti di ricordi, o bisogno di cercarli... fuoco, fa fuoco!"
    }
  ]
}