{
  "dataList": [
    {
      "id": "battle_awaken_20501_1",
      "desc": "Attivazione E.G.O",
      "dlg": "La massa stringe la sua presa…"
    },
    {
      "id": "battle_awaken_20502_1",
      "desc": "Attivazione E.G.O",
      "dlg": "Eliminazione del bersaglio secondo procedura."
    },
    {
      "id": "battle_erosion_20502_1",
      "desc": "Corrosione E.G.O",
      "dlg": "Gli ostacoli saranno soppressi."
    },
    {
      "id": "battle_awaken_20503_1",
      "desc": "Attivazione E.G.O",
      "dlg": "Pregherò per te, così che ti spezzi."
    },
    {
      "id": "battle_erosion_20503_1",
      "desc": "Corrosione E.G.O",
      "dlg": "Più di tutti, tu… non mi perdonerai."
    },
    {
      "id": "battle_awaken_20504_1",
      "desc": "Attivazione E.G.O",
      "dlg": "…Fermati. Non puoi fuggire."
    },
    {
      "id": "battle_erosion_20504_1",
      "desc": "Corrosione E.G.O",
      "dlg": "Ti incornerò personalmente."
    },
    {
      "id": "battle_awaken_20505_1",
      "desc": "Attivazione E.G.O",
      "dlg": "Questa camicia di forza... non sarà mai abbastanza per contenere la mia violenza."
    },
    {
      "id": "battle_erosion_20505_1",
      "desc": "Corrosione E.G.O",
      "dlg": "Testa... diventa... metallo... cervello... schiacciato... Finisce, Inizia. FINISCE, INIZIA!"
    },
    {
      "id": "battle_awaken_20506_1",
      "desc": "Attivazione E.G.O",
      "dlg": "Questa elettricitò è tutto quello che mi resta... Non posso...!"
    },
    {
      "id": "battle_erosion_20506_1",
      "desc": "Corrosione E.G.O",
      "dlg": ""
    },
    {
      "id": "battle_awaken_20507_1",
      "desc": "Attivazione E.G.O",
      "dlg": "Sboccia dal sangue, O Stupendo Fiore.\nTi terrò volentieri per me!"
    },
    {
      "id": "battle_erosion_20507_1",
      "desc": "Corrosione E.G.O",
      "dlg": "Di più, di più! Questo non placherà questa sete ardente...\nRompi le dighe...! Penetrali con le radici!!!"
    }
  ]
}